id,model,richness,connectance,complexity,distance,basal,top,S1,S2,S4,S5,time,extinction_mechanism,links
pre_traits,adbm,53,0.10466358134567462,0.8550855721977972,3.0,13.0,13.0,366.0,230.0,1255.0,1237.0,pre,Random,294
during_traits,adbm,53,0.16909932360270558,0.8624568302944038,5.0,3.0,1.0,3014.0,922.0,1524.0,1683.0,during,Random,475
pre_size,bodymassratio,53,0.0626557493770025,0.9274266018920005,4.0,8.0,5.0,463.0,94.0,220.0,238.0,pre,Random,176
during_size,bodymassratio,52,0.07877218934911243,0.9144740723582042,5.0,6.0,4.0,645.0,102.0,367.0,368.0,during,Random,213
pre_traits,niche,53,0.09896760412958348,0.889181236475837,2.0,11.0,3.0,400.0,80.0,433.0,642.0,pre,Random,278
during_traits,niche,52,0.10170118343195267,0.8853287074963485,3.0,9.0,0.0,371.0,77.0,471.0,579.0,during,Random,275
pre_traits,pfim,53,0.04770380918476326,0.765953431387572,3.0,50.0,0.0,0.0,0.0,0.0,0.0,pre,Random,134
during_traits,pfim,53,0.13634745461018155,0.8865158534969125,2.0,42.0,0.0,22.0,57.0,0.0,1729.0,during,Random,383
