model,time,n_rep,richness,connectance,diameter,complexity,trophic_level,distance,generality,vulnerability,redundancy,NDTI,NDCI
adbm,G1,1,47,0.3123585332729742,1,0.7713722031301422,3.845020912452162,2.0,0.806222263432774,0.9063468023257121,13.702127659574469,-1.0,0.10014137606032045
bodymassratio,G1,1,47,0.17564508827523767,5,0.8538090074539714,7.167863882024709,4.0,0.6106362960544833,0.6240705612310973,7.276595744680851,0.6924242424242424,0.008130081300813009
lmatrix,G1,1,47,0.23268447261204164,2,0.7821626117606238,2.886132220242694,3.0,1.1291814452854245,0.8980306629279774,9.957446808510639,-0.8877731836975783,-0.16878355375147308
niche,G1,1,47,0.18560434585785424,3,0.8386347313245087,5.012010985152336,2.0,0.9006347501685021,0.4966405517819323,7.74468085106383,0.13708046906591184,-0.4044843049327354
pfim_metaweb,G1,1,47,0.11815301041195111,4,0.8315850490246237,2.6510787329285788,3.0,1.7514742960613416,0.5464685034798675,4.574468085106383,-0.42614601018675724,-0.7494543867306853
pfim_downsample,G1,1,47,0.06835672249886826,4,0.9383302694412601,2.6586924979782123,3.0,1.7582723164829683,0.6086123576575732,2.234042553191489,0.16,-0.637400228050171
random,G1,1,47,0.17926663648709823,3,0.935478613718771,0.6549135248576664,1.0,0.3147413169441548,0.24839898488290313,7.446808510638298,0.6630434782608695,-0.02973168963016679
adbm,G2,1,20,0.3075,1,0.7788137338820909,3.6202614379084963,2.0,0.9558329255726085,0.8428828628184628,5.2,-1.0,-0.11793214862681745
bodymassratio,G2,1,20,0.145,4,0.8983029654687519,5.435833333333333,4.0,0.5353748190598895,0.865871829954645,1.95,0.7777777777777778,0.23270440251572327
lmatrix,G2,1,20,0.2425,2,0.8180337710692387,3.0277777777777777,3.0,0.9654171962765427,1.0476666055088826,3.9,-0.7902097902097902,0.0647985989492119
niche,G2,1,19,0.17174515235457063,3,0.8818794275414772,3.4794444444444443,2.0,1.275213964622062,0.5854046274759656,2.3157894736842106,-0.12380952380952381,-0.6432432432432432
pfim_metaweb,G2,1,20,0.175,3,0.7922802242263642,3.4594696969696974,2.0,1.4846149779161804,0.5676567244564473,2.55,-0.0963855421686747,-1.0
pfim_downsample,G2,1,20,0.125,3,0.9197752874917988,3.556481481481481,2.0,1.5546196014662745,0.6155870112510925,1.55,0.1568627450980392,-0.8813559322033898
random,G2,1,20,0.1425,6,0.9264588197342273,23.13201475691287,1.0,0.5723199956165382,0.5250831981107371,1.9,0.8390804597701149,0.0
adbm,G3,1,28,0.274234693877551,1,0.788706407561791,3.6912309053175942,2.0,1.0580461099683043,0.8595301855638574,6.714285714285714,-1.0,-0.1762652705061082
bodymassratio,G3,1,28,0.16071428571428573,4,0.8605043285329895,5.531316358024691,4.0,0.5721792704324181,0.9001346238794166,3.5357142857142856,0.7228144989339019,0.21221864951768488
lmatrix,G3,1,28,0.20535714285714285,2,0.7896041221587108,2.91610472860473,3.0,1.0452213031883733,1.2202634625991424,4.785714285714286,-0.8235294117647058,0.11935266351989211
niche,G3,1,28,0.25,5,0.8383671095807719,5.888740677630378,2.0,0.9743497938554162,0.6305404465409907,6.035714285714286,-0.42771084337349397,-0.4044795783926219
pfim_metaweb,G3,1,28,0.13010204081632654,3,0.790610335850184,3.112728937728937,2.0,1.6892443153121253,0.7096245515367301,2.6785714285714284,-0.21033210332103322,-0.9037433155080213
pfim_downsample,G3,1,28,0.08035714285714286,3,0.9286825238890335,3.140729483282674,2.0,1.7133382972178337,0.7517697455623866,1.2857142857142858,0.3644859813084112,-0.7011494252873564
random,G3,1,28,0.20918367346938777,4,0.908272456206195,0.7726734532806957,1.0,0.3795392712049212,0.38237320378227146,4.892857142857143,0.6043478260869565,-0.07065217391304347
adbm,G4,1,44,0.3274793388429752,1,0.7641065044306288,3.8003736455478783,2.0,0.7627931186171735,0.8915700415764444,13.431818181818182,-1.0,0.13498935415188076
bodymassratio,G4,1,44,0.15702479338842976,5,0.8625720246524204,7.3006440996784905,4.0,0.5888083104357381,0.6334504096640677,5.931818181818182,0.7223677317967522,0.02753195673549656
lmatrix,G4,1,44,0.25671487603305787,2,0.7665806724481081,2.813479048773166,3.0,1.071357446843723,0.8323770227486159,10.318181818181818,-0.9076745527986151,-0.18192419825072886
niche,G4,1,43,0.11844240129799892,3,0.878626067309169,3.959006182962545,2.0,1.1849297262816232,0.5365461036657723,4.116279069767442,0.4297635605006954,-0.43453815261044176
pfim_metaweb,G4,1,44,0.1368801652892562,3,0.8504460455213982,3.1108560831960643,3.0,1.4653071707061418,0.5932664067256673,5.045454545454546,-0.19746835443037974,-0.6612149532710281
pfim_downsample,G4,1,44,0.08677685950413223,4,0.9397263838949875,3.0972530071181144,4.0,1.4436816243165906,0.6545126878979634,2.840909090909091,0.23510971786833856,-0.505800464037123
random,G4,1,44,0.11466942148760331,5,0.9306146132111331,1.1709013840243505,1.0,0.4758956122592912,0.43371379400422655,4.068181818181818,0.7256011315417256,-0.034055727554179564
adbm,G1,2,47,0.3055681303757356,1,0.7812789876096246,4.0802079685568025,2.0,0.7728337303147633,0.9525499673661314,13.382978723404255,-1.0,0.16263128800442234
bodymassratio,G1,2,47,0.1706654594839294,5,0.8530049224045364,6.951240617412207,1.0,0.5873350757523312,0.541229938227673,7.042553191489362,0.6932695844060316,-0.02792890823358723
lmatrix,G1,2,47,0.23404255319148937,2,0.7969447028140457,3.0466868597269725,3.0,1.1425523180567907,0.8565865792391698,10.02127659574468,-0.9480701754385965,-0.19717437104969637
niche,G1,2,47,0.10955183340878226,4,0.8845356812304782,5.145487721603793,2.0,1.0356198916303077,0.6286485578870975,4.170212765957447,0.29411764705882354,-0.32153846153846155
pfim_metaweb,G1,2,47,0.11815301041195111,4,0.8315850490246237,2.6510787329285788,3.0,1.7514742960613416,0.5464685034798675,4.574468085106383,-0.42614601018675724,-0.7494543867306853
pfim_downsample,G1,2,47,0.06835672249886826,3,0.935796594211617,2.87866512345679,3.0,1.81369711331527,0.6290329824018719,2.234042553191489,0.21774193548387097,-0.6848203939745076
random,G1,2,47,0.10593028519692169,5,0.9384529205073477,1.2087101087520198,1.0,0.384963094819136,0.3961902537511316,4.0,0.7716262975778547,-0.008426966292134831
adbm,G2,2,20,0.3175,1,0.7991567218889795,3.048130511463844,2.0,0.9411100292556913,0.7565872737122548,5.4,-1.0,-0.19292604501607716
bodymassratio,G2,2,20,0.1825,4,0.903856804202869,5.579066666666667,1.0,0.5127484603538306,0.5641091023177477,2.7,0.6694915254237288,0.037037037037037035
lmatrix,G2,2,20,0.235,1,0.7906032624266952,2.7230769230769227,2.0,0.8734458895653026,1.147026740668595,3.75,-1.0,0.1939799331103679
niche,G2,2,20,0.1425,5,0.9153430497280488,6.0,2.0,1.007174856849438,0.6950277798156409,1.9,0.09523809523809523,-0.3894736842105263
pfim_metaweb,G2,2,20,0.175,3,0.7922802242263642,3.4594696969696974,2.0,1.4846149779161804,0.5676567244564473,2.55,-0.0963855421686747,-1.0
pfim_downsample,G2,2,20,0.125,3,0.9045393508822716,3.5920781893004117,3.0,1.5050791201444318,0.6928203230275509,1.55,0.1276595744680851,-0.7345132743362832
random,G2,2,20,0.1475,6,0.9143151509510176,12.83197425785602,3.0,0.5213940028951315,0.49765473043687414,2.0,0.6833333333333333,0.08045977011494253
adbm,G3,2,28,0.3010204081632653,1,0.7887798246528448,3.206464532394155,2.0,0.9203896753550045,0.8323448444849392,7.464285714285714,-1.0,-0.08380520951302378
bodymassratio,G3,2,28,0.1913265306122449,4,0.8656292735713808,5.633958297610883,4.0,0.5357722014549204,0.5405682119488228,4.392857142857143,0.6934523809523809,0.002976190476190476
lmatrix,G3,2,28,0.21173469387755103,1,0.8025007474931954,2.7928571428571436,2.0,0.9802378398061399,1.1485382074057195,4.964285714285714,-1.0,0.11228533685601057
niche,G3,2,28,0.1875,3,0.884087431856302,5.693137852390866,3.0,0.9939769905946151,0.45379432047389556,4.285714285714286,0.14903846153846154,-0.4634146341463415
pfim_metaweb,G3,2,28,0.13010204081632654,3,0.790610335850184,3.112728937728937,2.0,1.6892443153121253,0.7096245515367301,2.6785714285714284,-0.21033210332103322,-0.9037433155080213
pfim_downsample,G3,2,28,0.08035714285714286,3,0.9220757417311266,3.300698631447986,2.0,1.7762338975232295,0.8080527492322751,1.2857142857142858,0.19540229885057472,-0.6908212560386473
random,G3,2,28,0.15306122448979592,5,0.9177558276079842,0.8617702298081565,1.0,0.42532969540609167,0.4617019864369607,3.3214285714285716,0.6813559322033899,0.04838709677419355
adbm,G4,2,44,0.3119834710743802,1,0.7822120955624304,4.075031507832452,2.0,0.7627984430139081,0.9446534188196027,12.75,-1.0,0.18121578795736099
bodymassratio,G4,2,44,0.17355371900826447,5,0.8428543205580997,6.745574335552015,1.0,0.6194521210170792,0.588416055714117,6.659090909090909,0.6805054151624549,-0.01928600738613049
lmatrix,G4,2,44,0.2350206611570248,2,0.7979832554407827,3.052907394991069,3.0,1.1843582336664737,0.8308119579524136,9.363636363636363,-0.9507389162561576,-0.2604133545310016
niche,G4,2,43,0.1752298539751217,4,0.8631767967854544,6.857397094149811,2.0,0.9646013474500222,0.4337861777763838,6.558139534883721,0.11713791113675708,-0.5956204379562043
pfim_metaweb,G4,2,44,0.1368801652892562,3,0.8504460455213982,3.1108560831960643,3.0,1.4653071707061418,0.5932664067256673,5.045454545454546,-0.19746835443037974,-0.6612149532710281
pfim_downsample,G4,2,44,0.08677685950413223,4,0.9268555834299218,2.8222261669953967,3.0,1.5928768826153465,0.6807947683683114,2.840909090909091,0.06329113924050633,-0.5416666666666666
random,G4,2,44,0.16890495867768596,3,0.9294097958127847,0.5922202755376592,1.0,0.28931697862562983,0.3170908600404756,6.454545454545454,0.6440554339897885,0.016697588126159554
adbm,G1,3,47,0.2951561792666365,1,0.7709215807338876,3.7033114894558983,2.0,0.8327764616695624,0.9625226303936625,12.893617021276595,-1.0,0.11890208741782955
bodymassratio,G1,3,47,0.17111815301041194,5,0.853351954949917,7.280643795830548,1.0,0.6232898749196948,0.5985334235871309,7.0638297872340425,0.7334360554699538,-0.014605647517039922
lmatrix,G1,3,47,0.2272521502942508,1,0.788187058832022,2.9466898318663026,2.0,1.162862964772874,0.9229524397872406,9.702127659574469,-1.0,-0.17453143692675793
niche,G1,3,42,0.06462585034013606,3,0.9166003559679485,4.016666666666667,2.0,1.2873171036368067,0.9323441371955029,1.7380952380952381,0.3979591836734694,-0.26905829596412556
pfim_metaweb,G1,3,47,0.11815301041195111,4,0.8315850490246237,2.6510787329285788,3.0,1.7514742960613416,0.5464685034798675,4.574468085106383,-0.42614601018675724,-0.7494543867306853
pfim_downsample,G1,3,47,0.06835672249886826,5,0.9411959842658405,2.5280393232738914,3.0,1.8218076074090102,0.5427601023710723,2.234042553191489,0.07407407407407407,-0.7372421281216069
random,G1,3,47,0.05432322317790855,9,0.9535270016339297,59.62738391377953,1.0,0.5343400824114709,0.6101026483682019,1.574468085106383,0.9336099585062241,0.058823529411764705
adbm,G2,3,20,0.2875,1,0.7865900061515706,2.910579616461969,2.0,0.9868300002573994,0.8517628485991309,4.8,-1.0,-0.12580645161290321
bodymassratio,G2,3,20,0.185,4,0.8851982678124067,5.429705215419501,1.0,0.5756720026061706,0.6329294954899772,2.75,0.6877637130801688,0.04072398190045249
lmatrix,G2,3,20,0.215,1,0.8030908883412152,2.7142857142857135,2.0,0.9457096798457671,1.219195013359708,3.35,-1.0,0.1925925925925926
niche,G2,3,20,0.235,3,0.8834455184006382,5.487539785879629,1.0,0.7689998058755972,0.4837055667100134,3.75,0.009404388714733543,-0.6307692307692307
pfim_metaweb,G2,3,20,0.175,3,0.7922802242263642,3.4594696969696974,2.0,1.4846149779161804,0.5676567244564473,2.55,-0.0963855421686747,-1.0
pfim_downsample,G2,3,20,0.125,3,0.9216908982529001,3.413815789473684,2.0,1.5217718205053643,0.6553424175273003,1.55,0.2676056338028169,-0.6695652173913044
random,G2,3,20,0.245,4,0.9113603780072501,0.7817240498251401,1.0,0.4022122563255834,0.3369705908089373,3.95,0.5647668393782384,-0.11564625850340136
adbm,G3,3,28,0.274234693877551,1,0.7862933008422196,2.9683187134502913,2.0,1.0044421896420883,0.8790410560915648,6.714285714285714,-1.0,-0.10597519729425028
bodymassratio,G3,3,28,0.18239795918367346,3,0.8703675039979805,5.256000342935528,1.0,0.6084050048092386,0.6357955745580659,4.142857142857143,0.7018425460636516,0.017595307917888565
lmatrix,G3,3,28,0.20280612244897958,1,0.7939792474059958,2.7071428571428577,2.0,0.9634152082338295,1.2369399132756635,4.714285714285714,-1.0,0.17726657645466848
niche,G3,3,28,0.19387755102040816,3,0.8614888035146825,4.947368421052631,2.0,0.8602754610488045,0.7757745825523262,4.464285714285714,-0.05803571428571429,-0.08561020036429873
pfim_metaweb,G3,3,28,0.13010204081632654,3,0.790610335850184,3.112728937728937,2.0,1.6892443153121253,0.7096245515367301,2.6785714285714284,-0.21033210332103322,-0.9037433155080213
pfim_downsample,G3,3,28,0.08035714285714286,3,0.938597240099311,3.349479166666667,3.0,1.6568986735612463,0.76143920716589,1.2857142857142858,0.375,-0.6307692307692307
random,G3,3,28,0.22448979591836735,4,0.9239662737044154,0.8432764508380095,1.0,0.3087837650026823,0.3377802546910296,5.321428571428571,0.5753715498938429,0.014084507042253521
adbm,G4,3,44,0.3202479338842975,1,0.7712452391312912,3.7034588583733874,2.0,0.7791911713402347,0.8903182317212245,13.113636363636363,-1.0,0.10978652619905739
bodymassratio,G4,3,44,0.16890495867768596,5,0.8606189462100301,6.966473241929455,4.0,0.5314540874269178,0.5145474056611552,6.454545454545454,0.7336981304149567,-0.009681881051175657
lmatrix,G4,3,44,0.24793388429752067,1,0.7927918919163649,2.9227734153949623,2.0,1.0667787005117946,0.879417604439106,9.931818181818182,-1.0,-0.13877733154841587
niche,G4,3,44,0.07954545454545454,5,0.9037013838792932,3.727261770150115,2.0,1.3464784704836659,0.345834250622541,2.522727272727273,0.5862068965517241,-0.6661045531197302
pfim_metaweb,G4,3,44,0.1368801652892562,3,0.8504460455213982,3.1108560831960643,3.0,1.4653071707061418,0.5932664067256673,5.045454545454546,-0.19746835443037974,-0.6612149532710281
pfim_downsample,G4,3,44,0.08677685950413223,4,0.9310135880623329,3.1444798119780173,3.0,1.4850766726755724,0.7770843896969281,2.840909090909091,0.13612565445026178,-0.49455337690631807
random,G4,3,44,0.06508264462809918,9,0.9400962269521024,3.2441069287054853,1.0,0.4856932949524465,0.5513259868965488,1.8863636363636365,0.8970588235294118,0.022058823529411766
adbm,G1,4,47,0.2870076957899502,1,0.7803823318200463,3.847943400819107,2.0,0.8614627092940029,0.9327116639511844,12.51063829787234,-1.0,0.061038220193953226
bodymassratio,G1,4,47,0.19148936170212766,4,0.8325660036614734,5.365558024187042,4.0,0.6001431212376489,0.5750212953185125,8.02127659574468,0.7005913476501712,-0.014828794823402535
lmatrix,G1,4,47,0.20416478044363964,1,0.8045195217141681,3.0221486527548778,2.0,1.1597854987879532,1.0170559504593266,8.617021276595745,-1.0,-0.09341283361726292
niche,G1,4,47,0.19420552286102308,5,0.8483909391577112,8.210167224288625,2.0,1.023823790662453,0.49028277889791505,8.148936170212766,-0.07159569489939167,-0.6270033997085964
pfim_metaweb,G1,4,47,0.11815301041195111,4,0.8315850490246237,2.6510787329285788,3.0,1.7514742960613416,0.5464685034798675,4.574468085106383,-0.42614601018675724,-0.7494543867306853
pfim_downsample,G1,4,47,0.06835672249886826,4,0.9397450477654447,2.45451309021557,3.0,1.704752945297519,0.6711495538033803,2.234042553191489,0.1717171717171717,-0.5864485981308412
random,G1,4,47,0.19918515165233136,3,0.9294254222300061,0.49089380421337836,1.0,0.3008320298254202,0.25241022852469325,8.382978723404255,0.5980284775465499,-0.029619181946403384
adbm,G2,4,20,0.29,1,0.8037805883801217,3.5359648067981397,2.0,1.0124699688198475,0.8327124958575102,4.85,-1.0,-0.18027210884353742
bodymassratio,G2,4,20,0.17,4,0.8815253317876981,4.882604166666667,4.0,0.7416137095486393,0.7949485390568874,2.45,0.5934065934065934,0.0410958904109589
lmatrix,G2,4,20,0.225,1,0.8066376920151134,3.092794486215538,2.0,0.965957258009636,1.2053594849584115,3.55,-1.0,0.18181818181818182
niche,G2,4,20,0.235,2,0.840501137780497,5.187789351851851,2.0,0.928965455399849,0.8286522803618093,3.75,-0.4049586776859504,-0.2534562211981567
pfim_metaweb,G2,4,20,0.175,3,0.7922802242263642,3.4594696969696974,2.0,1.4846149779161804,0.5676567244564473,2.55,-0.0963855421686747,-1.0
pfim_downsample,G2,4,20,0.125,3,0.9194264228976956,3.4700460829493087,2.0,1.4711255984163247,0.6805570473787205,1.55,0.29545454545454547,-0.72
random,G2,4,20,0.17,6,0.9256548483962166,1.0031300755467683,1.0,0.4414343931303424,0.3980465869876203,2.45,0.6644295302013423,-0.047619047619047616
adbm,G3,4,28,0.28188775510204084,1,0.7971878842520556,3.554995098039216,2.0,1.0254354627941198,0.8140642852817596,6.928571428571429,-1.0,-0.18934568616097278
bodymassratio,G3,4,28,0.18239795918367346,4,0.866996095321234,5.326420263238445,5.0,0.6380250461568981,0.7196067596008665,4.142857142857143,0.599320882852292,0.05760709010339734
lmatrix,G3,4,28,0.22066326530612246,1,0.800130358430554,3.0174830313719205,2.0,0.9550337564491092,1.180384416473615,5.214285714285714,-1.0,0.15776081424936386
niche,G3,4,26,0.17307692307692307,3,0.8760790949295088,5.019965057526033,2.0,0.9802997777827902,0.6569664666264216,3.5384615384615383,0.29411764705882354,-0.29891304347826086
pfim_metaweb,G3,4,28,0.13010204081632654,3,0.790610335850184,3.112728937728937,2.0,1.6892443153121253,0.7096245515367301,2.6785714285714284,-0.21033210332103322,-0.9037433155080213
pfim_downsample,G3,4,28,0.08035714285714286,3,0.9322813608027006,3.3710063335679092,2.0,1.6918535815432985,0.7709874072096787,1.2857142857142858,0.3392857142857143,-0.7177914110429447
random,G3,4,28,0.2002551020408163,4,0.9195111223446558,0.6735456866545816,1.0,0.3893405268677738,0.4070900350043181,4.642857142857143,0.581151832460733,0.013422818791946308
adbm,G4,4,44,0.30888429752066116,1,0.7719808464887057,3.8534114937641717,2.0,0.8520764216461553,0.8562036972450047,12.613636363636363,-1.0,0.0037253858435337944
bodymassratio,G4,4,44,0.1797520661157025,5,0.8419357618342755,7.130791806060218,4.0,0.5567080868587143,0.5526867215565728,6.931818181818182,0.6390395042602633,-0.0026086956521739132
lmatrix,G4,4,44,0.2381198347107438,1,0.7888537559723511,3.0512574866196975,2.0,1.037303057589489,0.9480972263556036,9.5,-1.0,-0.06109324758842444
niche,G4,4,44,0.25413223140495866,4,0.8336095253570645,7.316878768653399,2.0,0.8495711055751375,0.640923974134555,10.204545454545455,-0.24298015724447772,-0.4976928147659855
pfim_metaweb,G4,4,44,0.1368801652892562,3,0.8504460455213982,3.1108560831960643,3.0,1.4653071707061418,0.5932664067256673,5.045454545454546,-0.19746835443037974,-0.6612149532710281
pfim_downsample,G4,4,44,0.08677685950413223,4,0.9332521006961881,3.2748029868139548,3.0,1.448094722804488,0.6901037678947127,2.840909090909091,0.18134715025906736,-0.5372945638432364
random,G4,4,44,0.24380165289256198,3,0.9266734026076165,0.5754789835329873,1.0,0.2616384290021535,0.2561744618745671,9.75,0.5354166666666667,-0.02584493041749503
adbm,G1,5,47,0.2901765504753282,1,0.7763848776525417,3.59139838958566,2.0,0.8565087904229259,0.9666429801780423,12.659574468085106,-1.0,0.1030841233649346
bodymassratio,G1,5,47,0.18062471706654595,5,0.8527016155689356,7.294215438554993,4.0,0.6183892694604091,0.6716991209664758,7.51063829787234,0.6483918128654971,0.03345070422535211
lmatrix,G1,5,47,0.2177455862381168,1,0.7918652393856082,3.0109487338765435,2.0,1.2114253070518408,0.9533071482667239,9.25531914893617,-1.0,-0.18642659279778392
niche,G1,5,47,0.09280217292892712,5,0.8945276302161889,5.9139052493676125,2.0,1.285810580238338,0.4694356853280225,3.382978723404255,0.47088186356073214,-0.5320754716981132
pfim_metaweb,G1,5,47,0.11815301041195111,4,0.8315850490246237,2.6510787329285788,3.0,1.7514742960613416,0.5464685034798675,4.574468085106383,-0.42614601018675724,-0.7494543867306853
pfim_downsample,G1,5,47,0.06835672249886826,4,0.9322509315669462,2.4754592422502864,3.0,1.7961941685709906,0.615494515744972,2.234042553191489,0.07246376811594203,-0.67497034400949
random,G1,5,47,0.0869171570846537,7,0.935787140889658,1.332635886859618,1.0,0.4701180218665263,0.5150745946106108,3.106382978723404,0.7971473851030111,0.020689655172413793
adbm,G2,5,20,0.2875,1,0.8085890966227708,2.9419006919006914,2.0,1.012311046251472,0.8290324460102015,4.8,-1.0,-0.17905405405405406
bodymassratio,G2,5,20,0.19,3,0.8790454815324896,4.757142857142856,1.0,0.6862318321265946,0.7071583252170265,2.85,0.6886792452830188,0.014285714285714285
lmatrix,G2,5,20,0.2,1,0.8256621059995645,2.9166666666666656,2.0,0.8191780219091253,1.404878717372541,3.05,-1.0,0.41596638655462187
niche,G2,5,20,0.0875,4,0.9350180024336482,4.0,3.0,1.1997135354459063,0.6388765649999398,0.8,0.5428571428571428,-0.4074074074074074
pfim_metaweb,G2,5,20,0.175,3,0.7922802242263642,3.4594696969696974,2.0,1.4846149779161804,0.5676567244564473,2.55,-0.0963855421686747,-1.0
pfim_downsample,G2,5,20,0.125,3,0.8970384793518649,3.260634028892456,3.0,1.5761378513048248,0.7167176644441768,1.55,0.08860759493670886,-0.7297297297297297
random,G2,5,20,0.1275,7,0.9314496625839318,6.67172306622863,2.0,0.6669094440478631,0.5614831789520138,1.6,0.7647058823529411,-0.08641975308641975
adbm,G3,5,28,0.27933673469387754,1,0.7911983514449649,2.9588813730620456,2.0,0.9995122162874002,0.8416758178573058,6.857142857142857,-1.0,-0.1382488479262673
bodymassratio,G3,5,28,0.2066326530612245,4,0.8436339408278294,4.996560846560847,4.0,0.5882135105425323,0.6558075098555182,4.821428571428571,0.6167832167832168,0.04460093896713615
lmatrix,G3,5,28,0.19005102040816327,1,0.8078251919516617,2.936111111111112,2.0,0.9106913331251185,1.349354966151445,4.357142857142857,-1.0,0.28560663149962323
niche,G3,5,26,0.060650887573964495,3,0.9382172099853114,3.75,2.0,1.1785309319845023,0.8056020394984247,0.6153846153846154,0.6,-0.375
pfim_metaweb,G3,5,28,0.13010204081632654,3,0.790610335850184,3.112728937728937,2.0,1.6892443153121253,0.7096245515367301,2.6785714285714284,-0.21033210332103322,-0.9037433155080213
pfim_downsample,G3,5,28,0.08035714285714286,3,0.9345651779286132,2.7114197530864197,2.0,1.7133382972178337,0.825961910305073,1.2857142857142858,0.20454545454545456,-0.5862068965517241
random,G3,5,25,0.0784,7,0.9587435351190934,3.1480775574295343,1.0,0.5794804434490075,0.7579006787468432,1.0,0.8651685393258427,0.14285714285714285
adbm,G4,5,44,0.31921487603305787,1,0.7789945735423899,3.555253523663531,2.0,0.8006559677997315,0.8792505923829013,13.068181818181818,-1.0,0.07836551917156451
bodymassratio,G4,5,44,0.17355371900826447,5,0.858604474875085,7.247450689558343,1.0,0.5238787329693435,0.5753945978241272,6.659090909090909,0.7095217200526547,0.030511388053287496
lmatrix,G4,5,44,0.246900826446281,1,0.7865524629698953,3.0020538870073454,2.0,1.0832733644531103,0.8792447219974612,9.886363636363637,-1.0,-0.15269011121130147
niche,G4,5,44,0.1012396694214876,4,0.8978730793751473,3.7857142857142856,2.0,1.1296871509818969,0.8064422956512988,3.477272727272727,0.3799126637554585,-0.21160409556313994
pfim_metaweb,G4,5,44,0.1368801652892562,3,0.8504460455213982,3.1108560831960643,3.0,1.4653071707061418,0.5932664067256673,5.045454545454546,-0.19746835443037974,-0.6612149532710281
pfim_downsample,G4,5,44,0.08677685950413223,3,0.931133779984343,3.468697047754065,3.0,1.504287321603431,0.6617840501160702,2.840909090909091,0.3485714285714286,-0.5236994219653179
random,G4,5,44,0.11208677685950413,6,0.9311941302053839,1.0845401344944845,1.0,0.5088378394864526,0.49550995141898374,3.9545454545454546,0.7215189873417721,-0.0014184397163120568
adbm,G1,6,47,0.2838388411045722,1,0.7886680005815396,3.7057820356608002,2.0,0.8616909107737354,0.9632958578509055,12.361702127659575,-1.0,0.08869931050601847
bodymassratio,G1,6,47,0.18877320054323224,5,0.8438772341669443,6.933113157521281,4.0,0.6242842944478105,0.5589321873157065,7.8936170212765955,0.6451612903225806,-0.04027617951668585
lmatrix,G1,6,47,0.2100497962879131,1,0.807930508326454,3.0644928561786355,2.0,1.1741904813635824,0.9970884394759508,8.893617021276595,-1.0,-0.12062692415337252
niche,G1,6,47,0.16840199185151652,4,0.850379032703347,5.0892857142857135,2.0,1.0273804684798762,0.44226690934602464,6.9361702127659575,0.1340308918784255,-0.5192825112107623
pfim_metaweb,G1,6,47,0.11815301041195111,4,0.8315850490246237,2.6510787329285788,3.0,1.7514742960613416,0.5464685034798675,4.574468085106383,-0.42614601018675724,-0.7494543867306853
pfim_downsample,G1,6,47,0.06835672249886826,3,0.9351332597541204,2.666319444444444,3.0,1.8932391857607762,0.6323723123751607,2.234042553191489,0.14136125654450263,-0.6853448275862069
random,G1,6,47,0.16885468537799908,4,0.9316428018568604,0.8496531811713731,1.0,0.31353540671613733,0.354848187287883,6.957446808510638,0.6572858036272671,0.033657442034405384
adbm,G2,6,20,0.3075,1,0.7942479936171194,3.414943389943389,2.0,0.9601905179172004,0.7935629228793082,5.2,-1.0,-0.1643192488262911
bodymassratio,G2,6,20,0.1475,5,0.8980230934780193,6.866666666666666,1.0,0.59709452401261,0.9034156881819384,2.0,0.6931818181818182,0.24050632911392406
lmatrix,G2,6,20,0.2625,1,0.8015144867324581,3.2777220829852407,2.0,0.8736915438029909,1.0878578847532152,4.3,-1.0,0.1870748299319728
niche,G2,6,18,0.1111111111111111,3,0.8896434182989356,2.8472222222222223,2.0,1.3394467690277294,0.7859052479933758,1.0555555555555556,0.24324324324324326,-0.4444444444444444
pfim_metaweb,G2,6,20,0.175,3,0.7922802242263642,3.4594696969696974,2.0,1.4846149779161804,0.5676567244564473,2.55,-0.0963855421686747,-1.0
pfim_downsample,G2,6,20,0.125,3,0.9160604270282119,3.5394345238095233,3.0,1.465390194130093,0.642364054837573,1.55,0.23529411764705882,-0.7938144329896907
random,G2,6,18,0.12037037037037036,9,0.9425649240115131,894.7867867867968,1.0,0.5309757615097181,0.6945664509755312,1.2222222222222223,0.639344262295082,0.2
adbm,G3,6,28,0.2895408163265306,1,0.7935548351062666,3.5524148837570304,2.0,0.9479531439509071,0.8508392813935624,7.142857142857143,-1.0,-0.08493150684931507
bodymassratio,G3,6,28,0.18112244897959184,5,0.8714576067235468,6.82933795946362,5.0,0.6069970463434361,0.7077636722997682,4.107142857142857,0.6506955177743431,0.07033639143730887
lmatrix,G3,6,28,0.22576530612244897,1,0.8140819365419203,3.3321147987814648,2.0,0.9704488172238576,1.1448380120823063,5.357142857142857,-1.0,0.1320504313205043
niche,G3,6,28,0.11989795918367346,3,0.90439238225741,4.030237268518519,2.0,1.0852995084555401,0.6695776694953417,2.392857142857143,0.35294117647058826,-0.3501577287066246
pfim_metaweb,G3,6,28,0.13010204081632654,3,0.790610335850184,3.112728937728937,2.0,1.6892443153121253,0.7096245515367301,2.6785714285714284,-0.21033210332103322,-0.9037433155080213
pfim_downsample,G3,6,28,0.08035714285714286,3,0.9303889882503086,3.0550200667388165,3.0,1.7471644020083446,0.8434909062982086,1.2857142857142858,0.09090909090909091,-0.7777777777777778
random,G3,6,28,0.12755102040816327,4,0.9210671468827514,48.559116598612384,1.0,0.46622201038020816,0.44714733672553697,2.607142857142857,0.8291457286432161,-0.023255813953488372
adbm,G4,6,44,0.30888429752066116,1,0.774623238937011,3.4564816931554687,2.0,0.7801878305136135,0.9366798249741136,12.613636363636363,-1.0,0.14846250173925143
bodymassratio,G4,6,44,0.17045454545454544,5,0.8530023404836039,7.147789541178766,4.0,0.5924590719517969,0.5313918149368808,6.5227272727272725,0.6981304149566804,-0.036905291240551356
lmatrix,G4,6,44,0.2422520661157025,1,0.7930186833275461,3.1651407521852875,2.0,1.102642364015863,0.8860912998750409,9.681818181818182,-1.0,-0.15876848777543012
niche,G4,6,44,0.18130165289256198,5,0.8590721206020363,6.668259767057289,3.0,0.8568382470905741,0.24254571971285338,7.0,0.2819890842935112,-0.5035971223021583
pfim_metaweb,G4,6,44,0.1368801652892562,3,0.8504460455213982,3.1108560831960643,3.0,1.4653071707061418,0.5932664067256673,5.045454545454546,-0.19746835443037974,-0.6612149532710281
pfim_downsample,G4,6,44,0.08677685950413223,4,0.9243770570236886,2.8307994489164936,3.0,1.5159073203712259,0.7239472096123739,2.840909090909091,0.21246458923512748,-0.5026795284030011
random,G4,6,44,0.18078512396694216,4,0.9333024144637403,0.6113631429999962,1.0,0.3534530994316845,0.275098463625538,6.9772727272727275,0.6286107290233838,-0.05381944444444445
adbm,G1,7,47,0.3042100497962879,1,0.7634903573745182,3.8827326917741485,2.0,0.8547176207515892,0.8834717425521318,13.319148936170214,-1.0,0.026324633135431836
bodymassratio,G1,7,47,0.18379357175192396,5,0.850294050495529,6.709977609142485,1.0,0.5734706975762545,0.5378175392201197,7.659574468085107,0.6572368421052631,-0.021794871794871794
lmatrix,G1,7,47,0.2272521502942508,1,0.7849528712824385,2.895403603393623,2.0,1.0719673130310112,0.9893198612668638,9.702127659574469,-1.0,-0.05793907971484122
niche,G1,7,47,0.09099139882299682,4,0.8999867323077566,5.855971159818093,2.0,0.8933361927230311,0.5552792345278509,3.297872340425532,0.5449915110356537,-0.2546419098143236
pfim_metaweb,G1,7,47,0.11815301041195111,4,0.8315850490246237,2.6510787329285788,3.0,1.7514742960613416,0.5464685034798675,4.574468085106383,-0.42614601018675724,-0.7494543867306853
pfim_downsample,G1,7,47,0.06835672249886826,4,0.9414906916887562,2.9271794871794863,4.0,1.835627941747758,0.652049256202775,2.234042553191489,0.22,-0.6460732984293194
random,G1,7,47,0.09913988229968311,5,0.9409520028533372,0.9725483692849355,1.0,0.403434075562575,0.4156581739846581,3.6808510638297873,0.8082901554404145,-0.014925373134328358
adbm,G2,7,20,0.3225,1,0.8047865131224942,3.654524886877828,2.0,0.8469072773350772,0.8573000773464333,5.5,-1.0,0.011570247933884297
bodymassratio,G2,7,20,0.16,5,0.8979373990956516,6.573102678571429,1.0,0.6460278428088146,0.62170182394355,2.25,0.782608695652174,-0.01675977653631285
lmatrix,G2,7,20,0.2475,1,0.8027716928977253,2.7867063492063497,2.0,0.9885527197012935,1.037325827258794,4.0,-1.0,0.03826955074875208
niche,G2,7,14,0.12244897959183673,4,0.9221606187811572,4.5,2.0,0.738877642739426,1.0591481821704043,0.7857142857142857,0.4375,0.3333333333333333
pfim_metaweb,G2,7,20,0.175,3,0.7922802242263642,3.4594696969696974,2.0,1.4846149779161804,0.5676567244564473,2.55,-0.0963855421686747,-1.0
pfim_downsample,G2,7,20,0.125,3,0.8831649567208187,3.6831275720164607,2.0,1.521771820505364,0.7048702754856087,1.55,0.042735042735042736,-0.9099099099099099
random,G2,7,19,0.08310249307479224,9,0.9653114092425162,1.263425131508614,1.0,0.4385723190220122,0.8261916197787246,0.631578947368421,0.7777777777777778,0.4074074074074074
adbm,G3,7,28,0.3163265306122449,1,0.7916762826311077,3.7399416361416358,2.0,0.8452894190910053,0.8536261998881861,7.892857142857143,-1.0,0.008527572484366117
bodymassratio,G3,7,28,0.17857142857142858,5,0.8768612537527203,6.593920540438397,4.0,0.5811865258054231,0.5912948753622254,4.035714285714286,0.7935702199661591,0.005970149253731343
lmatrix,G3,7,28,0.22959183673469388,1,0.8116889854105221,2.9800039703885868,2.0,1.0191042087063606,1.0477227248147662,5.464285714285714,-1.0,0.021005728835136857
niche,G3,7,28,0.14668367346938777,5,0.903148842105379,2.6666666666666696,2.0,0.9701618579731047,0.5017870466100413,3.142857142857143,0.20512820512820512,-0.5317725752508361
pfim_metaweb,G3,7,28,0.13010204081632654,3,0.790610335850184,3.112728937728937,2.0,1.6892443153121253,0.7096245515367301,2.6785714285714284,-0.21033210332103322,-0.9037433155080213
pfim_downsample,G3,7,28,0.08035714285714286,4,0.9010073418464255,2.6984265734265733,2.0,1.8449253178491498,0.8434909062982086,1.2857142857142858,-0.056179775280898875,-0.6883116883116883
random,G3,7,28,0.22193877551020408,4,0.9077568168570598,0.44875865857491054,1.0,0.3045595452297901,0.38270728877990795,5.25,0.5575221238938053,0.018469656992084433
adbm,G4,7,44,0.32386363636363635,1,0.7648140837229902,3.635806292340242,2.0,0.791940477235726,0.860951228277352,13.272727272727273,-1.0,0.06680976656828548
bodymassratio,G4,7,44,0.16683884297520662,5,0.864214228967736,6.9608450780821505,4.0,0.4985219944889399,0.49678765693260496,6.363636363636363,0.6998191681735986,-0.0010214504596527069
lmatrix,G4,7,44,0.2556818181818182,1,0.7753008310940361,2.9027341440725922,2.0,1.008058258619312,0.8924219192726484,10.272727272727273,-1.0,-0.08405960078718021
niche,G4,7,44,0.22727272727272727,3,0.834676445051714,5.357631016318396,2.0,0.8399889257298796,0.43455403496265643,9.022727272727273,0.11713933415536375,-0.3646833013435701
pfim_metaweb,G4,7,44,0.1368801652892562,3,0.8504460455213982,3.1108560831960643,3.0,1.4653071707061418,0.5932664067256673,5.045454545454546,-0.19746835443037974,-0.6612149532710281
pfim_downsample,G4,7,44,0.08677685950413223,5,0.9333439579121819,2.9334342764300554,3.0,1.5368095109931985,0.6545126878979634,2.840909090909091,0.19205298013245034,-0.5494252873563218
random,G4,7,44,0.2190082644628099,4,0.9317871176236131,0.6358489402565881,1.0,0.2272363342296485,0.29359357979179407,8.659090909090908,0.563654518222666,0.02795425667090216
adbm,G1,8,47,0.2915346310547759,1,0.7732373641704681,3.622855372928446,2.0,0.8060933153331314,0.9836211694373266,12.72340425531915,-1.0,0.16163996229971725
bodymassratio,G1,8,47,0.19465821638750566,4,0.8409886794044058,6.1587018430419365,3.0,0.6589661353090814,0.5894834777746408,8.170212765957446,0.6540284360189573,-0.0418861299222473
lmatrix,G1,8,47,0.2019013128112268,1,0.8040558341371766,3.0124915885544152,2.0,1.2359717861047252,0.9865761086852538,8.51063829787234,-1.0,-0.16537021031403054
niche,G1,8,47,0.2752376641014033,4,0.8113311430887041,8.096148047432623,2.0,0.8572373826856224,0.4911327803786706,11.957446808510639,-0.1959193137027591,-0.4668527564549895
pfim_metaweb,G1,8,47,0.11815301041195111,4,0.8315850490246237,2.6510787329285788,3.0,1.7514742960613416,0.5464685034798675,4.574468085106383,-0.42614601018675724,-0.7494543867306853
pfim_downsample,G1,8,47,0.06835672249886826,4,0.9468683404539305,2.761843326780254,3.0,1.708455252568386,0.6189068972159315,2.234042553191489,0.22274881516587677,-0.6408977556109726
random,G1,8,47,0.23902218198279765,3,0.9288387293941308,0.5841897273919436,1.0,0.2748102570438959,0.25191839410946854,10.25531914893617,0.5005861664712778,-0.012396694214876033
adbm,G2,8,20,0.315,1,0.7967320676657151,3.3395502645502644,2.0,0.9483344836195728,0.8176813093990644,5.35,-1.0,-0.14871794871794872
bodymassratio,G2,8,20,0.1625,4,0.9047623129019352,5.78015873015873,4.0,0.6612465225335805,0.6612465225335805,2.3,0.7202072538860104,0.0
lmatrix,G2,8,20,0.2425,1,0.8160119646478221,3.027941176470588,2.0,0.997336625842124,1.0540542265570234,3.9,-1.0,0.045936395759717315
niche,G2,8,20,0.1225,3,0.9172826666211843,3.666666666666667,2.0,1.2871541559808157,0.5992169203219504,1.5,0.40476190476190477,-0.5303030303030303
pfim_metaweb,G2,8,20,0.175,3,0.7922802242263642,3.4594696969696974,2.0,1.4846149779161804,0.5676567244564473,2.55,-0.0963855421686747,-1.0
pfim_downsample,G2,8,20,0.125,3,0.9102060550858001,3.2166792642983117,2.0,1.5106638484977042,0.7048702754856087,1.55,0.2558139534883721,-0.6290322580645161
random,G2,8,20,0.0875,7,0.9446064627640214,4.002959345365043,2.0,0.8470584725117389,0.6905842107190997,0.8,0.8048780487804879,-0.1875
adbm,G3,8,28,0.3022959183673469,1,0.7926764493824178,3.501625768650656,2.0,0.9176637674859056,0.8552646900308333,7.5,-1.0,-0.06239067055393586
bodymassratio,G3,8,28,0.18239795918367346,4,0.8644252362523119,5.819604052619925,4.0,0.6107344732146864,0.6512416148395753,4.142857142857143,0.6743421052631579,0.026865671641791045
lmatrix,G3,8,28,0.22193877551020408,1,0.7937041090225531,3.038425925925926,2.0,1.019022643548691,1.1117450959153645,5.25,-1.0,0.06675307841866494
niche,G3,8,28,0.08418367346938775,3,0.9299153995716863,3.388888888888889,2.0,1.2339780245717535,0.6450953511750089,1.3928571428571428,0.5454545454545454,-0.40703517587939697
pfim_metaweb,G3,8,28,0.13010204081632654,3,0.790610335850184,3.112728937728937,2.0,1.6892443153121253,0.7096245515367301,2.6785714285714284,-0.21033210332103322,-0.9037433155080213
pfim_downsample,G3,8,28,0.08035714285714286,3,0.9319885730649902,3.0962962962962965,3.0,1.6568986735612463,0.8691217731752119,1.2857142857142858,0.2222222222222222,-0.6304347826086957
random,G3,8,27,0.0644718792866941,8,0.9492501744778097,7.0,4.0,0.7738950416797111,0.6291488337750999,0.7777777777777778,0.9090909090909091,-0.11764705882352941
adbm,G4,8,44,0.309400826446281,1,0.7768773609869396,3.3896186597343325,2.0,0.7903835778283126,0.9195408886360479,12.636363636363637,-1.0,0.12215435868961688
bodymassratio,G4,8,44,0.1802685950413223,4,0.8442492557744222,6.389861458578969,3.0,0.5903393893858089,0.5474553123410538,6.954545454545454,0.6670945656824989,-0.026211278792692614
lmatrix,G4,8,44,0.23450413223140495,1,0.7862712372543207,2.9677195834165153,2.0,1.1319227747014593,0.8862270211026152,9.340909090909092,-1.0,-0.17432038089387192
niche,G4,8,44,0.21952479338842976,3,0.842050317113766,9.733764469797709,2.0,0.806566755824059,0.5264531403539092,8.681818181818182,0.028877887788778877,-0.40843507214206437
pfim_metaweb,G4,8,44,0.1368801652892562,3,0.8504460455213982,3.1108560831960643,3.0,1.4653071707061418,0.5932664067256673,5.045454545454546,-0.19746835443037974,-0.6612149532710281
pfim_downsample,G4,8,44,0.08677685950413223,3,0.9360429892222992,3.188463619922581,3.0,1.506406715614755,0.6760922050469556,2.840909090909091,0.1790633608815427,-0.5600961538461539
random,G4,8,44,0.22520661157024793,3,0.9328460906737787,0.61515364923349,1.0,0.2545768243213139,0.29022514704504454,8.931818181818182,0.5650385604113111,-0.00796812749003984
adbm,G1,9,47,0.29923042100497965,1,0.7707061104117622,4.0908472958076105,2.0,0.7977872377795547,0.9700070126645504,13.085106382978724,-1.0,0.15679836974980188
bodymassratio,G1,9,47,0.16930737890448166,4,0.8470295843375615,6.082128139342615,4.0,0.6659847618761814,0.6337594888622553,6.9787234042553195,0.653179190751445,-0.02079781793385612
lmatrix,G1,9,47,0.23404255319148937,2,0.7750172234174693,3.2987841142262235,2.0,1.092225819319462,0.923015881966004,10.02127659574468,-0.7921935129191864,-0.1248519931587949
niche,G1,9,47,0.1516523313716614,4,0.8695877683387845,5.277923970317301,2.0,0.981486790088502,0.5722308610167745,6.148936170212766,0.21000658327847269,-0.3411764705882353
pfim_metaweb,G1,9,47,0.11815301041195111,4,0.8315850490246237,2.6510787329285788,3.0,1.7514742960613416,0.5464685034798675,4.574468085106383,-0.42614601018675724,-0.7494543867306853
pfim_downsample,G1,9,47,0.06835672249886826,4,0.9369598849950536,2.577756734006734,3.0,1.7808858078460141,0.6897211136585284,2.234042553191489,0.07692307692307693,-0.6160337552742616
random,G1,9,47,0.15255771842462654,5,0.9307481261966729,0.7029400816549954,1.0,0.36935756642781226,0.2970202482325036,6.191489361702128,0.7148703956343793,-0.03015075376884422
adbm,G2,9,20,0.295,1,0.8115173453225936,3.1010902677569345,2.0,1.0018202638205753,0.7871493930517001,4.95,-1.0,-0.20853858784893267
bodymassratio,G2,9,20,0.19,4,0.8843291733782811,5.801388888888889,5.0,0.6013058637657679,0.6646467918555656,2.85,0.5815899581589958,0.04932735426008968
lmatrix,G2,9,20,0.22,1,0.8427468309236716,2.9499999999999997,2.0,0.904293562099709,1.2478777111877448,3.45,-1.0,0.26153846153846155
niche,G2,9,19,0.12465373961218837,3,0.9068526569688926,4.708333333333334,2.0,0.9567319775243004,1.0645297525031112,1.4210526315789473,0.015384615384615385,0.19148936170212766
pfim_metaweb,G2,9,20,0.175,3,0.7922802242263642,3.4594696969696974,2.0,1.4846149779161804,0.5676567244564473,2.55,-0.0963855421686747,-1.0
pfim_downsample,G2,9,20,0.125,3,0.9002531851302856,3.38611111111111,2.0,1.56002699031982,0.7622680837992283,1.55,-0.02127659574468085,-0.7619047619047619
random,G2,9,20,0.1525,6,0.9240743287941452,27.549844832655314,3.0,0.624583483327385,0.431768614105281,2.1,0.6626506024096386,-0.20512820512820512
adbm,G3,9,28,0.29464285714285715,1,0.8021061847401051,3.266533868608173,2.0,0.98231133088962,0.790120268333532,7.285714285714286,-1.0,-0.17038649972781708
bodymassratio,G3,9,28,0.18877551020408162,4,0.8642304817665943,5.775670776166807,4.0,0.5613607901764768,0.6089361507318322,4.321428571428571,0.634703196347032,0.03215926493108729
lmatrix,G3,9,28,0.2193877551020408,1,0.8228109330520963,3.0140786749482396,2.0,0.9076942324275045,1.1952070618423587,5.178571428571429,-1.0,0.20052083333333334
niche,G3,9,28,0.29081632653061223,4,0.8191158585263997,4.773048694651401,3.0,0.7441697589393222,0.5590023373757246,7.178571428571429,-0.09615384615384616,-0.48247978436657685
pfim_metaweb,G3,9,28,0.13010204081632654,3,0.790610335850184,3.112728937728937,2.0,1.6892443153121253,0.7096245515367301,2.6785714285714284,-0.21033210332103322,-0.9037433155080213
pfim_downsample,G3,9,28,0.08035714285714286,3,0.9152559541053338,2.9976262626262624,3.0,1.7047769029935673,0.8940181229744035,1.2857142857142858,0.14,-0.6132075471698113
random,G3,9,28,0.2193877551020408,4,0.9201225137617005,0.7613758436858876,1.0,0.3829697970242124,0.35916383160504506,5.178571428571429,0.5989717223650386,-0.03205128205128205
adbm,G4,9,44,0.31766528925619836,1,0.7793123730270491,4.031740797958599,2.0,0.7909130728386834,0.891257414375083,13.0,-1.0,0.09761806416081509
bodymassratio,G4,9,44,0.1740702479338843,4,0.8528037359275634,6.148781024760977,4.0,0.557461786980905,0.5595911739006482,6.681818181818182,0.6324642556770396,0.0013908205841446453
lmatrix,G4,9,44,0.24638429752066116,2,0.7961030253045954,3.3112194762164093,2.0,1.0098746927514004,0.9053138393379886,9.863636363636363,-0.7479099678456592,-0.0763888888888889
niche,G4,9,43,0.06435911303407248,3,0.9121265542748328,4.5,2.0,1.10346726148778,1.1257801303720936,1.7906976744186047,0.07407407407407407,-0.011494252873563218
pfim_metaweb,G4,9,44,0.1368801652892562,3,0.8504460455213982,3.1108560831960643,3.0,1.4653071707061418,0.5932664067256673,5.045454545454546,-0.19746835443037974,-0.6612149532710281
pfim_downsample,G4,9,44,0.08677685950413223,4,0.9321968182954647,2.8900388534647794,3.0,1.5512734773295174,0.6831339108065615,2.840909090909091,0.18848167539267016,-0.5637513171759747
random,G4,9,43,0.07842076798269335,7,0.9394995828096382,50.35539612531945,2.0,0.45769564844750255,0.49293749432196743,2.395348837209302,0.8627450980392157,0.03597122302158273
adbm,G1,10,47,0.30783159800814847,1,0.772998556563565,3.6076902271539857,2.0,0.7987761790598721,0.9278536747262597,13.48936170212766,-1.0,0.12317759155091264
bodymassratio,G1,10,47,0.17157084653689453,5,0.851974133163634,6.690137403402186,4.0,0.616486243807795,0.5720429011721101,7.085106382978723,0.6866666666666666,-0.027345102111457253
lmatrix,G1,10,47,0.23902218198279765,1,0.7803647332194656,3.029943880280624,2.0,1.1399822982731325,0.8648707496455444,10.25531914893617,-1.0,-0.198413681992812
niche,G1,10,47,0.08103214124038026,4,0.8898008311009729,4.767910222011785,2.0,1.0582946519157193,0.7338045066064766,2.8297872340425534,0.5612903225806452,-0.2315151515151515
pfim_metaweb,G1,10,47,0.11815301041195111,4,0.8315850490246237,2.6510787329285788,3.0,1.7514742960613416,0.5464685034798675,4.574468085106383,-0.42614601018675724,-0.7494543867306853
pfim_downsample,G1,10,47,0.06835672249886826,4,0.9359241140849425,2.7036790611009356,5.0,1.798537736114275,0.6051419282979783,2.234042553191489,0.2146118721461187,-0.6865127582017011
random,G1,10,47,0.07695789950203712,8,0.9426494055564363,1.6792107594804078,1.0,0.4559421625645427,0.5043902338950902,2.6382978723404253,0.8212058212058212,0.020689655172413793
adbm,G2,10,20,0.3375,1,0.7936248538245873,3.3725609585397947,2.0,0.837880166717214,0.8155233495702733,5.8,-1.0,-0.028169014084507043
bodymassratio,G2,10,20,0.15,3,0.8898347286388689,4.906944444444445,5.0,0.6666666666666667,0.7723284457212329,2.05,0.696969696969697,0.08176100628930817
lmatrix,G2,10,20,0.2675,1,0.7972018288444983,2.9438271604938278,2.0,1.0152584105936555,0.908186094501677,4.4,-1.0,-0.09556313993174062
niche,G2,10,20,0.0875,4,0.9223558228025691,3.25,2.0,1.4932716983853647,0.6652329732509673,0.8,0.6153846153846154,-0.5531914893617021
pfim_metaweb,G2,10,20,0.175,3,0.7922802242263642,3.4594696969696974,2.0,1.4846149779161804,0.5676567244564473,2.55,-0.0963855421686747,-1.0
pfim_downsample,G2,10,20,0.125,4,0.9092229890742572,3.5303030303030303,2.0,1.5106638484977042,0.6680687011630496,1.55,0.3225806451612903,-0.5757575757575758
random,G2,10,20,0.08,8,0.9465566551326491,5.75461741424802,3.0,0.8458489973486931,0.7140507132218492,0.65,0.9166666666666666,-0.1111111111111111
adbm,G3,10,28,0.31505102040816324,1,0.7887313866790319,3.430105030043218,2.0,0.8813603902752783,0.8278975516255318,7.857142857142857,-1.0,-0.05417607223476298
bodymassratio,G3,10,28,0.16071428571428573,3,0.8732344402304036,5.01202522675737,4.0,0.6182708160764896,0.7590333900710814,3.5357142857142856,0.6759776536312849,0.1001890359168242
lmatrix,G3,10,28,0.24872448979591838,1,0.7878081036611216,3.0154893183739353,2.0,1.026167006630674,0.9640075926632259,6.0,-1.0,-0.04936014625228519
niche,G3,10,28,0.16581632653061223,3,0.8782607373893452,4.563390313390313,2.0,0.938316741900418,0.7692763519257949,3.6785714285714284,0.024793388429752067,-0.21791044776119403
pfim_metaweb,G3,10,28,0.13010204081632654,3,0.790610335850184,3.112728937728937,2.0,1.6892443153121253,0.7096245515367301,2.6785714285714284,-0.21033210332103322,-0.9037433155080213
pfim_downsample,G3,10,28,0.08035714285714286,3,0.9412200835962921,3.484737827715356,3.0,1.721857123122088,0.7517697455623866,1.2857142857142858,0.3888888888888889,-0.7142857142857143
random,G3,10,28,0.1683673469387755,5,0.9280829146108435,18.49827896910124,2.0,0.4353211140442824,0.411711686670243,3.75,0.6853146853146853,0.0
adbm,G4,10,44,0.32541322314049587,1,0.7737146314291738,3.6450115851211407,2.0,0.7718296599524892,0.8851966770631696,13.340909090909092,-1.0,0.11583659764969222
bodymassratio,G4,10,44,0.16322314049586778,5,0.8541423449329156,6.694454251930117,3.0,0.5739247946917388,0.5246749952164071,6.204545454545454,0.7199248120300752,-0.029585798816568046
lmatrix,G4,10,44,0.25361570247933884,1,0.7753838843532733,2.9877690821503533,2.0,1.0725642241932956,0.8479317785333609,10.181818181818182,-1.0,-0.16587677725118483
niche,G4,10,43,0.06598161168199027,4,0.9108157529935821,4.625,2.0,1.4872852378884196,0.7650036240335258,1.8604651162790697,0.40229885057471265,-0.47424511545293074
pfim_metaweb,G4,10,44,0.1368801652892562,3,0.8504460455213982,3.1108560831960643,3.0,1.4653071707061418,0.5932664067256673,5.045454545454546,-0.19746835443037974,-0.6612149532710281
pfim_downsample,G4,10,44,0.08677685950413223,5,0.9455796569120404,3.046864247959661,3.0,1.4667022618683307,0.6422108231246152,2.840909090909091,0.2230971128608924,-0.5410225921521997
random,G4,10,43,0.06868577609518658,8,0.9452726363334094,1.7810097138615344,1.0,0.5477125853662927,0.5720873120975708,1.9767441860465116,0.8831615120274914,0.040892193308550186
adbm,G1,11,47,0.2919873245812585,1,0.7793629078722657,3.3361730477955374,2.0,0.8543477913504213,0.943220642283352,12.74468085106383,-1.0,0.08116349988271171
bodymassratio,G1,11,47,0.18515165233137165,4,0.8498203127480439,6.153786328789188,4.0,0.6402268047487126,0.6099154201383195,7.723404255319149,0.6307371349095967,-0.019130434782608695
lmatrix,G1,11,47,0.2172928927116342,1,0.7903794224616099,2.863439608553521,2.0,1.1714355657577682,0.9810669965353137,9.23404255319149,-1.0,-0.13249764119153526
niche,G1,11,47,0.1797193300135808,3,0.8616072453505969,6.121004597885439,2.0,0.9727525646708377,0.3790732780125942,7.468085106382978,0.15958873491282968,-0.5251299826689775
pfim_metaweb,G1,11,47,0.11815301041195111,4,0.8315850490246237,2.6510787329285788,3.0,1.7514742960613416,0.5464685034798675,4.574468085106383,-0.42614601018675724,-0.7494543867306853
pfim_downsample,G1,11,47,0.06835672249886826,5,0.9380522068216325,3.0291745673977073,3.0,1.8171774718986822,0.5580658767234501,2.234042553191489,0.1827956989247312,-0.6958934517203108
random,G1,11,47,0.19013128112267993,3,0.9335295272562885,0.724174608127539,1.0,0.29460126335021736,0.30100025499138744,7.957446808510638,0.5930999492643328,-0.007614213197969543
adbm,G2,11,20,0.3125,1,0.802511867150011,3.1550712250712247,2.0,0.9152739020585442,0.8090019842536332,5.3,-1.0,-0.11147540983606558
bodymassratio,G2,11,20,0.1825,4,0.8959617623321826,5.5183333333333335,1.0,0.6175988435643592,0.5914589634496078,2.7,0.6782608695652174,-0.018867924528301886
lmatrix,G2,11,20,0.23,1,0.8251050931921121,2.904761904761904,2.0,0.9206936776555048,1.159801615400609,3.65,-1.0,0.18450184501845018
niche,G2,11,20,0.1175,3,0.8880739406051683,3.152905198776758,2.0,1.5328788804714237,0.31708928526408275,1.4,0.49019607843137253,-0.8018018018018018
pfim_metaweb,G2,11,20,0.175,3,0.7922802242263642,3.4594696969696974,2.0,1.4846149779161804,0.5676567244564473,2.55,-0.0963855421686747,-1.0
pfim_downsample,G2,11,20,0.125,3,0.9326953545383746,3.3820861678004537,2.0,1.453851509104804,0.5875909783980152,1.55,0.3953488372093023,-0.6637168141592921
random,G2,11,20,0.1125,7,0.9443958810225633,12.02608695652174,3.0,0.6744188651854267,0.7334928056269078,1.3,0.7619047619047619,0.15151515151515152
adbm,G3,11,28,0.2997448979591837,1,0.7935701921952233,3.2177227735794838,2.0,0.9156823986249188,0.8383430723874941,7.428571428571429,-1.0,-0.07210732252655115
bodymassratio,G3,11,28,0.18877551020408162,4,0.8821070615181762,5.6593713256907705,1.0,0.5566177654821699,0.5322690460325412,4.321428571428571,0.6809453471196455,-0.01557632398753894
lmatrix,G3,11,28,0.2181122448979592,1,0.7962518607159592,2.911942554799699,2.0,0.9908492832515873,1.1153209578547005,5.142857142857143,-1.0,0.08560311284046693
niche,G3,11,28,0.22066326530612246,3,0.8476327655198339,5.424363170779157,2.0,1.0064740445061755,0.3297969905442982,5.214285714285714,0.10361445783132531,-0.7237569060773481
pfim_metaweb,G3,11,28,0.13010204081632654,3,0.790610335850184,3.112728937728937,2.0,1.6892443153121253,0.7096245515367301,2.6785714285714284,-0.21033210332103322,-0.9037433155080213
pfim_downsample,G3,11,28,0.08035714285714286,3,0.9050059540795822,3.0288194444444447,2.0,1.7638342073763935,0.8857970920815851,1.2857142857142858,0.07936507936507936,-0.7401129943502824
random,G3,11,28,0.23341836734693877,3,0.9184309638359822,0.6280992216206895,1.0,0.27142088665578695,0.25832692902192766,5.571428571428571,0.5264116575591985,-0.04568527918781726
adbm,G4,11,44,0.3068181818181818,1,0.7658586048233461,3.2731073027293354,2.0,0.8170043403373255,0.9193044899307726,12.522727272727273,-1.0,0.09402864090786274
bodymassratio,G4,11,44,0.1652892561983471,4,0.8576818230186095,6.044098087926063,4.0,0.6050898453372298,0.5948299542042286,6.295454545454546,0.7151134717527764,-0.006261180679785331
lmatrix,G4,11,44,0.23915289256198347,1,0.7760577533209904,2.897236929736929,2.0,1.1075930345380884,0.9093245399099772,9.545454545454545,-1.0,-0.13565118267312626
niche,G4,11,43,0.19253650621957816,3,0.8594628025402605,6.489472658703207,2.0,0.7649777533640958,0.6075599998071602,7.3023255813953485,0.1556480999479438,-0.1404786680541103
pfim_metaweb,G4,11,44,0.1368801652892562,3,0.8504460455213982,3.1108560831960643,3.0,1.4653071707061418,0.5932664067256673,5.045454545454546,-0.19746835443037974,-0.6612149532710281
pfim_downsample,G4,11,44,0.08677685950413223,3,0.9402682512381704,3.0672494712680196,3.0,1.4904378017905242,0.5712208924933355,2.840909090909091,0.2718204488778055,-0.6207729468599034
random,G4,11,44,0.1518595041322314,4,0.9349818234808311,0.7239045117745584,1.0,0.32077804694805717,0.3006614446684376,5.704545454545454,0.6873489121676067,-0.012345679012345678
adbm,G1,12,47,0.29244001810774106,1,0.7741124448368267,3.922458591753074,2.0,0.788937050874787,1.0022292719859978,12.76595744680851,-1.0,0.20463510848126232
bodymassratio,G1,12,47,0.18515165233137165,5,0.8343549135314553,6.6644551121937585,4.0,0.6700240237934236,0.6298293708198499,7.723404255319149,0.604270462633452,-0.025918541726003986
lmatrix,G1,12,47,0.2177455862381168,2,0.7805490702400296,2.8754385125175403,2.0,1.2528654163352286,0.8630298850431759,9.25531914893617,-0.9548872180451128,-0.27763029202179684
niche,G1,12,46,0.15737240075614367,3,0.8388688012318455,4.095645971840816,2.0,0.9885153250877392,0.6667523324195432,6.260869565217392,0.13452914798206278,-0.2428174235403151
pfim_metaweb,G1,12,47,0.11815301041195111,4,0.8315850490246237,2.6510787329285788,3.0,1.7514742960613416,0.5464685034798675,4.574468085106383,-0.42614601018675724,-0.7494543867306853
pfim_downsample,G1,12,47,0.06835672249886826,3,0.9425282047573502,2.4364776444929115,3.0,1.7690200042662632,0.598140666035647,2.234042553191489,0.1952662721893491,-0.626848691695108
random,G1,12,47,0.11770031688546853,5,0.9310127663092541,0.9493053149238944,1.0,0.41778231567155,0.3389248880696472,4.553191489361702,0.7818930041152263,-0.05154639175257732
adbm,G2,12,20,0.2925,1,0.8064596777437109,3.7130575307045897,2.0,0.9334401030415912,0.9201650143975252,4.9,-1.0,-0.013605442176870748
bodymassratio,G2,12,20,0.16,4,0.9028531711732877,5.346643518518517,4.0,0.7627749719902567,0.7353279790964745,2.25,0.6871508379888268,-0.020618556701030927
lmatrix,G2,12,20,0.2325,2,0.8146712120267342,2.862516534391535,3.0,1.0541791448725168,1.0378902189136985,3.7,-0.7878787878787878,-0.012658227848101266
niche,G2,12,20,0.34,4,0.8152558935559714,4.5373265990074705,2.0,0.8959224899481544,0.4093249258461526,5.85,-0.4318181818181818,-0.8793103448275862
pfim_metaweb,G2,12,20,0.175,3,0.7922802242263642,3.4594696969696974,2.0,1.4846149779161804,0.5676567244564473,2.55,-0.0963855421686747,-1.0
pfim_downsample,G2,12,20,0.125,3,0.8938191148094631,3.6340571428571433,2.0,1.5491933384829668,0.6928203230275508,1.55,-0.0392156862745098,-0.9047619047619048
random,G2,12,20,0.2475,5,0.9111411732891705,1.0358461829280552,1.0,0.43216818655968375,0.5541279807224515,4.0,0.40963855421686746,0.055900621118012424
adbm,G3,12,28,0.2895408163265306,1,0.7905044802385963,3.8095238095238093,2.0,0.9568283140232018,0.8698338831350441,7.142857142857143,-1.0,-0.07961603613777526
bodymassratio,G3,12,28,0.17857142857142858,4,0.8680098225658771,5.5916282828282835,1.0,0.6182412330330469,0.6906786785742247,4.035714285714286,0.6996587030716723,0.04747774480712166
lmatrix,G3,12,28,0.21556122448979592,2,0.815605323751004,2.8581585081585086,3.0,1.0560529372100624,1.0985207646558603,5.071428571428571,-0.84,0.029354207436399216
niche,G3,12,27,0.16598079561042525,5,0.8762285821955944,5.955555555555555,2.0,0.9947823509341969,0.43042394542235574,3.5185185185185186,0.27946127946127947,-0.5370370370370371
pfim_metaweb,G3,12,28,0.13010204081632654,3,0.790610335850184,3.112728937728937,2.0,1.6892443153121253,0.7096245515367301,2.6785714285714284,-0.21033210332103322,-0.9037433155080213
pfim_downsample,G3,12,28,0.08035714285714286,3,0.9207028787554453,3.376166666666666,2.0,1.7176029915494992,0.7804187965076104,1.2857142857142858,0.4067796610169492,-0.6320754716981132
random,G3,12,28,0.15178571428571427,5,0.9204313210501349,17.144707396470746,3.0,0.5381748719016706,0.556899566121328,3.2857142857142856,0.6220472440944882,0.09166666666666666
adbm,G4,12,44,0.31611570247933884,1,0.7706230431771787,3.8397425237077285,2.0,0.7688563973640401,0.9247255495917692,12.931818181818182,-1.0,0.15885416666666666
bodymassratio,G4,12,44,0.17303719008264462,5,0.8443476952408339,6.990931622419321,4.0,0.5956701271872352,0.5970156195761324,6.636363636363637,0.6858306926210955,0.0008305647840531562
lmatrix,G4,12,44,0.23915289256198347,2,0.7701715505229104,2.8243705567634603,3.0,1.160740181457689,0.8389251202754742,9.545454545454545,-0.9613590939373751,-0.24133585381222433
niche,G4,12,40,0.06,5,0.9178553254504603,5.0,2.0,1.1314904574368516,0.7939407284815917,1.425,0.574468085106383,-0.2846715328467153
pfim_metaweb,G4,12,44,0.1368801652892562,3,0.8504460455213982,3.1108560831960643,3.0,1.4653071707061418,0.5932664067256673,5.045454545454546,-0.19746835443037974,-0.6612149532710281
pfim_downsample,G4,12,44,0.08677685950413223,4,0.9319954723305798,3.064757777634481,3.0,1.4872234434131133,0.6689763817629453,2.840909090909091,0.17123287671232876,-0.5157159487776485
random,G4,12,44,0.05475206611570248,10,0.9473883630228761,17.640988962745904,4.0,0.6350238713712181,0.6836433112661306,1.4318181818181819,0.9008264462809917,0.03286384976525822
adbm,G1,13,47,0.3137166138524219,1,0.7371991472018302,3.6668441033146917,2.0,0.827193193068292,0.8904164367861959,13.76595744680851,-1.0,0.05987429705590473
bodymassratio,G1,13,47,0.15753734721593482,6,0.852711220490318,7.591917176038047,1.0,0.6907646622710248,0.5159459595894952,6.425531914893617,0.7621714778112882,-0.10175975516449885
lmatrix,G1,13,47,0.24445450430058852,2,0.7797541465279193,2.9422635668429877,3.0,1.0171039071037768,0.9683317604428454,10.51063829787234,-0.9610461880912632,-0.03617125984251968
niche,G1,13,47,0.15663196016296968,4,0.8495749314084647,4.133384536050853,3.0,1.2557007043790858,0.4700671904579466,6.382978723404255,0.0726643598615917,-0.5722867440929115
pfim_metaweb,G1,13,47,0.11815301041195111,4,0.8315850490246237,2.6510787329285788,3.0,1.7514742960613416,0.5464685034798675,4.574468085106383,-0.42614601018675724,-0.7494543867306853
pfim_downsample,G1,13,47,0.06835672249886826,3,0.9343448139641923,2.5422288750210824,3.0,1.765444711670764,0.6389986216552708,2.234042553191489,0.18181818181818182,-0.6386083052749719
random,G1,13,47,0.15391579900407423,4,0.9376034506438204,0.868127290333872,1.0,0.34373544254362093,0.3425247852698345,6.25531914893617,0.6743620899149453,-0.020802377414561663
adbm,G2,13,20,0.3175,1,0.8158012804154546,3.3599999999999994,2.0,0.9214882775432971,0.801815848083811,5.4,-1.0,-0.12286158631415241
bodymassratio,G2,13,20,0.135,4,0.8976739785848381,5.18,2.0,0.9080138801557404,0.9545289678693721,1.75,0.5471698113207547,0.036585365853658534
lmatrix,G2,13,20,0.2575,2,0.8164391207285094,2.8983585858585856,3.0,0.8551930804594827,1.1025206756766452,4.2,-0.8181818181818182,0.19122257053291536
niche,G2,13,20,0.115,3,0.9020079045512523,3.4815104166666666,2.0,1.293624878716064,0.6324240689322942,1.35,0.3333333333333333,-0.58
pfim_metaweb,G2,13,20,0.175,3,0.7922802242263642,3.4594696969696974,2.0,1.4846149779161804,0.5676567244564473,2.55,-0.0963855421686747,-1.0
pfim_downsample,G2,13,20,0.125,3,0.8963086893417648,3.34467120181406,3.0,1.5491933384829668,0.7167176644441768,1.55,0.0,-0.8878504672897196
random,G2,13,20,0.1625,5,0.9178082318684806,1.2475831110122502,1.0,0.3718530365410537,0.42206356372217485,2.3,0.717948717948718,0.01818181818181818
adbm,G3,13,28,0.3086734693877551,1,0.7743331853145456,3.469666298613668,2.0,0.9521377468546884,0.7797976337692095,7.678571428571429,-1.0,-0.16208939149165322
bodymassratio,G3,13,28,0.1568877551020408,4,0.8688130264951676,5.412037037037036,1.0,0.7313458908633828,0.8411917134632365,3.4285714285714284,0.5926773455377574,0.07992895204262877
lmatrix,G3,13,28,0.2385204081632653,2,0.7939068277722564,2.885620629370631,3.0,0.8807099222897646,1.142551048477335,5.714285714285714,-0.8653198653198653,0.18114707552526974
niche,G3,13,20,0.06,2,0.9394717429358725,2.6666666666666665,2.0,1.033078633013143,1.1660399319092882,0.25,1.0,0.10526315789473684
pfim_metaweb,G3,13,28,0.13010204081632654,3,0.790610335850184,3.112728937728937,2.0,1.6892443153121253,0.7096245515367301,2.6785714285714284,-0.21033210332103322,-0.9037433155080213
pfim_downsample,G3,13,28,0.08035714285714286,3,0.9261166003680229,3.4174603174603178,3.0,1.7261007700342286,0.8434909062982086,1.2857142857142858,0.15873015873015872,-0.7019230769230769
random,G3,13,27,0.0644718792866941,11,0.9499959137393064,9.40550740844283,1.0,0.7052452731415539,0.668281060007342,0.7777777777777778,0.9696969696969697,-0.03125
adbm,G4,13,44,0.33109504132231404,1,0.7570222211647366,3.803409125770808,2.0,0.7712801574560334,0.8656657327204417,13.590909090909092,-1.0,0.09850496017884589
bodymassratio,G4,13,44,0.15960743801652894,6,0.866451478021539,7.618793397203506,4.0,0.6060694075441214,0.5437332211773418,6.045454545454546,0.7101879327398615,-0.03842264914054601
lmatrix,G4,13,44,0.26239669421487605,2,0.7744536182173797,2.909430294823362,3.0,1.0129242520559836,0.8644187220309343,10.568181818181818,-0.9019607843137255,-0.11501367496761192
niche,G4,13,44,0.05165289256198347,4,0.9295748804650268,3.5397156084656083,2.0,1.1674659499043414,0.9217980407372195,1.2954545454545454,0.8503401360544217,-0.1623931623931624
pfim_metaweb,G4,13,44,0.1368801652892562,3,0.8504460455213982,3.1108560831960643,3.0,1.4653071707061418,0.5932664067256673,5.045454545454546,-0.19746835443037974,-0.6612149532710281
pfim_downsample,G4,13,44,0.08677685950413223,4,0.9391000420285336,3.012412969562298,4.0,1.446992709987857,0.687788330088753,2.840909090909091,0.21301775147928995,-0.4843205574912892
random,G4,13,44,0.06818181818181818,7,0.9413978887248399,14.55054404738372,2.0,0.5795837408532944,0.5568460463897045,2.022727272727273,0.8461538461538461,-0.0038910505836575876
adbm,G1,14,47,0.2969669533725668,1,0.7801417298226356,3.4978057579216717,2.0,0.83097368075172,0.9359390698771832,12.97872340425532,-1.0,0.09354947652819993
bodymassratio,G1,14,47,0.18515165233137165,4,0.851615721635549,6.359388527337497,3.0,0.5603643617172642,0.5281906842702788,7.723404255319149,0.6835193696651346,-0.018949984467225848
lmatrix,G1,14,47,0.22272521502942508,1,0.7826495017584426,2.9517259390581003,2.0,1.115440864822371,0.9649650895978151,9.48936170212766,-1.0,-0.10174081237911026
niche,G1,14,46,0.11578449905482041,3,0.8806796170951564,4.0,2.0,1.1104598211516488,0.8406494341556899,4.3478260869565215,0.29264475743348983,-0.20672268907563024
pfim_metaweb,G1,14,47,0.11815301041195111,4,0.8315850490246237,2.6510787329285788,3.0,1.7514742960613416,0.5464685034798675,4.574468085106383,-0.42614601018675724,-0.7494543867306853
pfim_downsample,G1,14,47,0.06835672249886826,4,0.9434199241879646,2.865667048499841,4.0,1.7808858078460141,0.6804986914744351,2.234042553191489,0.12299465240641712,-0.6241062308478039
random,G1,14,47,0.12041647804436396,5,0.9349537444967935,1.2075529352289516,1.0,0.39898629560191956,0.3921230732348461,4.680851063829787,0.7647058823529411,-0.01152073732718894
adbm,G2,14,20,0.2925,1,0.8132168223523007,3.3139774114774108,2.0,0.926826326688958,0.8826296109054895,4.9,-1.0,-0.043333333333333335
bodymassratio,G2,14,20,0.2,4,0.8993565011843724,6.351222363945578,1.0,0.5318784981949405,0.5848976518656018,3.05,0.6653992395437263,0.03643724696356275
lmatrix,G2,14,20,0.2225,1,0.8242445691407208,2.915178571428571,2.0,0.9956082674249602,1.1329592087749518,3.5,-1.0,0.10204081632653061
niche,G2,14,20,0.2075,4,0.8553806352140743,5.237117927092863,2.0,1.026127271216802,0.5652455102006521,3.2,0.14285714285714285,-0.5616438356164384
pfim_metaweb,G2,14,20,0.175,3,0.7922802242263642,3.4594696969696974,2.0,1.4846149779161804,0.5676567244564473,2.55,-0.0963855421686747,-1.0
pfim_downsample,G2,14,20,0.125,3,0.9038511684041324,3.4988052568697725,3.0,1.5106638484977042,0.6680687011630496,1.55,0.24210526315789474,-0.7843137254901961
random,G2,14,20,0.2425,4,0.9106443577623802,0.7645125654199538,1.0,0.3227314606700728,0.39163833042963425,3.9,0.5449101796407185,-0.041666666666666664
adbm,G3,14,28,0.27933673469387754,1,0.8138558442460112,3.386204751806257,2.0,0.9668759336352633,0.8748306233934108,6.857142857142857,-1.0,-0.07990867579908675
bodymassratio,G3,14,28,0.21556122448979592,4,0.8575180757159708,6.363732620517342,1.0,0.5150862807355645,0.6223455327941155,5.071428571428571,0.5550122249388753,0.07425742574257425
lmatrix,G3,14,28,0.19770408163265307,1,0.8225071037289654,2.959972394755003,2.0,1.0200865453041654,1.2137799012776243,4.571428571428571,-1.0,0.12794853466761974
niche,G3,14,28,0.18622448979591838,3,0.8714780200020708,5.092090980863848,2.0,0.8970404570379185,0.5654484985176447,4.25,0.19784172661870503,-0.39090909090909093
pfim_metaweb,G3,14,28,0.13010204081632654,3,0.790610335850184,3.112728937728937,2.0,1.6892443153121253,0.7096245515367301,2.6785714285714284,-0.21033210332103322,-0.9037433155080213
pfim_downsample,G3,14,28,0.08035714285714286,3,0.9329805315760048,3.0086419753086417,2.0,1.6918535815432985,0.7897375600849125,1.2857142857142858,0.3170731707317073,-0.6939890710382514
random,G3,14,28,0.2372448979591837,3,0.9241405765461457,0.8429977462043536,1.0,0.31260289048407247,0.26619992297673317,5.678571428571429,0.541958041958042,0.009569377990430622
adbm,G4,14,44,0.31611570247933884,1,0.7809079450282375,3.7785673795179675,2.0,0.7808022930431552,0.9027556740641011,12.931818181818182,-1.0,0.11776061776061776
bodymassratio,G4,14,44,0.17665289256198347,5,0.8596197055990679,7.092609511650765,4.0,0.514517873746655,0.5046983207673452,6.795454545454546,0.6873949579831933,-0.005785491766800178
lmatrix,G4,14,44,0.24380165289256198,1,0.7894366134247734,2.998868324350466,2.0,1.0873800910493814,0.8757229560027435,9.75,-1.0,-0.15189125295508274
niche,G4,14,44,0.1234504132231405,3,0.8643622124026437,4.5,2.0,1.262065008746504,0.7271359271489628,4.454545454545454,0.13774104683195593,-0.38200339558573854
pfim_metaweb,G4,14,44,0.1368801652892562,3,0.8504460455213982,3.1108560831960643,3.0,1.4653071707061418,0.5932664067256673,5.045454545454546,-0.19746835443037974,-0.6612149532710281
pfim_downsample,G4,14,44,0.08677685950413223,4,0.9329130141122995,3.4442227217191452,3.0,1.492576861645181,0.6947114921857044,2.840909090909091,0.2094240837696335,-0.5343422584400466
random,G4,14,44,0.11931818181818182,6,0.9310796651830315,1.0933962846965228,1.0,0.4667954711840566,0.44267432132950907,4.2727272727272725,0.7345132743362832,-0.015706806282722512
adbm,G1,15,47,0.30783159800814847,1,0.750600255833487,3.8748207290736953,2.0,0.7758237273989406,0.9617099556594508,13.48936170212766,-1.0,0.16415074422041592
bodymassratio,G1,15,47,0.14124038026256225,5,0.8627241100864271,7.513114719170904,1.0,0.7658224146535606,0.7213730621849336,5.659574468085107,0.75,-0.028353787558188744
lmatrix,G1,15,47,0.25033952014486194,2,0.7538311219844454,3.136915346478764,2.0,1.116365183658814,0.8236772534684809,10.787234042553191,-0.9211391018619934,-0.21087007231163984
niche,G1,15,47,0.13490267089180624,4,0.8773386494626461,4.972213961376208,3.0,1.1046519552560148,0.447639041422304,5.361702127659575,0.4255111976630964,-0.5161023947151114
pfim_metaweb,G1,15,47,0.11815301041195111,4,0.8315850490246237,2.6510787329285788,3.0,1.7514742960613416,0.5464685034798675,4.574468085106383,-0.42614601018675724,-0.7494543867306853
pfim_downsample,G1,15,47,0.06835672249886826,3,0.9332146882061361,2.5053181818181818,4.0,1.8090462196447297,0.7225302403559418,2.234042553191489,-0.02247191011235955,-0.6065573770491803
random,G1,15,47,0.13263920325939338,5,0.9331703625638095,0.9941120671175324,1.0,0.3682480877758756,0.3543132987019229,5.25531914893617,0.7375328083989501,-0.0030643513789581204
adbm,G2,15,20,0.335,1,0.7712478180256975,3.2283763561541345,2.0,0.9112265351754215,0.7703879252869219,5.75,-1.0,-0.15756630265210608
bodymassratio,G2,15,20,0.085,3,0.9236570406474118,4.96875,4.0,0.635844275028919,1.337303625610037,0.75,0.8072289156626506,0.5588235294117647
lmatrix,G2,15,20,0.3,1,0.7916990026313607,3.0203703703703706,2.0,0.8950807732508138,0.9064421806715444,5.05,-1.0,0.010558069381598794
niche,G2,15,16,0.08203125,4,0.944802630141367,3.875,2.0,0.8673118129030697,1.1710800875382399,0.375,0.75,0.26666666666666666
pfim_metaweb,G2,15,20,0.175,3,0.7922802242263642,3.4594696969696974,2.0,1.4846149779161804,0.5676567244564473,2.55,-0.0963855421686747,-1.0
pfim_downsample,G2,15,20,0.125,3,0.890556918562522,3.453312629399586,2.0,1.4881991943638673,0.7167176644441768,1.55,0.2235294117647059,-0.7254901960784313
random,G2,15,19,0.060941828254847646,5,0.9560895430890548,3.8125,2.0,1.0484147813337086,0.82752798814675,0.21052631578947367,0.7894736842105263,-0.23809523809523808
adbm,G3,15,28,0.31505102040816324,1,0.7701109459436843,3.3422314695108803,2.0,0.9209713102962974,0.8098800254930186,7.857142857142857,-1.0,-0.10477178423236515
bodymassratio,G3,15,28,0.12372448979591837,3,0.8845736715707881,5.034308862433862,3.0,0.7048053278059996,0.9245199782377451,2.5,0.786096256684492,0.15343915343915343
lmatrix,G3,15,28,0.26658163265306123,1,0.7900770055660542,3.1336612105842883,2.0,0.9581226051821351,0.9650357344761921,6.5,-1.0,0.0056753688989784334
niche,G3,15,25,0.0736,5,0.9378137050162781,4.2057142857142855,2.0,1.2018121949726075,0.7134553865041744,0.88,0.7037037037037037,-0.37254901960784315
pfim_metaweb,G3,15,28,0.13010204081632654,3,0.790610335850184,3.112728937728937,2.0,1.6892443153121253,0.7096245515367301,2.6785714285714284,-0.21033210332103322,-0.9037433155080213
pfim_downsample,G3,15,28,0.08035714285714286,3,0.9296238471687673,2.885044642857143,2.0,1.7090629610540458,0.8170564003839158,1.2857142857142858,0.2571428571428571,-0.6326530612244898
random,G3,15,28,0.07142857142857142,9,0.9509108163245495,15.978142485077322,4.0,0.8050764858994133,0.6382847385042254,1.0357142857142858,0.8117647058823529,-0.13636363636363635
adbm,G4,15,44,0.315599173553719,1,0.7703156155952129,3.757927496375972,2.0,0.7816788110301409,0.9125175191391832,12.909090909090908,-1.0,0.12241907552950579
bodymassratio,G4,15,44,0.1565082644628099,5,0.8640945878106656,7.323818675778091,3.0,0.6273066489480901,0.5515982138662329,5.909090909090909,0.7211634904714143,-0.04693140794223827
lmatrix,G4,15,44,0.24948347107438015,1,0.7807030206645349,3.06477847926059,2.0,1.0788601800046214,0.8652267450485708,10.0,-1.0,-0.15249433106575963
niche,G4,15,42,0.09693877551020408,4,0.8838922317887739,4.807911706349206,2.0,1.0566248602549893,0.7406122347725157,3.0952380952380953,0.48186528497409326,-0.2237442922374429
pfim_metaweb,G4,15,44,0.1368801652892562,3,0.8504460455213982,3.1108560831960643,3.0,1.4653071707061418,0.5932664067256673,5.045454545454546,-0.19746835443037974,-0.6612149532710281
pfim_downsample,G4,15,44,0.08677685950413223,4,0.934618508462702,3.068818155488419,3.0,1.4753775491782812,0.6831339108065615,2.840909090909091,0.2620689655172414,-0.49940968122786306
random,G4,15,44,0.06714876033057851,8,0.9401354542780318,22.85952847513816,2.0,0.47280232587836624,0.6105174248756423,1.9772727272727273,0.8549848942598187,0.09508196721311475
adbm,G1,16,47,0.28021729289271163,1,0.7869121707140468,3.630500582542854,2.0,0.8454077140028501,1.0021115376156904,12.191489361702128,-1.0,0.14083648335568832
bodymassratio,G1,16,47,0.19284744228157538,5,0.8400523525742664,6.808620002068904,1.0,0.6520657730390315,0.6708679635110548,8.085106382978724,0.571281346616283,0.012236396771674042
lmatrix,G1,16,47,0.2037120869171571,1,0.8063450174013811,2.9559281035728806,2.0,1.2889191234168293,0.9437124756592846,8.595744680851064,-1.0,-0.24006500221598465
niche,G1,16,44,0.07489669421487603,5,0.9094474130148484,4.75,2.0,1.2867224544040095,0.7535354824114446,2.3181818181818183,0.4576271186440678,-0.3621460506706408
pfim_metaweb,G1,16,47,0.11815301041195111,4,0.8315850490246237,2.6510787329285788,3.0,1.7514742960613416,0.5464685034798675,4.574468085106383,-0.42614601018675724,-0.7494543867306853
pfim_downsample,G1,16,47,0.06835672249886826,5,0.9429632050852034,2.6343214624332094,4.0,1.7244067329518258,0.6323723123751607,2.234042553191489,0.29777777777777775,-0.630731102850062
random,G1,16,47,0.06745133544590312,7,0.9352653578452915,96.7114579139569,1.0,0.5708215671655141,0.5670195531069242,2.1914893617021276,0.8263305322128851,0.017241379310344827
adbm,G2,16,20,0.3075,1,0.8055913192417475,3.3293852311709453,2.0,0.8879064394785868,0.870496371008923,5.2,-1.0,-0.01867572156196944
bodymassratio,G2,16,20,0.1875,4,0.8837618412038833,6.036564625850339,1.0,0.5730803195291031,0.5986339224429361,2.8,0.6569037656903766,0.018518518518518517
lmatrix,G2,16,20,0.2275,1,0.8275885567430549,2.8661064425770313,2.0,1.017143736943202,1.0825269385443899,3.6,-1.0,0.04918032786885246
niche,G2,16,20,0.18,3,0.8780122978161949,4.798958333333333,3.0,0.9075168012986736,0.7877390516632202,2.65,0.22784810126582278,-0.1111111111111111
pfim_metaweb,G2,16,20,0.175,3,0.7922802242263642,3.4594696969696974,2.0,1.4846149779161804,0.5676567244564473,2.55,-0.0963855421686747,-1.0
pfim_downsample,G2,16,20,0.125,3,0.9064240390469753,3.485721371882086,2.0,1.4768387290354177,0.6805570473787205,1.55,0.1926605504587156,-0.7757009345794392
random,G2,16,20,0.1925,5,0.9184740557709844,0.7900613880342462,1.0,0.5975214598385931,0.37945292008009923,2.9,0.6060606060606061,-0.20430107526881722
adbm,G3,16,28,0.29846938775510207,1,0.7929272295938672,3.4395757540055794,2.0,0.9020562712267746,0.8709503137164634,7.392857142857143,-1.0,-0.029885057471264367
bodymassratio,G3,16,28,0.19260204081632654,4,0.8743319985088385,5.924511771786904,1.0,0.5650121767125648,0.599992257166396,4.428571428571429,0.6538461538461539,0.022988505747126436
lmatrix,G3,16,28,0.21683673469387754,1,0.8170507310745108,2.8686406926406938,2.0,1.0309574452307497,1.096142152087484,5.107142857142857,-1.0,0.04454486765655261
niche,G3,16,28,0.18112244897959184,4,0.8656351086630537,7.472222222222223,2.0,1.104966589279013,0.5601104903966598,4.107142857142857,-0.10422535211267606,-0.6414686825053996
pfim_metaweb,G3,16,28,0.13010204081632654,3,0.790610335850184,3.112728937728937,2.0,1.6892443153121253,0.7096245515367301,2.6785714285714284,-0.21033210332103322,-0.9037433155080213
pfim_downsample,G3,16,28,0.08035714285714286,3,0.9317166837312931,3.0978354978354976,2.0,1.6788307817589705,0.8170564003839158,1.2857142857142858,0.1875,-0.7396449704142012
random,G3,16,28,0.23469387755102042,4,0.9175773879563974,0.7031562318109944,1.0,0.25674408333907645,0.3714313027067048,5.607142857142857,0.545045045045045,0.029069767441860465
adbm,G4,16,44,0.3212809917355372,1,0.7724982291219551,3.3352088639104154,2.0,0.7803887066949418,0.8809765384905355,13.159090909090908,-1.0,0.09835616438356165
bodymassratio,G4,16,44,0.17510330578512398,4,0.8610918913319707,6.698490347422089,3.0,0.5165864721172329,0.492515471283825,6.7272727272727275,0.6888888888888889,-0.014213663457129757
lmatrix,G4,16,44,0.24896694214876033,1,0.7828761359199148,2.9140141819519743,2.0,1.046756872779145,0.883290160070361,9.977272727272727,-1.0,-0.1167192429022082
niche,G4,16,44,0.06921487603305786,4,0.9095259008302964,4.0,2.0,1.3675921536916709,0.6603509284090595,2.0681818181818183,0.46798029556650245,-0.44642857142857145
pfim_metaweb,G4,16,44,0.1368801652892562,3,0.8504460455213982,3.1108560831960643,3.0,1.4653071707061418,0.5932664067256673,5.045454545454546,-0.19746835443037974,-0.6612149532710281
pfim_downsample,G4,16,44,0.08677685950413223,3,0.9419979623603567,3.129107575080027,4.0,1.4775384122017674,0.6422108231246152,2.840909090909091,0.25257731958762886,-0.5642317380352645
random,G4,16,44,0.07386363636363637,7,0.9340739747402002,16.77214549418564,2.0,0.5517152407666288,0.5556916182785352,2.272727272727273,0.826865671641791,0.03812316715542522
adbm,G1,17,47,0.2915346310547759,1,0.7903969420322937,3.92548390454646,2.0,0.8397222326406929,0.9444661865422534,12.72340425531915,-1.0,0.09283331416081905
bodymassratio,G1,17,47,0.18243549117247623,4,0.8510020644386255,6.1885711222956346,1.0,0.6019614348678073,0.5870404844706452,7.595744680851064,0.6730964467005076,-0.009140767824497258
lmatrix,G1,17,47,0.21684019918515166,2,0.8029773626202653,3.0939956999412344,3.0,1.1594759385022915,0.95277858683055,9.212765957446809,-0.937799043062201,-0.1418468652250782
niche,G1,17,47,0.22453598913535536,3,0.8394172417024058,5.65504976056946,1.0,0.724034575553747,0.5028929971804434,9.574468085106384,0.16651982378854627,-0.19220481467329004
pfim_metaweb,G1,17,47,0.11815301041195111,4,0.8315850490246237,2.6510787329285788,3.0,1.7514742960613416,0.5464685034798675,4.574468085106383,-0.42614601018675724,-0.7494543867306853
pfim_downsample,G1,17,47,0.06835672249886826,3,0.932550434084575,2.593727453102453,3.0,1.8032157337003014,0.686660735820133,2.234042553191489,0.13043478260869565,-0.6316359696641387
random,G1,17,47,0.21865097329108193,3,0.9338890935841935,0.6490439374630407,1.0,0.2531827325360809,0.2440755449459097,9.297872340425531,0.588021778584392,-0.0016806722689075631
adbm,G2,17,20,0.3025,1,0.783150803772435,2.773544973544974,2.0,0.9792970884699677,0.7835312706863742,5.1,-1.0,-0.18633540372670807
bodymassratio,G2,17,20,0.175,4,0.8828954954863468,5.725446428571428,4.0,0.6043167307491765,0.6716604942594675,2.55,0.7731958762886598,0.04424778761061947
lmatrix,G2,17,20,0.22,1,0.8172406546359695,2.838461538461538,2.0,0.9309571234617778,1.17378573204763,3.45,-1.0,0.17343173431734318
niche,G2,17,18,0.1419753086419753,4,0.9293707163257653,2.404925713499026,2.0,1.2889112134240637,0.8188537822683845,1.6111111111111112,-0.11538461538461539,-0.39655172413793105
pfim_metaweb,G2,17,20,0.175,3,0.7922802242263642,3.4594696969696974,2.0,1.4846149779161804,0.5676567244564473,2.55,-0.0963855421686747,-1.0
pfim_downsample,G2,17,20,0.125,3,0.9253427774732366,3.510379464285714,3.0,1.465390194130093,0.642364054837573,1.55,0.2826086956521739,-0.7916666666666666
random,G2,17,20,0.1875,4,0.9117244215081053,41.670453504200076,3.0,0.5394387379923541,0.4485193314042048,2.8,0.5405405405405406,-0.01818181818181818
adbm,G3,17,28,0.2767857142857143,1,0.8071934933220197,2.874033074437933,2.0,0.9524883080400618,0.8992059377344291,6.785714285714286,-1.0,-0.044642857142857144
bodymassratio,G3,17,28,0.18494897959183673,4,0.858595169238057,5.74988598507117,4.0,0.6039461547641529,0.6307905229487735,4.214285714285714,0.7331136738056013,0.016666666666666666
lmatrix,G3,17,28,0.1951530612244898,1,0.8190108084795927,2.902631578947367,2.0,1.06882379268165,1.179181362838623,4.5,-1.0,0.07225433526011561
niche,G3,17,28,0.11096938775510204,3,0.8931898953248495,3.86670524691358,2.0,1.0302548293185119,0.4981235862287211,2.142857142857143,0.40217391304347827,-0.4485981308411215
pfim_metaweb,G3,17,28,0.13010204081632654,3,0.790610335850184,3.112728937728937,2.0,1.6892443153121253,0.7096245515367301,2.6785714285714284,-0.21033210332103322,-0.9037433155080213
pfim_downsample,G3,17,28,0.08035714285714286,3,0.9292150892748137,3.0579872802095025,2.0,1.7218571231220878,0.7804187965076104,1.2857142857142858,0.234375,-0.7704918032786885
random,G3,17,28,0.12244897959183673,6,0.9300506520372875,1.0866869748605308,1.0,0.6015668841029921,0.47249447489529905,2.4642857142857144,0.7185929648241206,-0.12849162011173185
adbm,G4,17,44,0.303202479338843,1,0.7806992625176838,3.8917488331964547,2.0,0.8045506082890295,0.9296269636546963,12.363636363636363,-1.0,0.11527777777777778
bodymassratio,G4,17,44,0.17768595041322313,5,0.8490264751985775,7.100451565630137,4.0,0.5748523115088257,0.5560115825887376,6.840909090909091,0.6894463667820069,-0.011345218800648298
lmatrix,G4,17,44,0.22985537190082644,1,0.7965147398380598,3.0855159865075032,2.0,1.1456127637919735,0.8959264371046584,9.136363636363637,-1.0,-0.17328798886999536
niche,G4,17,44,0.12706611570247933,4,0.88422957094231,5.949258018190521,2.0,1.1327448883084854,0.523699824409381,4.613636363636363,0.23777019340159272,-0.5625
pfim_metaweb,G4,17,44,0.1368801652892562,3,0.8504460455213982,3.1108560831960643,3.0,1.4653071707061418,0.5932664067256673,5.045454545454546,-0.19746835443037974,-0.6612149532710281
pfim_downsample,G4,17,44,0.08677685950413223,4,0.9349260048755419,3.0533975030980383,2.0,1.459069073339658,0.6496198978687525,2.840909090909091,0.1164021164021164,-0.6122177954847278
random,G4,17,44,0.14979338842975207,5,0.9301653485727521,1.3482919655525083,1.0,0.3633699466241947,0.35290616983024786,5.613636363636363,0.6910699919549477,-0.0009832841691248771
adbm,G1,18,47,0.2919873245812585,1,0.7730201098011655,3.3068004617305866,2.0,0.8640208674398043,0.9141356409060037,12.74468085106383,-1.0,0.04252037893809209
bodymassratio,G1,18,47,0.19103666817564507,4,0.8466034597947345,6.048730459085564,3.0,0.6080255770607826,0.5216119053729636,8.0,0.6945244956772334,-0.05023591451568138
lmatrix,G1,18,47,0.20823902218198279,1,0.7874658983021355,2.857812723911793,2.0,1.1084474684225327,1.0349663662673667,8.808510638297872,-1.0,-0.04742380757140905
niche,G1,18,47,0.19330013580805794,5,0.8523071450351681,5.336964147736833,3.0,1.0439229495578135,0.4807885479729246,8.106382978723405,0.0068520757758968156,-0.521870286576169
pfim_metaweb,G1,18,47,0.11815301041195111,4,0.8315850490246237,2.6510787329285788,3.0,1.7514742960613416,0.5464685034798675,4.574468085106383,-0.42614601018675724,-0.7494543867306853
pfim_downsample,G1,18,47,0.06835672249886826,4,0.9400306649203318,2.61453488372093,3.0,1.7773343847063243,0.6051419282979783,2.234042553191489,0.21465968586387435,-0.6595744680851063
random,G1,18,47,0.20778632865550023,3,0.9323043637444817,0.7332171442562058,1.0,0.2360367037213734,0.2866249754812467,8.787234042553191,0.6188565697091274,0.01762917933130699
adbm,G2,18,20,0.2825,1,0.793531694265387,2.8746762496762504,2.0,1.0899505954085968,0.7337525030255351,4.7,-1.0,-0.3192868719611021
bodymassratio,G2,18,20,0.1925,3,0.8676616137472504,4.90577380952381,4.0,0.6208367030245183,0.680849163304772,2.9,0.6186440677966102,0.04417670682730924
lmatrix,G2,18,20,0.2075,1,0.7883259200412731,2.7000000000000006,2.0,0.7789508373611862,1.3569743801607488,3.2,-1.0,0.38549618320610685
niche,G2,18,20,0.0925,3,0.9273451291898971,3.208333333333333,2.0,1.1129720126809615,0.614436800955963,0.9,0.7333333333333333,-0.26666666666666666
pfim_metaweb,G2,18,20,0.175,3,0.7922802242263642,3.4594696969696974,2.0,1.4846149779161804,0.5676567244564473,2.55,-0.0963855421686747,-1.0
pfim_downsample,G2,18,20,0.125,3,0.880880799195265,3.5470145089285716,2.0,1.4768387290354177,0.6928203230275509,1.55,0.1282051282051282,-0.86
random,G2,18,20,0.11,8,0.936948010115012,9.093780282094535,3.0,0.5824757050156248,0.7164262960476475,1.25,0.8305084745762712,0.2413793103448276
adbm,G3,18,28,0.2755102040816326,1,0.780383083949917,3.0093982977806495,2.0,1.0512571011216234,0.7958575369518724,6.75,-1.0,-0.20564297341291374
bodymassratio,G3,18,28,0.20535714285714285,3,0.8475500467118094,5.092949656714538,4.0,0.6236937620681163,0.6448868249648403,4.785714285714286,0.597667638483965,0.014150943396226415
lmatrix,G3,18,28,0.19387755102040816,1,0.7975110197288143,2.733333333333333,2.0,0.855881467905296,1.3381913652730353,4.464285714285714,-1.0,0.29879347054648686
niche,G3,18,25,0.0624,4,0.9360208680372909,4.0625,2.0,1.3980630600816741,0.7185970820854801,0.6,0.7209302325581395,-0.5121951219512195
pfim_metaweb,G3,18,28,0.13010204081632654,3,0.790610335850184,3.112728937728937,2.0,1.6892443153121253,0.7096245515367301,2.6785714285714284,-0.21033210332103322,-0.9037433155080213
pfim_downsample,G3,18,28,0.08035714285714286,3,0.9279659113789342,3.6247231450719815,3.0,1.7638342073763937,0.8259619103050732,1.2857142857142858,0.11538461538461539,-0.7674418604651163
random,G3,18,27,0.06035665294924554,7,0.9590934058148385,7.500000000000001,4.0,0.8867669872998096,0.6401609977091085,0.6666666666666666,0.8153846153846154,-0.2653061224489796
adbm,G4,18,44,0.30010330578512395,1,0.7795206124511805,3.9739870126301864,2.0,0.8261459457579535,0.9310454891822026,12.227272727272727,-1.0,0.0976954616145907
bodymassratio,G4,18,44,0.18336776859504134,5,0.8485787103522574,6.821616483137218,3.0,0.6333451053178096,0.5822056200109691,7.090909090909091,0.6393024245002127,-0.03225806451612903
lmatrix,G4,18,44,0.22520661157024793,1,0.7892761564619724,2.9268725879704003,2.0,1.1510099405977767,0.9205132782099222,8.931818181818182,-1.0,-0.1649214659685864
niche,G4,18,42,0.07312925170068027,4,0.9147211856523935,5.5,2.0,0.8847800919163238,0.7589467774862311,2.0952380952380953,0.5725806451612904,-0.13984168865435356
pfim_metaweb,G4,18,44,0.1368801652892562,3,0.8504460455213982,3.1108560831960643,3.0,1.4653071707061418,0.5932664067256673,5.045454545454546,-0.19746835443037974,-0.6612149532710281
pfim_downsample,G4,18,44,0.08677685950413223,4,0.9302462897107637,3.744159451113842,4.0,1.5553813343649296,0.7083548532424361,2.840909090909091,0.16393442622950818,-0.571753986332574
random,G4,18,44,0.08109504132231404,7,0.9373962117938471,1.8928995171429128,1.0,0.4457836869120166,0.461882775518531,2.590909090909091,0.8450363196125908,-0.024930747922437674
adbm,G1,19,47,0.3123585332729742,1,0.7789544459671897,4.094438824080758,2.0,0.8134461609519062,0.9034487011605102,13.702127659574469,-1.0,0.08946507825274469
bodymassratio,G1,19,47,0.17292892711634222,5,0.8585173774598124,7.00829913262785,4.0,0.611221021218966,0.5892912273282989,7.148936170212766,0.6716077537058153,-0.013540961408259987
lmatrix,G1,19,47,0.23902218198279765,2,0.7929816584233844,3.1022596789344177,3.0,1.078966065657683,0.9362174489134978,10.25531914893617,-0.9584926269797924,-0.10786720062007493
niche,G1,19,47,0.1842462652784065,4,0.855968084443778,6.7465245437186105,2.0,0.8531182774533377,0.5884739996799334,7.680851063829787,0.06291245050593929,-0.22881785895484524
pfim_metaweb,G1,19,47,0.11815301041195111,4,0.8315850490246237,2.6510787329285788,3.0,1.7514742960613416,0.5464685034798675,4.574468085106383,-0.42614601018675724,-0.7494543867306853
pfim_downsample,G1,19,47,0.06835672249886826,4,0.9349483712888184,2.848621084236163,3.0,1.8275787810542976,0.5542790581050298,2.234042553191489,0.21428571428571427,-0.731764705882353
random,G1,19,47,0.19646899049343594,4,0.9349670059030095,0.742104852194018,1.0,0.268337389381898,0.3154992403565165,8.25531914893617,0.5960591133004927,0.008392511297611363
adbm,G2,19,20,0.315,1,0.8001224556676191,3.77311140505585,2.0,0.9156086687713313,0.8369159572358138,5.35,-1.0,-0.09154929577464789
bodymassratio,G2,19,20,0.16,5,0.9032837165449766,6.711005291005292,1.0,0.5963843912320838,0.7827288634541405,2.25,0.6574585635359116,0.14450867052023122
lmatrix,G2,19,20,0.24,2,0.8330386210503358,3.171701388888889,3.0,1.0084620042595,1.0484428721396084,3.85,-0.7935483870967742,0.03272727272727273
niche,G2,19,19,0.09418282548476455,3,0.9147136725582877,3.0787037037037037,2.0,1.3116020298321234,0.6606562976012332,0.8421052631578947,0.5151515151515151,-0.6065573770491803
pfim_metaweb,G2,19,20,0.175,3,0.7922802242263642,3.4594696969696974,2.0,1.4846149779161804,0.5676567244564473,2.55,-0.0963855421686747,-1.0
pfim_downsample,G2,19,20,0.125,4,0.9150205072104004,3.3812893081761013,2.0,1.53828339049529,0.6553424175273003,1.55,0.2564102564102564,-0.7049180327868853
random,G2,19,20,0.095,8,0.9389904905852767,10.83755953147123,2.0,0.6808997246649766,0.6133091606596625,0.95,0.7894736842105263,-0.043478260869565216
adbm,G3,19,28,0.2895408163265306,1,0.7970413581697906,3.924386940673705,2.0,0.9269139970261016,0.9022687327930854,7.142857142857143,-1.0,-0.024125452352231604
bodymassratio,G3,19,28,0.18877551020408162,5,0.8629241622995135,6.672265625,4.0,0.608936150731832,0.7224453839136517,4.321428571428571,0.5698587127158555,0.08177905308464849
lmatrix,G3,19,28,0.21556122448979592,2,0.8230616781656884,3.2623105155713863,3.0,1.067542890617215,1.1022164984335951,5.071428571428571,-0.8451612903225807,0.025748086290883786
niche,G3,19,28,0.14158163265306123,3,0.8867405896654222,4.41191962358629,2.0,0.9500190365479194,0.5763784277467814,3.0,0.3793103448275862,-0.3005464480874317
pfim_metaweb,G3,19,28,0.13010204081632654,3,0.790610335850184,3.112728937728937,2.0,1.6892443153121253,0.7096245515367301,2.6785714285714284,-0.21033210332103322,-0.9037433155080213
pfim_downsample,G3,19,28,0.08035714285714286,3,0.9204470262808513,3.064102564102564,2.0,1.7803479363812698,0.7897375600849125,1.2857142857142858,0.22916666666666666,-0.6761133603238867
random,G3,19,28,0.1288265306122449,5,0.9402350675280893,23.432551609137217,2.0,0.5353321148864889,0.46105504251089957,2.642857142857143,0.7398373983739838,-0.04390243902439024
adbm,G4,19,44,0.3228305785123967,1,0.7813927809894017,3.8875350051171735,2.0,0.7764927325615676,0.8952194606858687,13.227272727272727,-1.0,0.12541879096868172
bodymassratio,G4,19,44,0.16942148760330578,5,0.8550266987526897,7.175886487467239,4.0,0.5825466237779735,0.5946338066638182,6.4772727272727275,0.654320987654321,0.0077661032434901784
lmatrix,G4,19,44,0.25,2,0.7876178349311129,3.143932475929097,3.0,1.0742204822269505,0.8557276694840388,10.022727272727273,-0.8556119571347998,-0.169893139228744
niche,G4,19,44,0.19163223140495866,4,0.8442994612262671,5.078492828400336,3.0,0.9666830689440487,0.4869140087774815,7.454545454545454,0.12093766648907832,-0.36665266694666104
pfim_metaweb,G4,19,44,0.1368801652892562,3,0.8504460455213982,3.1108560831960643,3.0,1.4653071707061418,0.5932664067256673,5.045454545454546,-0.19746835443037974,-0.6612149532710281
pfim_downsample,G4,19,44,0.08677685950413223,4,0.9325090729957188,3.0578867418551456,2.0,1.548185431754672,0.715078924651486,2.840909090909091,0.14195583596214512,-0.5330396475770925
random,G4,19,44,0.16477272727272727,4,0.9302316169157102,0.7570920949312252,1.0,0.2901283033951319,0.3163894981195901,6.2727272727272725,0.6857585139318886,0.03398558187435633
adbm,G1,20,47,0.3046627433227705,1,0.7517130313201914,3.9089393746415904,2.0,0.8200196918562019,0.9197222326288234,13.340425531914894,-1.0,0.08975202984419574
bodymassratio,G1,20,47,0.18243549117247623,5,0.8377755675655139,6.724315935767506,3.0,0.5814735444529274,0.5990069793716877,7.595744680851064,0.6397182153639718,0.011086474501108648
lmatrix,G1,20,47,0.22589406971480308,1,0.7927579921949071,2.9284020472991066,2.0,1.114893649192541,0.9424064072317406,9.638297872340425,-1.0,-0.11917098445595854
niche,G1,20,47,0.1448619284744228,3,0.8706541409438173,5.450733319170139,2.0,1.1200910031327425,0.39415255043739644,5.829787234042553,0.2871287128712871,-0.5240793201133145
pfim_metaweb,G1,20,47,0.11815301041195111,4,0.8315850490246237,2.6510787329285788,3.0,1.7514742960613416,0.5464685034798675,4.574468085106383,-0.42614601018675724,-0.7494543867306853
pfim_downsample,G1,20,47,0.06835672249886826,4,0.9393123501634316,3.0807998350855486,4.0,1.7510705433689697,0.6422861410513618,2.234042553191489,0.16334661354581673,-0.6639439906651109
random,G1,20,47,0.1448619284744228,4,0.9392452172083257,0.8092669106526381,1.0,0.34869893560235793,0.30261751557650396,5.829787234042553,0.71869918699187,0.008016032064128256
adbm,G2,20,20,0.33,1,0.8006323542306044,3.647135416666667,2.0,0.8377078165833911,0.8362642383668988,5.65,-1.0,-0.0016260162601626016
bodymassratio,G2,20,20,0.1575,5,0.9072154939257814,6.812358024691359,1.0,0.5667215397613223,0.6853413386003392,2.2,0.654054054054054,0.0958904109589041
lmatrix,G2,20,20,0.25,1,0.7985336830195963,2.821428571428572,2.0,0.9689929661360049,1.021866197853608,4.05,-1.0,0.041050903119868636
niche,G2,20,20,0.1925,3,0.8920165295290635,4.776368661100804,2.0,0.8687464134795558,0.4151997536271243,2.9,0.30120481927710846,-0.35365853658536583
pfim_metaweb,G2,20,20,0.175,3,0.7922802242263642,3.4594696969696974,2.0,1.4846149779161804,0.5676567244564473,2.55,-0.0963855421686747,-1.0
pfim_downsample,G2,20,20,0.125,3,0.8939339343619169,3.3293075684380025,2.0,1.4881991943638673,0.7283723744002607,1.55,0.2,-0.6494845360824743
random,G2,20,20,0.1725,5,0.9277344567398412,19.031514536376374,1.0,0.48387934786941594,0.4150093061819233,2.5,0.6451612903225806,-0.010309278350515464
adbm,G3,20,28,0.3125,1,0.7746132286872084,3.769253000787092,2.0,0.855023835712893,0.8679390624780976,7.785714285714286,-1.0,0.012756516916250694
bodymassratio,G3,20,28,0.1683673469387755,5,0.891041764855122,6.793717972271212,1.0,0.6078536886947747,0.639907825896544,3.75,0.7022058823529411,0.021352313167259787
lmatrix,G3,20,28,0.22959183673469388,1,0.7880412549817054,2.8203962703962713,2.0,1.0111585933770326,1.061320622239852,5.464285714285714,-1.0,0.035108958837772396
niche,G3,20,25,0.0816,4,0.9036366070885029,4.0,2.0,1.4113902008713695,0.8309269369340602,1.08,0.4117647058823529,-0.42857142857142855
pfim_metaweb,G3,20,28,0.13010204081632654,3,0.790610335850184,3.112728937728937,2.0,1.6892443153121253,0.7096245515367301,2.6785714285714284,-0.21033210332103322,-0.9037433155080213
pfim_downsample,G3,20,28,0.08035714285714286,3,0.9162008084515807,2.9938794726930316,2.0,1.674467341549232,0.8691217731752118,1.2857142857142858,0.3069306930693069,-0.5607476635514018
random,G3,20,26,0.07100591715976332,8,0.9526471359908456,8.214285714285714,3.0,0.625943731940464,0.9023888050921041,0.8846153846153846,0.9384615384615385,0.20454545454545456
adbm,G4,20,44,0.3119834710743802,1,0.7556637710655105,3.906710927182228,2.0,0.7992987850350538,0.9018788044046193,12.75,-1.0,0.09591642924976258
bodymassratio,G4,20,44,0.17923553719008264,5,0.8530061832570563,6.7564765935025175,4.0,0.5605833789511951,0.5211783937377937,6.909090909090909,0.6789324706833805,-0.02395964691046658
lmatrix,G4,20,44,0.23553719008264462,1,0.7848967083457381,2.8058486751416685,2.0,1.1025463166670664,0.897502545440035,9.386363636363637,-1.0,-0.1444698703279939
niche,G4,20,43,0.07517577068685775,4,0.921463157811326,4.51875,3.0,1.0881648158617128,0.6711262798721734,2.255813953488372,0.4652777777777778,-0.3159041394335512
pfim_metaweb,G4,20,44,0.1368801652892562,3,0.8504460455213982,3.1108560831960643,3.0,1.4653071707061418,0.5932664067256673,5.045454545454546,-0.19746835443037974,-0.6612149532710281
pfim_downsample,G4,20,44,0.08677685950413223,4,0.9388379246674536,2.8520793975999785,3.0,1.4546892681777204,0.6807947683683114,2.840909090909091,0.19008264462809918,-0.5164835164835165
random,G4,20,44,0.07954545454545454,8,0.9357437014407162,1.5644167749951814,1.0,0.45070213640163775,0.4753037147576889,2.522727272727273,0.8306010928961749,0.03536977491961415
adbm,G1,21,47,0.3051154368492531,1,0.7631683681649937,3.333004318061507,2.0,0.8206304329658178,0.9127196444262587,13.361702127659575,-1.0,0.0838795689367848
bodymassratio,G1,21,47,0.17881394296061567,4,0.8512326776958682,6.108878771885807,1.0,0.5249413491243395,0.547330286304793,7.425531914893617,0.6804407713498623,0.01330603889457523
lmatrix,G1,21,47,0.23268447261204164,1,0.7743018366918444,2.8373196161299856,2.0,1.089029660871129,0.9432431855698159,9.957446808510639,-1.0,-0.1007292052898282
niche,G1,21,45,0.06419753086419754,5,0.9105642826626911,3.75,2.0,1.0151819568897025,1.0098026799299753,1.9111111111111112,0.5340909090909091,-0.02982107355864811
pfim_metaweb,G1,21,47,0.11815301041195111,4,0.8315850490246237,2.6510787329285788,3.0,1.7514742960613416,0.5464685034798675,4.574468085106383,-0.42614601018675724,-0.7494543867306853
pfim_downsample,G1,21,47,0.06835672249886826,4,0.9358604341930881,2.6609322390572387,3.0,1.7844301628574015,0.6866607358201331,2.234042553191489,0.21465968586387435,-0.6114160263446762
random,G1,21,47,0.06609325486645541,7,0.9415640003955746,1.9502274476148764,1.0,0.597498736621684,0.5252638952328043,2.127659574468085,0.8674351585014409,-0.08978328173374613
adbm,G2,21,20,0.3125,1,0.7641699556001275,2.587205387205387,2.0,0.9942995418621937,0.717187489250086,5.3,-1.0,-0.2626865671641791
bodymassratio,G2,21,20,0.15,4,0.9192874463051975,5.747222222222222,1.0,0.6021404316396672,0.7647191129018726,2.05,0.7481481481481481,0.11377245508982035
lmatrix,G2,21,20,0.2525,1,0.7598608887923562,2.5454545454545454,2.0,0.7282091514120295,1.2078866207931087,4.1,-1.0,0.3435114503816794
niche,G2,21,20,0.2325,4,0.8664458047815499,4.745222701149426,2.0,0.8833201494203657,0.4427953168730707,3.7,-0.16379310344827586,-0.7671232876712328
pfim_metaweb,G2,21,20,0.175,3,0.7922802242263642,3.4594696969696974,2.0,1.4846149779161804,0.5676567244564473,2.55,-0.0963855421686747,-1.0
pfim_downsample,G2,21,20,0.125,3,0.9042805202087426,3.48875,2.0,1.5654157006333729,0.7048702754856088,1.55,0.1650485436893204,-0.7815126050420168
random,G2,21,20,0.225,4,0.9204975424195747,0.8110207238283228,1.0,0.2838517216260023,0.36407912084850014,3.55,0.6363636363636364,0.06779661016949153
adbm,G3,21,28,0.3112244897959184,1,0.7551433032468068,2.797448165869218,2.0,0.9327150151100535,0.7731805969759123,7.75,-1.0,-0.1453882230328296
bodymassratio,G3,21,28,0.1683673469387755,4,0.8802564604441709,5.412698412698412,4.0,0.5411351610496515,0.574012358818211,3.75,0.7980952380952381,0.01926444833625219
lmatrix,G3,21,28,0.24107142857142858,1,0.7860351714922242,2.6111111111111116,2.0,0.868185975570681,1.0995281026277688,5.785714285714286,-1.0,0.15891032917139614
niche,G3,21,28,0.15943877551020408,2,0.8548938845363522,3.3650404536983483,2.0,1.1844843854012004,0.5296674008805484,3.5,0.12883435582822086,-0.525305410122164
pfim_metaweb,G3,21,28,0.13010204081632654,3,0.790610335850184,3.112728937728937,2.0,1.6892443153121253,0.7096245515367301,2.6785714285714284,-0.21033210332103322,-0.9037433155080213
pfim_downsample,G3,21,28,0.08035714285714286,3,0.9263979630758526,3.3083333333333327,3.0,1.7133382972178337,0.885797092081585,1.2857142857142858,0.4025974025974026,-0.5148514851485149
random,G3,21,28,0.19260204081632654,4,0.9161327233477444,0.7776229366878484,1.0,0.3720241751787146,0.44094888201850285,4.428571428571429,0.5353075170842825,0.025936599423631124
adbm,G4,21,44,0.3269628099173554,1,0.7661936263473409,3.9840173871568783,2.0,0.7788405396041315,0.8696333836988207,13.409090909090908,-1.0,0.09125787887092354
bodymassratio,G4,21,44,0.16632231404958678,5,0.866401232856366,7.014588126998558,4.0,0.48133593860736384,0.5424151298757637,6.340909090909091,0.7169722614010343,0.03532875368007851
lmatrix,G4,21,44,0.2556818181818182,1,0.7808630352472211,2.920301845708762,2.0,1.0419399297040521,0.8658778627239098,10.272727272727273,-1.0,-0.12960862166761203
niche,G4,21,44,0.15857438016528927,4,0.8613936101856634,5.275798779418265,2.0,0.9796424258266825,0.5411308071605694,6.0,0.15846257585974377,-0.3788130892956184
pfim_metaweb,G4,21,44,0.1368801652892562,3,0.8504460455213982,3.1108560831960643,3.0,1.4653071707061418,0.5932664067256673,5.045454545454546,-0.19746835443037974,-0.6612149532710281
pfim_downsample,G4,21,44,0.08677685950413223,6,0.9368929592795885,3.1937969653716336,3.0,1.5635646718126062,0.6471596311968201,2.840909090909091,0.1901840490797546,-0.5634743875278396
random,G4,21,44,0.14204545454545456,5,0.9320232789115043,0.9463860435649321,1.0,0.36701181781872455,0.4011147258027483,5.2727272727272725,0.678963110667996,-0.010101010101010102
adbm,G1,22,47,0.29289271163422365,1,0.7783255096349407,3.316151164776195,2.0,0.8492128342619729,0.9251165731861702,12.787234042553191,-1.0,0.0642161689093097
bodymassratio,G1,22,47,0.17881394296061567,4,0.8518432882828744,5.970063646545296,4.0,0.6034937721936322,0.5518106194143853,7.425531914893617,0.709621396318166,-0.030551181102362206
lmatrix,G1,22,47,0.21684019918515166,1,0.7844033438855067,2.883303074634344,2.0,1.0981022759272592,0.998892158436313,9.212765957446809,-1.0,-0.06458739441195581
niche,G1,22,47,0.19511090991398822,4,0.847105788705652,6.018611060758891,2.0,0.8854254065209044,0.34055702557469364,8.191489361702128,0.18467741935483872,-0.49097815764482433
pfim_metaweb,G1,22,47,0.11815301041195111,4,0.8315850490246237,2.6510787329285788,3.0,1.7514742960613416,0.5464685034798675,4.574468085106383,-0.42614601018675724,-0.7494543867306853
pfim_downsample,G1,22,47,0.06835672249886826,5,0.9436579475540959,2.4159737101656296,4.0,1.7785189803791024,0.6290329824018719,2.234042553191489,0.1414141414141414,-0.6497041420118344
random,G1,22,47,0.20733363512901765,3,0.9321285486758142,0.6064418739903173,1.0,0.3118999562326125,0.28745420562731294,8.76595744680851,0.5330508474576271,-0.009066666666666667
adbm,G2,22,20,0.3125,1,0.7955558117093761,3.2890812890812886,2.0,0.969601111689479,0.7591685202280605,5.3,-1.0,-0.21462639109697934
bodymassratio,G2,22,20,0.165,4,0.8850055476334572,5.774016666666667,4.0,0.6068575302787026,0.6302968960565198,2.35,0.7156862745098039,0.017341040462427744
lmatrix,G2,22,20,0.2375,1,0.8041147289397003,2.9742857142857133,2.0,0.8445256076450358,1.1748941008135794,3.8,-1.0,0.2469775474956822
niche,G2,22,19,0.21329639889196675,3,0.8726184609802984,4.50623833382454,3.0,0.8326218360279476,0.5167678089313127,3.1052631578947367,0.37748344370860926,-0.1092436974789916
pfim_metaweb,G2,22,20,0.175,3,0.7922802242263642,3.4594696969696974,2.0,1.4846149779161804,0.5676567244564473,2.55,-0.0963855421686747,-1.0
pfim_downsample,G2,22,20,0.125,3,0.9062862234998673,3.317460317460317,2.0,1.5491933384829668,0.6553424175273003,1.55,0.10588235294117647,-0.746268656716418
random,G2,22,20,0.1975,5,0.9122188703100763,0.85880018925214,1.0,0.4226287975061987,0.43053647653722804,3.0,0.6503496503496503,-0.043478260869565216
adbm,G3,22,28,0.29591836734693877,1,0.784444187908157,3.2868807346656617,2.0,0.9704535371775899,0.8011420042862815,7.321428571428571,-1.0,-0.14914163090128754
bodymassratio,G3,22,28,0.17091836734693877,4,0.8813845375307149,5.7758439382146145,5.0,0.6213131648059369,0.5919910232564461,3.8214285714285716,0.7628318584070797,-0.018302828618968387
lmatrix,G3,22,28,0.22321428571428573,1,0.7845883813068887,3.107137937819756,2.0,0.8909753290843899,1.1842922562223177,5.285714285714286,-1.0,0.20277953253316489
niche,G3,22,24,0.0763888888888889,3,0.9302882227566892,3.4,2.0,1.2108029722400502,0.919310150836783,0.875,0.8181818181818182,-0.2413793103448276
pfim_metaweb,G3,22,28,0.13010204081632654,3,0.790610335850184,3.112728937728937,2.0,1.6892443153121253,0.7096245515367301,2.6785714285714284,-0.21033210332103322,-0.9037433155080213
pfim_downsample,G3,22,28,0.08035714285714286,3,0.9160350812066725,3.0000000000000004,3.0,1.78034793638127,0.8774990441440425,1.2857142857142858,0.15789473684210525,-0.5784313725490197
random,G3,22,27,0.07133058984910837,8,0.9549647493922979,16.742358777404384,2.0,0.5746998583377398,0.7472640127687432,0.9629629629629629,0.8227848101265823,0.15151515151515152
adbm,G4,22,44,0.30888429752066116,1,0.7803190586741205,3.6938687445299765,2.0,0.8068434222237506,0.9010548085675805,12.613636363636363,-1.0,0.08622318175684793
bodymassratio,G4,22,44,0.18130165289256198,4,0.8468170019543624,6.001158378190389,3.0,0.5423793442571635,0.49073445408484356,7.0,0.7624084621643613,-0.0281093569503273
lmatrix,G4,22,44,0.22572314049586778,1,0.7836331162599489,2.9307986692022223,2.0,1.055204367319996,0.9861391943104618,8.954545454545455,-1.0,-0.04579568080869965
niche,G4,22,43,0.08923742563547864,4,0.9134156487321039,4.462797619047619,3.0,1.0937920859515387,0.5392966496237686,2.86046511627907,0.6065573770491803,-0.37518248175182484
pfim_metaweb,G4,22,44,0.1368801652892562,3,0.8504460455213982,3.1108560831960643,3.0,1.4653071707061418,0.5932664067256673,5.045454545454546,-0.19746835443037974,-0.6612149532710281
pfim_downsample,G4,22,44,0.08677685950413223,4,0.9219222668428627,3.1999236120010823,3.0,1.5284829359301075,0.671356703111577,2.840909090909091,0.192090395480226,-0.5595238095238095
random,G4,22,44,0.08471074380165289,6,0.9376684546472032,1.0202879996740897,1.0,0.4023917536994847,0.45693593495501134,2.75,0.8775510204081632,0.03412073490813648
adbm,G1,23,47,0.30013580805794476,1,0.7694159575898953,3.4194243770820325,2.0,0.8189085675580484,0.9237276524988025,13.127659574468085,-1.0,0.09192874422696283
bodymassratio,G1,23,47,0.18560434585785424,4,0.845183261662787,5.993166770628567,1.0,0.5443886950418299,0.5480497078458034,7.74468085106383,0.771674387822634,0.0019880715705765406
lmatrix,G1,23,47,0.21910366681756452,1,0.7765526862788449,2.9969978403948994,2.0,1.1384002427321753,0.9553067710462401,9.319148936170214,-1.0,-0.12172894154406978
niche,G1,23,47,0.11090991398822997,5,0.890333273610731,4.833333333333333,2.0,1.0126870259785774,0.6523137914448073,4.23404255319149,0.41245593419506466,-0.26892573900504685
pfim_metaweb,G1,23,47,0.11815301041195111,4,0.8315850490246237,2.6510787329285788,3.0,1.7514742960613416,0.5464685034798675,4.574468085106383,-0.42614601018675724,-0.7494543867306853
pfim_downsample,G1,23,47,0.06835672249886826,3,0.9344251073799015,2.7443181818181817,3.0,1.8275787810542976,0.683586656984857,2.234042553191489,0.17333333333333334,-0.643312101910828
random,G1,23,47,0.1086464463558171,5,0.9366328056852193,1.08780197830102,1.0,0.3470512864269891,0.41085255121585856,4.127659574468085,0.7865311308767471,0.005952380952380952
adbm,G2,23,20,0.3275,1,0.7712109019580367,3.247394169616391,2.0,0.8881176474732425,0.8116126788754472,5.6,-1.0,-0.08141321044546851
bodymassratio,G2,23,20,0.1475,4,0.8973363572581303,6.054398148148148,1.0,0.4853498665517408,0.6821902304236647,2.0,0.8013245033112583,0.13286713286713286
lmatrix,G2,23,20,0.26,1,0.7816851432459738,2.9801020408163263,2.0,0.8568517694693336,1.0636106044540896,4.25,-1.0,0.16037735849056603
niche,G2,23,20,0.17,4,0.8852230349203452,3.9221517713365537,1.0,1.0728347130929312,0.48092365450683977,2.45,0.23636363636363636,-0.5757575757575758
pfim_metaweb,G2,23,20,0.175,3,0.7922802242263642,3.4594696969696974,2.0,1.4846149779161804,0.5676567244564473,2.55,-0.0963855421686747,-1.0
pfim_downsample,G2,23,20,0.125,3,0.9153417755500642,3.3974041005291,3.0,1.4994735918420101,0.6291180125256394,1.55,0.18604651162790697,-0.7383177570093458
random,G2,23,20,0.1425,6,0.9229285868341597,9.715713061630165,4.0,0.6053334095486144,0.6664722465206055,1.9,0.7142857142857143,0.15789473684210525
adbm,G3,23,28,0.3201530612244898,1,0.7605817663697059,3.340923085170763,2.0,0.8885391783801335,0.8115459505622294,8.0,-1.0,-0.07569296375266525
bodymassratio,G3,23,28,0.17346938775510204,4,0.880762374734839,5.845363756613757,1.0,0.4472709048608007,0.7191473299851606,3.892857142857143,0.7871559633027523,0.15855572998430142
lmatrix,G3,23,28,0.2385204081632653,1,0.7832879856413931,2.8661525974025976,2.0,0.902134558493955,1.0904915336473837,5.714285714285714,-1.0,0.13294117647058823
niche,G3,23,25,0.0576,4,0.9416732422264412,3.2333333333333334,2.0,1.4605362550321628,0.7250212853410105,0.48,0.6,-0.6507936507936508
pfim_metaweb,G3,23,28,0.13010204081632654,3,0.790610335850184,3.112728937728937,2.0,1.6892443153121253,0.7096245515367301,2.6785714285714284,-0.21033210332103322,-0.9037433155080213
pfim_downsample,G3,23,28,0.08035714285714286,3,0.9252338621783109,3.187429854096521,3.0,1.7596815607503045,0.808052749232275,1.2857142857142858,0.2396694214876033,-0.7582417582417582
random,G3,23,27,0.056241426611796985,12,0.9670860249297565,14.173507462686564,3.0,0.761224522719704,0.6678515683090219,0.5555555555555556,0.9545454545454546,-0.1282051282051282
adbm,G4,23,44,0.3197314049586777,1,0.7592700112416342,3.2076310955334764,2.0,0.8391556577265987,0.8321248332544271,13.090909090909092,-1.0,-0.006411900487304437
bodymassratio,G4,23,44,0.17045454545454544,4,0.8632393923470952,6.05287635314491,1.0,0.47468199609424905,0.5259174339065228,6.5227272727272725,0.7525959367945824,0.028130671506352088
lmatrix,G4,23,44,0.2484504132231405,1,0.7590033610750311,2.8682583863504925,2.0,0.9550175935951145,0.9707813746154168,9.954545454545455,-1.0,0.010444563470808785
niche,G4,23,44,0.10692148760330579,4,0.9030753735222025,4.942751767142498,3.0,1.1844442168912612,0.4458222222351752,3.727272727272727,0.4031746031746032,-0.4994786235662148
pfim_metaweb,G4,23,44,0.1368801652892562,3,0.8504460455213982,3.1108560831960643,3.0,1.4653071707061418,0.5932664067256673,5.045454545454546,-0.19746835443037974,-0.6612149532710281
pfim_downsample,G4,23,44,0.08677685950413223,4,0.9308137985827107,2.903355442576963,3.0,1.4893671198028933,0.6520708820083998,2.840909090909091,0.26421404682274247,-0.5148188803512623
random,G4,23,44,0.11466942148760331,5,0.9317792098058606,0.9991077134971477,1.0,0.4622628843146982,0.4681540952297519,4.068181818181818,0.7554945054945055,-0.007587253414264037
adbm,G1,24,47,0.3046627433227705,1,0.7793180633077889,3.643304861123647,2.0,0.8109184995971697,0.9207591611724493,13.340425531914894,-1.0,0.09893018639020625
bodymassratio,G1,24,47,0.17428700769578995,4,0.8580888777697474,6.295169875872164,3.0,0.559800848547272,0.6011038462385365,7.212765957446808,0.6997509782995376,0.024949426837491573
lmatrix,G1,24,47,0.23585332729741965,1,0.7892910632715198,2.9816403170865646,2.0,1.1224624562037184,0.8850510668779252,10.106382978723405,-1.0,-0.16681114551083592
niche,G1,24,47,0.13897691263014939,5,0.8656426299679263,5.133256107624659,2.0,1.2041352936454515,0.5397162210274263,5.553191489361702,0.09779735682819383,-0.5414141414141415
pfim_metaweb,G1,24,47,0.11815301041195111,4,0.8315850490246237,2.6510787329285788,3.0,1.7514742960613416,0.5464685034798675,4.574468085106383,-0.42614601018675724,-0.7494543867306853
pfim_downsample,G1,24,47,0.06835672249886826,4,0.941769670505549,2.3824091880341887,3.0,1.7856100511098738,0.6488112082919638,2.234042553191489,0.1493212669683258,-0.6489707475622969
random,G1,24,47,0.13942960615663197,4,0.9326361054050069,0.8395422778684817,1.0,0.35971877885259684,0.370805969125391,5.574468085106383,0.7300435413642961,-0.015706806282722512
adbm,G2,24,20,0.32,1,0.7971034398014603,3.4828085127688304,2.0,0.9059947462668632,0.7973666568940012,5.45,-1.0,-0.1157556270096463
bodymassratio,G2,24,20,0.1725,4,0.8665348673043539,5.920138888888889,1.0,0.5521680069995722,0.7781890629892652,2.5,0.7128205128205128,0.1574074074074074
lmatrix,G2,24,20,0.2375,1,0.8151899574061847,2.863921166552745,2.0,1.0242717054607031,1.028816471897371,3.8,-1.0,0.0035335689045936395
niche,G2,24,18,0.08950617283950617,4,0.9354903931210236,4.5,2.0,0.8813661685161429,1.088450305703614,0.6666666666666666,0.6190476190476191,0.13725490196078433
pfim_metaweb,G2,24,20,0.175,3,0.7922802242263642,3.4594696969696974,2.0,1.4846149779161804,0.5676567244564473,2.55,-0.0963855421686747,-1.0
pfim_downsample,G2,24,20,0.125,3,0.9090986931155797,3.550452079566004,3.0,1.5162280067394394,0.7167176644441768,1.55,0.1276595744680851,-0.8681318681318682
random,G2,24,19,0.08310249307479224,10,0.9611486022345216,9.229508196721312,3.0,0.6443486518843545,0.6087834458578988,0.631578947368421,1.0,-0.04
adbm,G3,24,28,0.3010204081632653,1,0.7984331373866747,3.5606137655588195,2.0,0.9333269494499029,0.8203576595903572,7.464285714285714,-1.0,-0.10182207931404073
bodymassratio,G3,24,28,0.18239795918367346,4,0.8523426866140555,5.871504157218442,1.0,0.5495433780654142,0.7467215980576244,4.142857142857143,0.641566265060241,0.13803680981595093
lmatrix,G3,24,28,0.22576530612244897,1,0.8079689158644138,3.0436507936507926,2.0,1.0261539661499972,1.059920734769832,5.357142857142857,-1.0,0.02375
niche,G3,24,27,0.18930041152263374,3,0.8493531458283116,3.5535714285714284,2.0,0.9742392251198396,0.8271204589411103,4.148148148148148,-0.025,-0.12180451127819548
pfim_metaweb,G3,24,28,0.13010204081632654,3,0.790610335850184,3.112728937728937,2.0,1.6892443153121253,0.7096245515367301,2.6785714285714284,-0.21033210332103322,-0.9037433155080213
pfim_downsample,G3,24,28,0.08035714285714286,3,0.9269679710353931,3.4372759856630815,2.0,1.6613082586670966,0.8691217731752118,1.2857142857142858,0.3274336283185841,-0.6046511627906976
random,G3,24,28,0.18877551020408162,5,0.9140841784433665,0.7870551411007953,1.0,0.4210205926323576,0.4364800558599302,4.321428571428571,0.5973597359735974,0.033210332103321034
adbm,G4,24,44,0.31663223140495866,1,0.7793791365250908,3.541029089627306,2.0,0.774993332299154,0.9111436326162842,12.954545454545455,-1.0,0.13268698060941828
bodymassratio,G4,24,44,0.1709710743801653,5,0.8676770311082591,6.520546076953348,3.0,0.577291013003559,0.5533016518942409,6.545454545454546,0.662755323772273,-0.015270708005552984
lmatrix,G4,24,44,0.2505165289256198,1,0.7973599455552544,2.9788703612823233,2.0,1.1046279568165556,0.8313599282975336,10.045454545454545,-1.0,-0.20257988859571974
niche,G4,24,44,0.2303719008264463,4,0.8436164525607462,6.028130130597899,3.0,0.904082926137773,0.5464317408188789,9.159090909090908,-0.12906764168190127,-0.4288337924701561
pfim_metaweb,G4,24,44,0.1368801652892562,3,0.8504460455213982,3.1108560831960643,3.0,1.4653071707061418,0.5932664067256673,5.045454545454546,-0.19746835443037974,-0.6612149532710281
pfim_downsample,G4,24,44,0.08677685950413223,5,0.9297611437120341,3.0687859049064907,4.0,1.5523014607099412,0.5904458249613693,2.840909090909091,0.2562814070351759,-0.6410256410256411
random,G4,24,44,0.21745867768595042,3,0.9298577683485069,0.7996977053965113,1.0,0.23467208881874804,0.25540536688341914,8.590909090909092,0.5957086391869001,0.007374631268436578
adbm,G1,25,47,0.2829334540516071,1,0.7744140007688104,3.3085926229299623,2.0,0.8584028039988241,0.9705215307962676,12.319148936170214,-1.0,0.09862819299905393
bodymassratio,G1,25,47,0.19692168401991852,4,0.8396113262825957,6.1722422400555566,4.0,0.6042970162283251,0.624536177536249,8.27659574468085,0.567206863679695,0.013182674199623353
lmatrix,G1,25,47,0.20823902218198279,1,0.794028069451465,2.9574422859981264,2.0,1.208926060235813,0.9788443964332127,8.808510638297872,-1.0,-0.1560872624912034
niche,G1,25,42,0.07539682539682539,4,0.9112648265501724,4.20266439909297,2.0,0.9381234836431716,0.8367125144894451,2.1904761904761907,0.7213114754098361,-0.06060606060606061
pfim_metaweb,G1,25,47,0.11815301041195111,4,0.8315850490246237,2.6510787329285788,3.0,1.7514742960613416,0.5464685034798675,4.574468085106383,-0.42614601018675724,-0.7494543867306853
pfim_downsample,G1,25,47,0.06835672249886826,3,0.9404979046061214,2.6291666666666664,4.0,1.7879674917747341,0.695801488676899,2.234042553191489,0.10989010989010989,-0.5973884657236126
random,G1,25,47,0.0615663196016297,8,0.9472817971640922,11.001051803934219,3.0,0.5684719467969995,0.5257626797009566,1.9148936170212767,0.8547854785478548,0.003484320557491289
adbm,G2,25,20,0.2925,1,0.8183976108549599,2.9718614718614713,2.0,0.9721783492248699,0.8305633513818754,4.9,-1.0,-0.1332263242375602
bodymassratio,G2,25,20,0.1875,4,0.882294988921893,5.0,5.0,0.5665118467557584,0.6694677994518661,2.8,0.6621004566210046,0.07234042553191489
lmatrix,G2,25,20,0.22,1,0.8305681727902844,2.9625,2.0,0.9821149648909351,1.1503918805797748,3.45,-1.0,0.12452830188679245
niche,G2,25,19,0.22437673130193905,3,0.8498684653481635,3.4671201814058956,3.0,1.210904912748032,0.6440164869910289,3.3157894736842106,-0.6242424242424243,-0.5952380952380952
pfim_metaweb,G2,25,20,0.175,3,0.7922802242263642,3.4594696969696974,2.0,1.4846149779161804,0.5676567244564473,2.55,-0.0963855421686747,-1.0
pfim_downsample,G2,25,20,0.125,3,0.9120210087896891,3.447318007662836,2.0,1.4994735918420101,0.6680687011630496,1.55,0.2641509433962264,-0.9333333333333333
random,G2,25,20,0.22,4,0.9063369980763929,0.795614179492573,1.0,0.4387197159072143,0.3330432259386575,3.45,0.6235294117647059,-0.08
adbm,G3,25,28,0.28188775510204084,1,0.7959454232952229,2.9647333548804133,2.0,1.0061209929846056,0.8140642852817596,6.928571428571429,-1.0,-0.1647982062780269
bodymassratio,G3,25,28,0.2002551020408163,4,0.8577819861921444,5.297022807439474,1.0,0.5604934694983524,0.5931691141532438,4.642857142857143,0.6195804195804195,0.021798365122615803
lmatrix,G3,25,28,0.21045918367346939,1,0.8057251121783414,2.8585600907029485,2.0,0.9558751182963441,1.1769094291872013,4.928571428571429,-1.0,0.14491803278688525
niche,G3,25,28,0.2181122448979592,3,0.8591751544709817,4.435949652788487,3.0,1.0057698767366403,0.36840901960952527,5.142857142857143,0.09433962264150944,-0.548922056384743
pfim_metaweb,G3,25,28,0.13010204081632654,3,0.790610335850184,3.112728937728937,2.0,1.6892443153121253,0.7096245515367301,2.6785714285714284,-0.21033210332103322,-0.9037433155080213
pfim_downsample,G3,25,28,0.08035714285714286,3,0.9303313914097959,2.984044943820225,2.0,1.665706170422018,0.8347724199692329,1.2857142857142858,0.3069306930693069,-0.6060606060606061
random,G3,25,28,0.20535714285714285,4,0.9291015400550889,0.8177378990100187,1.0,0.32665007737926505,0.3498331785552014,4.785714285714286,0.6523809523809524,0.01935483870967742
adbm,G4,25,44,0.306301652892562,1,0.7783263008833193,3.2412188657883125,2.0,0.8196309452297287,0.8939023023514845,12.5,-1.0,0.06728035738459456
bodymassratio,G4,25,44,0.18801652892561985,4,0.8528034483273957,6.010325314810603,4.0,0.5017024624504005,0.4976220049830504,7.295454545454546,0.6557501904036558,-0.002421307506053269
lmatrix,G4,25,44,0.2381198347107438,1,0.7847526653264975,2.931027742792446,2.0,1.0710650360661151,0.9079185101547291,9.5,-1.0,-0.11252215002953338
niche,G4,25,43,0.06057328285559762,5,0.9310469645017281,4.480401234567902,2.0,1.1852425348320577,0.8752494264790992,1.627906976744186,0.4689265536723164,-0.25257731958762886
pfim_metaweb,G4,25,44,0.1368801652892562,3,0.8504460455213982,3.1108560831960643,3.0,1.4653071707061418,0.5932664067256673,5.045454545454546,-0.19746835443037974,-0.6612149532710281
pfim_downsample,G4,25,44,0.08677685950413223,5,0.933517134130792,3.144716399558467,3.0,1.506406715614755,0.6831339108065615,2.840909090909091,0.23170731707317074,-0.5081206496519721
random,G4,25,43,0.0578691184424013,9,0.9479129472609702,11.585055355535543,1.0,0.5775375428484125,0.49118690221672034,1.5116279069767442,0.8938053097345132,-0.05154639175257732
adbm,G1,26,47,0.27840651878678135,1,0.7820562824733943,4.017367747079916,2.0,0.8318183817231997,1.0046576418646542,12.106382978723405,-1.0,0.14602803738317757
bodymassratio,G1,26,47,0.1955636034404708,4,0.8322322044648108,6.171836574005136,4.0,0.6502652263042108,0.5628763576621685,8.212765957446809,0.6205385097056982,-0.05472901168969182
lmatrix,G1,26,47,0.20009053870529653,2,0.8039482312274276,3.16738737871899,3.0,1.2508544113199975,0.9426923732396858,8.425531914893616,-0.803088803088803,-0.20111159865438058
niche,G1,26,46,0.2433837429111531,4,0.8265545149434145,5.678089488962262,2.0,0.8230883485189441,0.40806790150547767,10.217391304347826,-0.05726092089728453,-0.5073627844712182
pfim_metaweb,G1,26,47,0.11815301041195111,4,0.8315850490246237,2.6510787329285788,3.0,1.7514742960613416,0.5464685034798675,4.574468085106383,-0.42614601018675724,-0.7494543867306853
pfim_downsample,G1,26,47,0.06835672249886826,4,0.9473823328813487,2.7555939818509647,4.0,1.779702787568204,0.5838863436734167,2.234042553191489,0.2616822429906542,-0.6666666666666666
random,G1,26,47,0.18560434585785424,4,0.9333319119374585,0.8178732086734183,1.0,0.3113821599675833,0.3076905270143194,7.74468085106383,0.586013986013986,-0.01845018450184502
adbm,G2,26,20,0.31,1,0.8138222261226644,3.5996472663139336,2.0,0.9742284031138764,0.8049221489797491,5.25,-1.0,-0.1751592356687898
bodymassratio,G2,26,20,0.1725,4,0.8652731796185652,5.874074074074074,1.0,0.7252476456455018,0.7373409785704174,2.5,0.6878048780487804,0.008849557522123894
lmatrix,G2,26,20,0.22,2,0.8524687885431405,3.302068519715578,3.0,1.0412334172235855,1.0464422212019395,3.45,-0.5348837209302325,0.00398406374501992
niche,G2,26,20,0.15,3,0.8885813081193277,4.55982349537037,2.0,1.0868700702970904,0.5186577368103328,2.05,0.23809523809523808,-0.62
pfim_metaweb,G2,26,20,0.175,3,0.7922802242263642,3.4594696969696974,2.0,1.4846149779161804,0.5676567244564473,2.55,-0.0963855421686747,-1.0
pfim_downsample,G2,26,20,0.125,3,0.8860071099237485,3.4689322916666674,2.0,1.5491933384829668,0.6805570473787207,1.55,-0.0425531914893617,-0.865546218487395
random,G2,26,20,0.105,6,0.9357488872268679,8.322195220737141,3.0,0.7862647118875205,0.5329572608926336,1.15,0.7575757575757576,-0.21739130434782608
adbm,G3,26,28,0.27933673469387754,1,0.7953626697762064,3.7102104628759047,2.0,1.003139986597733,0.8671846144778301,6.857142857142857,-1.0,-0.11811023622047244
bodymassratio,G3,26,28,0.1951530612244898,4,0.8518654526140494,6.002267616642616,4.0,0.6522426100345501,0.7311481057054385,4.5,0.5981012658227848,0.05392156862745098
lmatrix,G3,26,28,0.19387755102040816,2,0.830541536800653,3.244707482993197,3.0,1.1327003827011695,1.136024180530672,4.464285714285714,-0.6475409836065574,0.0023166023166023165
niche,G3,26,28,0.2538265306122449,3,0.8396650081984476,5.0397584160944815,2.0,1.0745312036622048,0.36798602523434437,6.142857142857143,-0.09967845659163987,-0.665144596651446
pfim_metaweb,G3,26,28,0.13010204081632654,3,0.790610335850184,3.112728937728937,2.0,1.6892443153121253,0.7096245515367301,2.6785714285714284,-0.21033210332103322,-0.9037433155080213
pfim_downsample,G3,26,28,0.08035714285714286,3,0.9245975676996202,3.231582633053221,3.0,1.763834207376394,0.8434909062982086,1.2857142857142858,0.21818181818181817,-0.7222222222222222
random,G3,26,28,0.23469387755102042,4,0.9105869644979251,0.7775177660226156,1.0,0.3400911286337786,0.3548998890489217,5.607142857142857,0.5857988165680473,0.009950248756218905
adbm,G4,26,44,0.29080578512396693,1,0.7729874001053146,4.055307449300722,2.0,0.8050870834636819,0.9843264227232829,11.818181818181818,-1.0,0.1616783617356437
bodymassratio,G4,26,44,0.1890495867768595,4,0.8415092166040081,6.997412172858007,4.0,0.6598780627812154,0.6001263037821281,7.340909090909091,0.6103575832305795,-0.038435140700068635
lmatrix,G4,26,44,0.2112603305785124,2,0.7987883433645088,3.1695206015255515,3.0,1.2685722156994605,0.8707647249890527,8.318181818181818,-0.8327338129496403,-0.27481314096992876
niche,G4,26,42,0.18140589569160998,3,0.8682826265106933,5.0427954866851605,2.0,0.9843013183806337,0.5391759888489281,6.642857142857143,0.01620859760394644,-0.4408352668213457
pfim_metaweb,G4,26,44,0.1368801652892562,3,0.8504460455213982,3.1108560831960643,3.0,1.4653071707061418,0.5932664067256673,5.045454545454546,-0.19746835443037974,-0.6612149532710281
pfim_downsample,G4,26,44,0.08677685950413223,4,0.9281571965766766,3.2931021524771538,4.0,1.5326518780383032,0.6545126878979634,2.840909090909091,0.17444717444717445,-0.5973303670745272
random,G4,26,44,0.1993801652892562,4,0.9294345335265859,0.7941242212475017,1.0,0.2812261062898053,0.33152713239374443,7.795454545454546,0.5907473309608541,0.0021598272138228943
adbm,G1,27,47,0.30873698506111363,1,0.771322807303699,4.111195467948564,2.0,0.8297056514341726,0.9027678932008278,13.53191489361702,-1.0,0.069937250427838
bodymassratio,G1,27,47,0.1783612494341331,4,0.8353659938207821,5.6407787286637046,4.0,0.5899558535197477,0.6075224131078928,7.404255319148936,0.7474226804123711,0.010053222945002957
lmatrix,G1,27,47,0.22363060208239022,2,0.7869203866960723,2.968570557172119,3.0,1.1428842949407894,0.9066985905763405,9.53191489361702,-0.8451327433628318,-0.16175697001578115
niche,G1,27,47,0.1498415572657311,4,0.8580796841122125,5.555210133296854,2.0,1.014453450517583,0.6567040816765263,6.0638297872340425,0.009650180940892641,-0.44689950106913756
pfim_metaweb,G1,27,47,0.11815301041195111,4,0.8315850490246237,2.6510787329285788,3.0,1.7514742960613416,0.5464685034798675,4.574468085106383,-0.42614601018675724,-0.7494543867306853
pfim_downsample,G1,27,47,0.06835672249886826,4,0.9449680182052879,2.561107804232804,3.0,1.7450463619365328,0.5910564772904019,2.234042553191489,0.2816326530612245,-0.6618141097424413
random,G1,27,47,0.20552286102308737,3,0.9359515158668419,0.6468602522188085,1.0,0.28496900175720835,0.28822075621178145,8.680851063829786,0.5676691729323309,-0.01376421304608019
adbm,G2,27,20,0.32,1,0.783015254696718,3.070112179487179,2.0,0.9380480854019776,0.7610885339951899,5.45,-1.0,-0.18425196850393702
bodymassratio,G2,27,20,0.1725,4,0.9164982279723737,5.2666666666666675,1.0,0.6479650611918214,0.7004348686242493,2.5,0.6363636363636364,0.038461538461538464
lmatrix,G2,27,20,0.24,1,0.788346191302679,2.5833333333333326,2.0,0.821183356664733,1.1601478278461501,3.85,-1.0,0.23824959481361427
niche,G2,27,19,0.21329639889196675,3,0.8795667816485112,4.408888888888889,2.0,1.0386904409517714,0.48293142959461455,3.1052631578947367,-0.006211180124223602,-0.5
pfim_metaweb,G2,27,20,0.175,3,0.7922802242263642,3.4594696969696974,2.0,1.4846149779161804,0.5676567244564473,2.55,-0.0963855421686747,-1.0
pfim_downsample,G2,27,20,0.125,3,0.9003952857875431,3.3125,3.0,1.5106638484977042,0.6680687011630497,1.55,0.1276595744680851,-0.7454545454545455
random,G2,27,20,0.1975,5,0.9155256841669659,1.0190418344023418,1.0,0.4063520471050001,0.4145703116890787,3.0,0.5900621118012422,0.037037037037037035
adbm,G3,27,28,0.3125,1,0.7812983528691974,3.1565136310934623,2.0,0.9432578914249538,0.7610312452924738,7.785714285714286,-1.0,-0.17323259579060982
bodymassratio,G3,27,28,0.18112244897959184,4,0.8707383505095989,5.468778344671202,1.0,0.536472719286772,0.6093648342824175,4.107142857142857,0.7456445993031359,0.04387291981845688
lmatrix,G3,27,28,0.22448979591836735,1,0.7834230406697483,2.6315789473684204,2.0,0.9101635086557369,1.128982764004953,5.321428571428571,-1.0,0.14251497005988023
niche,G3,27,28,0.22831632653061223,3,0.850514382547236,4.458590231317504,2.0,0.9776494930597294,0.4804180552293656,5.428571428571429,-0.056179775280898875,-0.4958813838550247
pfim_metaweb,G3,27,28,0.13010204081632654,3,0.790610335850184,3.112728937728937,2.0,1.6892443153121253,0.7096245515367301,2.6785714285714284,-0.21033210332103322,-0.9037433155080213
pfim_downsample,G3,27,28,0.08035714285714286,4,0.9311608555689045,3.2934343434343436,2.0,1.6961722958612933,0.7709874072096787,1.2857142857142858,0.5333333333333333,-0.5754716981132075
random,G3,27,28,0.2372448979591837,3,0.9147482028693749,0.8046999766220472,1.0,0.31260289048407247,0.2661999229767332,5.678571428571429,0.585,0.009836065573770493
adbm,G4,27,44,0.33109504132231404,1,0.7674694552337215,4.043450334972314,2.0,0.7898110563198536,0.8436127953615604,13.590909090909092,-1.0,0.05495409072221461
bodymassratio,G4,27,44,0.17303719008264462,4,0.849019778670886,5.635554045405579,4.0,0.5383591197716417,0.5652595946480682,6.636363636363637,0.786593707250342,0.014758675708017551
lmatrix,G4,27,44,0.24018595041322313,2,0.7856459927282212,2.9337767572928857,3.0,1.0758602024637887,0.8690145084570313,9.590909090909092,-0.8513071895424836,-0.14256198347107438
niche,G4,27,44,0.13429752066115702,4,0.8636793395499585,4.833333333333333,3.0,1.2332711600582646,0.4784038412369897,4.931818181818182,0.22250639386189258,-0.5139338950097213
pfim_metaweb,G4,27,44,0.1368801652892562,3,0.8504460455213982,3.1108560831960643,3.0,1.4653071707061418,0.5932664067256673,5.045454545454546,-0.19746835443037974,-0.6612149532710281
pfim_downsample,G4,27,44,0.08677685950413223,4,0.9422429278051281,3.2621629766507785,4.0,1.513801227718706,0.6422108231246152,2.840909090909091,0.2897196261682243,-0.5397196261682243
random,G4,27,44,0.18181818181818182,4,0.935634563386856,0.5392592224070343,1.0,0.28273991664622855,0.3132259010942088,7.0227272727272725,0.6529616724738676,0.0016835016835016834
adbm,G1,28,47,0.3105477591670439,1,0.7677598955946202,3.5145926037175004,2.0,0.8476602950534714,0.8481416932951005,13.617021276595745,-1.0,0.0004333694474539545
bodymassratio,G1,28,47,0.18877320054323224,4,0.8538443633674915,6.211590329141515,1.0,0.5242585217213144,0.5237314877284912,7.8936170212765955,0.6703772418058133,-0.0003114294612270321
lmatrix,G1,28,47,0.2254413761883205,1,0.7847210867051692,2.8782304097942544,2.0,1.0536409911556652,0.9771723159119066,9.617021276595745,-1.0,-0.049993766363296346
niche,G1,28,44,0.05113636363636364,4,0.9208867749513544,4.566666666666666,2.0,1.4760019249505238,0.5918384520910487,1.2727272727272727,0.6834532374100719,-0.5460122699386503
pfim_metaweb,G1,28,47,0.11815301041195111,4,0.8315850490246237,2.6510787329285788,3.0,1.7514742960613416,0.5464685034798675,4.574468085106383,-0.42614601018675724,-0.7494543867306853
pfim_downsample,G1,28,47,0.06835672249886826,4,0.9467411438966832,2.6238782051282055,3.0,1.7856100511098738,0.6323723123751608,2.234042553191489,0.1574074074074074,-0.6419612314709237
random,G1,28,46,0.05718336483931947,9,0.9425459704089325,17.105949611036902,4.0,0.662640667760242,0.7361157844404376,1.6521739130434783,0.8118811881188119,0.11587982832618025
adbm,G2,28,20,0.285,1,0.7669030022468999,2.6085403050108935,2.0,1.1371145211269964,0.6640371918081496,4.75,-1.0,-0.41029641185647425
bodymassratio,G2,28,20,0.1725,4,0.8896413200503109,5.313293650793649,1.0,0.5982910842126857,0.8277513443044823,2.5,0.631578947368421,0.17050691244239632
lmatrix,G2,28,20,0.2075,1,0.7742178113030478,2.555555555555556,2.0,0.7134235172985588,1.4272217950951913,3.2,-1.0,0.4432624113475177
niche,G2,28,17,0.11764705882352941,3,0.9098318207497916,3.7777777777777777,2.0,0.7288689868556626,0.9013878188659973,1.0588235294117647,0.6226415094339622,0.17647058823529413
pfim_metaweb,G2,28,20,0.175,3,0.7922802242263642,3.4594696969696974,2.0,1.4846149779161804,0.5676567244564473,2.55,-0.0963855421686747,-1.0
pfim_downsample,G2,28,20,0.125,3,0.9004852543396695,3.5740476190476187,2.0,1.5106638484977042,0.7167176644441768,1.55,0.08333333333333333,-0.7959183673469388
random,G2,28,20,0.11,7,0.9345136305420189,20.566834170854268,2.0,0.8023454092346252,0.543857310560108,1.25,0.8,-0.25925925925925924
adbm,G3,28,28,0.2857142857142857,1,0.7705165738786306,2.7065185185185188,2.0,1.0551899951790322,0.7312470322826768,7.035714285714286,-1.0,-0.26068821689259647
bodymassratio,G3,28,28,0.18112244897959184,4,0.8614323933345495,5.224763794406652,1.0,0.5201177333995143,0.6829116867814335,4.107142857142857,0.7320574162679426,0.1021021021021021
lmatrix,G3,28,28,0.20280612244897958,1,0.7667204331322509,2.642857142857143,2.0,0.8260596555046127,1.3196050590749517,4.714285714285714,-1.0,0.2972275950999355
niche,G3,28,28,0.15051020408163265,3,0.8776702690481119,4.874053065468453,2.0,0.7786231799863506,0.526081438378871,3.25,0.4397163120567376,-0.0703125
pfim_metaweb,G3,28,28,0.13010204081632654,3,0.790610335850184,3.112728937728937,2.0,1.6892443153121253,0.7096245515367301,2.6785714285714284,-0.21033210332103322,-0.9037433155080213
pfim_downsample,G3,28,28,0.08035714285714286,3,0.937804068717608,3.151157710790738,2.0,1.6613082586670966,0.8170564003839158,1.2857142857142858,0.29310344827586204,-0.725
random,G3,28,28,0.1836734693877551,4,0.926084154879835,24.85461436286522,2.0,0.39854272724670775,0.3617041663819372,4.178571428571429,0.6693766937669376,-0.055900621118012424
adbm,G4,28,44,0.321797520661157,1,0.7643173889145678,3.4876213989663913,2.0,0.803954605305916,0.8537772207714723,13.181818181818182,-1.0,0.04723991507430998
bodymassratio,G4,28,44,0.17148760330578514,5,0.8532970933207669,6.242754308082022,4.0,0.5140460095183742,0.4979000689495299,6.568181818181818,0.736159169550173,-0.0091324200913242
lmatrix,G4,28,44,0.24070247933884298,1,0.7682692201456927,2.825558875342662,2.0,1.0253302379387192,0.9345650123382793,9.613636363636363,-1.0,-0.06101550277343194
niche,G4,28,44,0.2556818181818182,4,0.8342080236099003,10.556081103029305,2.0,0.771380110799697,0.4789211725540314,10.272727272727273,-0.06521739130434782,-0.45983827493261453
pfim_metaweb,G4,28,44,0.1368801652892562,3,0.8504460455213982,3.1108560831960643,3.0,1.4653071707061418,0.5932664067256673,5.045454545454546,-0.19746835443037974,-0.6612149532710281
pfim_downsample,G4,28,44,0.08677685950413223,4,0.9365706796649598,3.1629868830124366,3.0,1.5180104910268173,0.6831339108065614,2.840909090909091,0.19327731092436976,-0.5539568345323741
random,G4,28,44,0.23140495867768596,3,0.9271117981216889,0.6431774846822403,1.0,0.230355050339462,0.25086614316110445,9.204545454545455,0.5518324607329843,0.026170798898071626
adbm,G1,29,47,0.27795382526029877,1,0.7628563308158967,4.240245379246327,2.0,0.8107919786958849,1.0533672321863305,12.085106382978724,-1.0,0.21398432790837854
bodymassratio,G1,29,47,0.1892258940697148,5,0.8347393451474421,7.506389348998705,3.0,0.8088608993419326,0.6759573873769933,7.914893617021277,0.6378494623655914,-0.08015181960258987
lmatrix,G1,29,47,0.19375282933454052,2,0.8031779995487593,3.319984432195996,2.0,1.288025526854813,1.0163635471635935,8.127659574468085,-0.8231954582319546,-0.18785399622404028
niche,G1,29,46,0.07183364839319471,4,0.9147578231241846,4.790241034685479,2.0,1.1230845325904004,0.8167180152323369,2.3260869565217392,0.48031496062992124,-0.2208955223880597
pfim_metaweb,G1,29,47,0.11815301041195111,4,0.8315850490246237,2.6510787329285788,3.0,1.7514742960613416,0.5464685034798675,4.574468085106383,-0.42614601018675724,-0.7494543867306853
pfim_downsample,G1,29,47,0.06835672249886826,3,0.9426637709571812,2.6309767134431565,3.0,1.7402120018177878,0.6773966493784159,2.234042553191489,0.26066350710900477,-0.6102449888641426
random,G1,29,47,0.07378904481665913,8,0.9355990717074022,46.380262713391424,1.0,0.569912191255579,0.5166836434505367,2.4893617021276597,0.8443396226415094,-0.012658227848101266
adbm,G2,29,20,0.2875,1,0.8009736175046153,3.0516219891219887,2.0,0.9948629370201568,0.8536297283151382,4.8,-1.0,-0.12974683544303797
bodymassratio,G2,29,20,0.1825,4,0.8819492294154214,5.534623015873016,1.0,0.6046701733246476,0.6727099972188014,2.7,0.7014925373134329,0.046413502109704644
lmatrix,G2,29,20,0.2125,1,0.8245004534823457,3.023076923076923,2.0,0.8427651757780928,1.301974461240906,3.3,-1.0,0.3231357552581262
niche,G2,29,20,0.2675,3,0.8601231387621309,5.423111687079909,3.0,0.8730877146573532,0.3336771682706851,4.4,0.07368421052631578,-0.4647887323943662
pfim_metaweb,G2,29,20,0.175,3,0.7922802242263642,3.4594696969696974,2.0,1.4846149779161804,0.5676567244564473,2.55,-0.0963855421686747,-1.0
pfim_downsample,G2,29,20,0.125,3,0.9033566115449989,3.558712121212121,2.0,1.5654157006333729,0.6680687011630497,1.55,0.19047619047619047,-0.7948717948717948
random,G2,29,20,0.2475,4,0.9027644987339775,0.8249417199348825,1.0,0.4321681865596838,0.4321681865596838,4.0,0.4270833333333333,0.0
adbm,G3,29,28,0.28188775510204084,1,0.7883448770838432,3.1570462870462856,2.0,0.9736894284020629,0.871213627582174,6.928571428571429,-1.0,-0.08664850136239782
bodymassratio,G3,29,28,0.1913265306122449,4,0.8623496527538705,5.390650635372858,1.0,0.592940638532261,0.7890443248018819,4.392857142857143,0.6807017543859649,0.12367491166077739
lmatrix,G3,29,28,0.1913265306122449,1,0.8226337368139455,3.0257142857142867,2.0,0.9480324003422909,1.3093446983490065,4.392857142857143,-1.0,0.23372781065088757
niche,G3,29,27,0.13168724279835392,4,0.8916808085729063,5.5437946718648465,2.0,0.6991474031605595,0.6725315441558227,2.5925925925925926,0.35555555555555557,-0.05813953488372093
pfim_metaweb,G3,29,28,0.13010204081632654,3,0.790610335850184,3.112728937728937,2.0,1.6892443153121253,0.7096245515367301,2.6785714285714284,-0.21033210332103322,-0.9037433155080213
pfim_downsample,G3,29,28,0.08035714285714286,3,0.9256672374719911,3.1435774309723885,2.0,1.7967098925655696,0.7804187965076103,1.2857142857142858,0.22413793103448276,-0.838150289017341
random,G3,29,28,0.1096938775510204,7,0.9303953083790559,1.5189550419730762,1.0,0.4682923429722818,0.5161494665487901,2.107142857142857,0.8113207547169812,-0.037037037037037035
adbm,G4,29,44,0.309400826446281,1,0.7721484307058024,3.4752780564189534,2.0,0.7926031231511074,0.9195408886360479,12.636363636363637,-1.0,0.12071368831892947
bodymassratio,G4,29,44,0.18078512396694216,4,0.8538821711740261,6.834079216870838,1.0,0.5763851478248965,0.595824738599129,6.9772727272727275,0.6832298136645962,0.011676082862523541
lmatrix,G4,29,44,0.23140495867768596,1,0.7987054317995339,3.0511808054450182,2.0,1.1355844045961672,0.9113614077670598,9.204545454545455,-1.0,-0.16179028941957932
niche,G4,29,44,0.08471074380165289,3,0.8953343493598931,4.148809523809524,2.0,1.0999218322322515,0.6321579717801763,2.75,0.5961995249406176,-0.31215469613259667
pfim_metaweb,G4,29,44,0.1368801652892562,3,0.8504460455213982,3.1108560831960643,3.0,1.4653071707061418,0.5932664067256673,5.045454545454546,-0.19746835443037974,-0.6612149532710281
pfim_downsample,G4,29,44,0.08677685950413223,4,0.9369573984204135,2.915237176195367,3.0,1.5159073203712259,0.6689763817629453,2.840909090909091,0.21739130434782608,-0.5767195767195767
random,G4,29,44,0.08987603305785125,6,0.9306535980658877,116.10755601420045,1.0,0.45938235452882836,0.5085461172805401,2.977272727272727,0.8170974155069582,0.0
adbm,G1,30,47,0.2829334540516071,1,0.7748895997279073,3.3568053127203616,2.0,0.8496218125423959,0.9702681583616123,12.319148936170214,-1.0,0.0985107556536128
bodymassratio,G1,30,47,0.18379357175192396,4,0.857395050209256,6.1284152587383165,4.0,0.6456395466432758,0.5585440692689606,7.659574468085107,0.6746347941567065,-0.05338078291814947
lmatrix,G1,30,47,0.2114078768673608,1,0.7849035084676187,2.9642790130406222,2.0,1.1471936448009201,0.9881878223325367,8.957446808510639,-1.0,-0.10138067061143984
niche,G1,30,47,0.2254413761883205,3,0.8293268949617711,4.909948461961975,2.0,0.9090068618717504,0.6045222254966023,9.617021276595745,-0.08206161819752375,-0.3269806697522461
pfim_metaweb,G1,30,47,0.11815301041195111,4,0.8315850490246237,2.6510787329285788,3.0,1.7514742960613416,0.5464685034798675,4.574468085106383,-0.42614601018675724,-0.7494543867306853
pfim_downsample,G1,30,47,0.06835672249886826,4,0.9425142767940967,2.757020747599451,3.0,1.7666372798272942,0.7048237064493013,2.234042553191489,0.18095238095238095,-0.6227272727272727
random,G1,30,47,0.17292892711634222,3,0.9331910523754702,0.8455238440411328,1.0,0.360647355004474,0.310643859266601,7.148936170212766,0.633769322235434,-0.0248403122782115
adbm,G2,30,20,0.2975,1,0.78914704706395,3.2328563411896756,2.0,1.0324063529728995,0.7623718334896522,5.0,-1.0,-0.2534992223950233
bodymassratio,G2,30,20,0.1675,4,0.885762244972893,5.25515873015873,3.0,0.7200418945653794,0.7134988975057898,2.4,0.6820512820512821,-0.004878048780487805
lmatrix,G2,30,20,0.2325,1,0.8141706930534448,3.118888888888888,2.0,0.814504221982034,1.2408454046405215,3.7,-1.0,0.3237410071942446
niche,G2,30,18,0.10185185185185185,2,0.8859440085337852,2.333333333333333,2.0,1.2995642663793778,0.9021122515193294,0.8888888888888888,-0.1111111111111111,-0.3411764705882353
pfim_metaweb,G2,30,20,0.175,3,0.7922802242263642,3.4594696969696974,2.0,1.4846149779161804,0.5676567244564473,2.55,-0.0963855421686747,-1.0
pfim_downsample,G2,30,20,0.125,3,0.907012947459604,3.225446428571428,3.0,1.4363696929192158,0.6680687011630497,1.55,0.27835051546391754,-0.6148148148148148
random,G2,30,20,0.11,9,0.9439400115762316,6.998010804064201,2.0,0.788675832885724,0.5022784104118931,1.25,0.7402597402597403,-0.2328767123287671
adbm,G3,30,28,0.288265306122449,1,0.7676924979326393,3.3527512551551006,2.0,1.0160347212392435,0.7986132084848913,7.107142857142857,-1.0,-0.1815803244374673
bodymassratio,G3,30,28,0.17091836734693877,4,0.8664386358203593,5.5089304610733185,1.0,0.6761533872214792,0.6713530489224365,3.8214285714285716,0.6947368421052632,-0.003257328990228013
lmatrix,G3,30,28,0.2181122448979592,1,0.7998126712778226,3.2148596353141814,2.0,0.8782146962921838,1.2312715474459266,5.142857142857143,-1.0,0.24334847501622323
niche,G3,30,28,0.1377551020408163,4,0.8901791126188859,4.137828703703704,3.0,0.8488346399019511,0.9326777151663002,2.892857142857143,0.05791505791505792,0.09826589595375723
pfim_metaweb,G3,30,28,0.13010204081632654,3,0.790610335850184,3.112728937728937,2.0,1.6892443153121253,0.7096245515367301,2.6785714285714284,-0.21033210332103322,-0.9037433155080213
pfim_downsample,G3,30,28,0.08035714285714286,3,0.9377960910263555,3.1174242424242427,3.0,1.656898673561246,0.7989476388821449,1.2857142857142858,0.23893805309734514,-0.6685714285714286
random,G3,30,28,0.13010204081632654,6,0.9234800682392686,15.946649385383962,4.0,0.4557700879252646,0.6607452003189601,2.6785714285714284,0.675,0.09170305676855896
adbm,G4,30,44,0.30010330578512395,1,0.7731953118824311,3.252067586612542,2.0,0.8194999187432721,0.9254416289452284,12.227272727272727,-1.0,0.09199522102747909
bodymassratio,G4,30,44,0.1756198347107438,4,0.8462804329719656,6.058734832932556,4.0,0.5708624723521998,0.5080505820293666,6.75,0.7145299145299145,-0.036724356268467706
lmatrix,G4,30,44,0.22830578512396693,1,0.7846307664785854,2.999529557812429,2.0,1.0751548235936743,0.9603505484661322,9.068181818181818,-1.0,-0.07525604868635892
niche,G4,30,44,0.12396694214876033,3,0.8765011592651545,5.1068376068376065,3.0,1.134598017580988,0.5667350619918942,4.4772727272727275,0.29244249726177435,-0.41235392320534225
pfim_metaweb,G4,30,44,0.1368801652892562,3,0.8504460455213982,3.1108560831960643,3.0,1.4653071707061418,0.5932664067256673,5.045454545454546,-0.19746835443037974,-0.6612149532710281
pfim_downsample,G4,30,44,0.08677685950413223,4,0.9366979853748258,3.2256483822029307,4.0,1.4535922548965468,0.7217403541782449,2.840909090909091,0.1503957783641161,-0.5080745341614907
random,G4,30,44,0.11880165289256199,5,0.9362451578214777,1.2127152579461733,1.0,0.39327891871893567,0.41229616818847237,4.25,0.7571801566579635,0.017341040462427744
adbm,G1,31,47,0.28021729289271163,1,0.7749146186661353,3.375217685712528,2.0,0.8189004126277462,1.0031115695490225,12.191489361702128,-1.0,0.1498265637238447
bodymassratio,G1,31,47,0.1892258940697148,4,0.8433717224299299,5.7252468116850475,3.0,0.6141773376160037,0.5549353691469783,7.914893617021277,0.635725677830941,-0.03701527614571093
lmatrix,G1,31,47,0.21367134449977365,1,0.7854434622066705,2.89986274034857,2.0,1.1800226450851294,0.9359426662695728,9.063829787234043,-1.0,-0.15574622984919398
niche,G1,31,46,0.06568998109640832,6,0.913010413466934,4.055555555555555,2.0,1.1849949503908175,0.6220218569086481,2.0434782608695654,0.5614617940199336,-0.42919389978213507
pfim_metaweb,G1,31,47,0.11815301041195111,4,0.8315850490246237,2.6510787329285788,3.0,1.7514742960613416,0.5464685034798675,4.574468085106383,-0.42614601018675724,-0.7494543867306853
pfim_downsample,G1,31,47,0.06835672249886826,3,0.9364857349482271,2.65530303030303,4.0,1.8194940124646506,0.7225302403559418,2.234042553191489,-0.02,-0.6234309623430963
random,G1,31,47,0.07288365776369397,6,0.9428620584677828,85.86079057507511,1.0,0.4503799289132906,0.46255572079281665,2.4468085106382977,0.8764302059496567,-0.013850415512465374
adbm,G2,31,20,0.2925,1,0.8100578246190359,3.3319766653099983,2.0,0.9546184739803553,0.8685782968748856,4.9,-1.0,-0.0865874363327674
bodymassratio,G2,31,20,0.1975,4,0.8856443404504317,5.616309523809523,1.0,0.6280962738333319,0.6172615449776574,3.0,0.5983935742971888,-0.008064516129032258
lmatrix,G2,31,20,0.2175,1,0.8343388885096023,2.9573529411764703,2.0,1.0502263722805834,1.119451904626396,3.4,-1.0,0.05242718446601942
niche,G2,31,20,0.1875,3,0.8829228226499468,5.310185185185185,2.0,0.8732543154289045,0.748643998344547,2.8,-0.00558659217877095,-0.3584905660377358
pfim_metaweb,G2,31,20,0.175,3,0.7922802242263642,3.4594696969696974,2.0,1.4846149779161804,0.5676567244564473,2.55,-0.0963855421686747,-1.0
pfim_downsample,G2,31,20,0.125,3,0.9199964330824416,3.415674603174603,3.0,1.465390194130093,0.5875909783980152,1.55,0.31868131868131866,-0.75
random,G2,31,20,0.1125,9,0.9300238067663699,12.473961843917591,3.0,0.6264683855364716,0.6896618941663423,1.3,0.8333333333333334,0.06976744186046512
adbm,G3,31,28,0.28316326530612246,1,0.8017628892024502,3.4844951923076923,2.0,0.9280591178144801,0.9126955644537523,6.964285714285714,-1.0,-0.013921113689095127
bodymassratio,G3,31,28,0.20918367346938777,4,0.8554730675691251,5.628100198412699,4.0,0.6053499339507735,0.5999757634957754,4.892857142857143,0.5861148197596796,-0.0036452004860267314
lmatrix,G3,31,28,0.19770408163265307,1,0.8232060148421543,2.8816964285714297,2.0,1.1313190699767401,1.1173445222320677,4.571428571428571,-1.0,-0.00941346850108617
niche,G3,31,27,0.3017832647462277,3,0.8085046296799815,4.430742776647623,2.0,0.8965126331860439,0.4600903059592052,7.185185185185185,-0.2526439482961222,-0.5470494417862839
pfim_metaweb,G3,31,28,0.13010204081632654,3,0.790610335850184,3.112728937728937,2.0,1.6892443153121253,0.7096245515367301,2.6785714285714284,-0.21033210332103322,-0.9037433155080213
pfim_downsample,G3,31,28,0.08035714285714286,3,0.9138763261020584,3.163923182441702,2.0,1.7596815607503045,0.8434909062982086,1.2857142857142858,0.19327731092436976,-0.6748768472906403
random,G3,31,28,0.21301020408163265,4,0.9238134173723155,0.622322636235654,1.0,0.3938227109213902,0.3242228109296143,5.0,0.5488069414316703,-0.029023746701846966
adbm,G4,31,44,0.30113636363636365,1,0.7864525846902213,3.9628836356003294,2.0,0.7868752080711843,0.948263006117227,12.272727272727273,-1.0,0.1467444120505345
bodymassratio,G4,31,44,0.18491735537190082,4,0.8496428611706971,6.048941425614717,3.0,0.5632782930027188,0.5576371057768498,7.159090909090909,0.6415770609318996,-0.003530796390741467
lmatrix,G4,31,44,0.22985537190082644,2,0.7959097126845325,3.002915623875295,3.0,1.1594219296141217,0.8612498509563933,9.136363636363637,-0.9420289855072463,-0.20816967792615867
niche,G4,31,43,0.07896160086533262,4,0.8949258380695384,4.941798941798941,2.0,1.162445146030307,0.8158437771568049,2.4186046511627906,0.5225806451612903,-0.2759170653907496
pfim_metaweb,G4,31,44,0.1368801652892562,3,0.8504460455213982,3.1108560831960643,3.0,1.4653071707061418,0.5932664067256673,5.045454545454546,-0.19746835443037974,-0.6612149532710281
pfim_downsample,G4,31,44,0.08677685950413223,4,0.9352221188612121,3.0946261410547122,4.0,1.4829267941515996,0.6807947683683114,2.840909090909091,0.22285714285714286,-0.5243488108720272
random,G4,31,44,0.06818181818181818,7,0.9462907173564814,69.75398996825561,3.0,0.4980582450917523,0.5032196082827126,2.022727272727273,0.8713826366559485,-0.01195219123505976
adbm,G1,32,47,0.29923042100497965,1,0.755972579753664,3.6949564347607917,2.0,0.8002632169053603,0.9666017994355788,13.085106382978724,-1.0,0.14584924184575107
bodymassratio,G1,32,47,0.1733816206428248,5,0.8478729221746951,6.481063630975075,4.0,0.5755741667488168,0.580670561686463,7.170212765957447,0.7491448118586089,0.002904162633107454
lmatrix,G1,32,47,0.22363060208239022,1,0.7967326746321965,3.011136139402393,2.0,1.1239600403564736,0.9403644229802015,9.53191489361702,-1.0,-0.12408194820255122
niche,G1,32,47,0.13942960615663197,3,0.8705571826376957,4.832303516313933,2.0,0.9581665759571143,0.5916993090533533,5.574468085106383,0.3715925394548063,-0.26042726347914547
pfim_metaweb,G1,32,47,0.11815301041195111,4,0.8315850490246237,2.6510787329285788,3.0,1.7514742960613416,0.5464685034798675,4.574468085106383,-0.42614601018675724,-0.7494543867306853
pfim_downsample,G1,32,47,0.06835672249886826,4,0.9420347677018852,2.3840702947845807,4.0,1.726847728570246,0.7454850342584536,2.234042553191489,0.04932735426008968,-0.5730593607305936
random,G1,32,47,0.14712539610683567,4,0.9344677932483073,0.7617337475493614,1.0,0.3488405581553695,0.3087400222481573,5.9361702127659575,0.6855072463768116,-0.0351035103510351
adbm,G2,32,20,0.31,1,0.7861556312232565,3.1751782531194293,2.0,1.0087518878910369,0.7393103332708801,5.25,-1.0,-0.25903614457831325
bodymassratio,G2,32,20,0.165,4,0.9115833493482026,5.648809523809524,5.0,0.582475705015625,0.7164262960476476,2.35,0.7752808988764045,0.09
lmatrix,G2,32,20,0.245,1,0.8041955972824142,2.818367346938775,2.0,0.7831608599171644,1.1898059593550214,3.95,-1.0,0.2975609756097561
niche,G2,32,20,0.2075,4,0.8694747075508577,5.6428571428571415,2.0,0.9551765253070825,0.6412346084262772,3.2,0.1111111111111111,-0.3723849372384937
pfim_metaweb,G2,32,20,0.175,3,0.7922802242263642,3.4594696969696974,2.0,1.4846149779161804,0.5676567244564473,2.55,-0.0963855421686747,-1.0
pfim_downsample,G2,32,20,0.125,3,0.9074485047854847,3.752531645569621,3.0,1.5491933384829668,0.6291180125256394,1.55,0.15492957746478872,-0.7520661157024794
random,G2,32,20,0.1725,5,0.9214727851724143,1.3517403032108062,1.0,0.46524364813471025,0.5679586949054629,2.5,0.6701030927835051,-0.0136986301369863
adbm,G3,32,28,0.3022959183673469,1,0.7754811982001645,3.3062909946094465,2.0,0.9514072295321866,0.7964229457892317,7.5,-1.0,-0.13818565400843882
bodymassratio,G3,32,28,0.17346938775510204,4,0.879223877161578,5.786381172839506,5.0,0.5395423846905925,0.6479494761513062,3.892857142857143,0.7121771217712177,0.06890756302521009
lmatrix,G3,32,28,0.22448979591836735,1,0.8021072360353941,2.871504157218443,2.0,0.8914320254594248,1.1609132699934537,5.321428571428571,-1.0,0.18288902665840048
niche,G3,32,26,0.07840236686390532,3,0.9277668822947255,3.333333333333333,2.0,1.139810055812874,0.8147623362977339,1.0769230769230769,0.5185185185185185,-0.30578512396694213
pfim_metaweb,G3,32,28,0.13010204081632654,3,0.790610335850184,3.112728937728937,2.0,1.6892443153121253,0.7096245515367301,2.6785714285714284,-0.21033210332103322,-0.9037433155080213
pfim_downsample,G3,32,28,0.08035714285714286,3,0.9310105781708419,3.1041152263374485,3.0,1.6788307817589705,0.8170564003839158,1.2857142857142858,0.31092436974789917,-0.6373626373626373
random,G3,32,28,0.08673469387755102,8,0.9401496956099679,14.263117313761356,4.0,0.48109192730922734,0.5869266489057163,1.4642857142857142,0.8870967741935484,0.07407407407407407
adbm,G4,32,44,0.3212809917355372,1,0.7489833752847562,3.367863678072658,2.0,0.7745510687293062,0.8955192344328606,13.159090909090908,-1.0,0.11647879763821793
bodymassratio,G4,32,44,0.16632231404958678,4,0.8672965645314386,6.633009024968025,3.0,0.5269850383360981,0.5456079689183464,6.340909090909091,0.6674517192651908,0.011551983927674536
lmatrix,G4,32,44,0.25413223140495866,1,0.7843075429172605,3.0039856766958226,2.0,1.0568014836734663,0.8548092973852858,10.204545454545455,-1.0,-0.14677601809954752
niche,G4,32,43,0.14656571119524067,4,0.8685046838204761,5.291878551832255,2.0,0.8966030368896403,0.5705613284932982,5.325581395348837,0.3027375201288245,-0.2638121546961326
pfim_metaweb,G4,32,44,0.1368801652892562,3,0.8504460455213982,3.1108560831960643,3.0,1.4653071707061418,0.5932664067256673,5.045454545454546,-0.19746835443037974,-0.6612149532710281
pfim_downsample,G4,32,44,0.08677685950413223,3,0.928787689633724,2.963134228773638,3.0,1.4807737943049681,0.6831339108065615,2.840909090909091,0.23278688524590163,-0.4958183990442055
random,G4,32,44,0.14307851239669422,4,0.9346642302596309,0.8569532929096635,1.0,0.39593478462193854,0.31505498151516514,5.318181818181818,0.7571428571428571,-0.014669926650366748
adbm,G1,33,47,0.29560887279311904,1,0.7839827886845258,3.8538449700619823,2.0,0.8101827127398445,0.9697530877240975,12.914893617021276,-1.0,0.14872036796792074
bodymassratio,G1,33,47,0.1815301041195111,5,0.8476869143182221,6.578563286986367,4.0,0.6263585659488604,0.6320541371710737,7.553191489361702,0.6838314728123874,0.0034602076124567475
lmatrix,G1,33,47,0.21548211860570393,1,0.7965195997012687,3.067187736485105,2.0,1.1906940543697497,0.9601042203362381,9.148936170212766,-1.0,-0.163957399103139
niche,G1,33,47,0.21502942507922138,4,0.8473075969109698,6.273498084628919,3.0,0.8474771452627755,0.4338767873514701,9.127659574468085,0.06701366297983084,-0.4547045951859956
pfim_metaweb,G1,33,47,0.11815301041195111,4,0.8315850490246237,2.6510787329285788,3.0,1.7514742960613416,0.5464685034798675,4.574468085106383,-0.42614601018675724,-0.7494543867306853
pfim_downsample,G1,33,47,0.06835672249886826,4,0.9457083141047344,2.843982088248144,3.0,1.779702787568204,0.5349430172525189,2.234042553191489,0.26666666666666666,-0.6686819830713422
random,G1,33,47,0.21050248981439565,3,0.9336462387084304,0.6009552341184714,1.0,0.28450882478573286,0.2531132469551567,8.914893617021276,0.5810132359653126,-0.007705986959098993
adbm,G2,33,20,0.3175,1,0.7915002530093957,3.467622826908541,2.0,0.9507690612991233,0.7685688150720859,5.4,-1.0,-0.20066889632107024
bodymassratio,G2,33,20,0.17,3,0.8601167904698925,4.951388888888888,1.0,0.6500073546506854,0.8175367990338662,2.45,0.7456647398843931,0.11297071129707113
lmatrix,G2,33,20,0.23,1,0.8212585130981085,2.948781043517886,2.0,0.980863560362683,1.1490285636725095,3.65,-1.0,0.12857142857142856
niche,G2,33,20,0.22,3,0.8819503704319474,5.25,1.0,0.8611775625609233,0.5963131615936924,3.45,0.01680672268907563,-0.3269230769230769
pfim_metaweb,G2,33,20,0.175,3,0.7922802242263642,3.4594696969696974,2.0,1.4846149779161804,0.5676567244564473,2.55,-0.0963855421686747,-1.0
pfim_downsample,G2,33,20,0.125,3,0.8894677072737669,3.6676744771982865,2.0,1.5437480023426242,0.6553424175273003,1.55,0.24210526315789474,-0.7758620689655172
random,G2,33,20,0.2075,4,0.9300278146596754,0.9086695602863082,1.0,0.4372086642139513,0.39303903313424915,3.2,0.5688622754491018,-0.02158273381294964
adbm,G3,33,28,0.29846938775510207,1,0.7946683489149127,3.5576028333265177,2.0,0.9705863218357623,0.7991914269451145,7.392857142857143,-1.0,-0.16399082568807338
bodymassratio,G3,33,28,0.1875,3,0.8423227738231499,4.94860119047619,1.0,0.603731294205118,0.7469880170883849,4.285714285714286,0.7491408934707904,0.08759124087591241
lmatrix,G3,33,28,0.20535714285714285,1,0.8171302014522543,3.083668029501363,2.0,1.0452213031883733,1.1772779352531832,4.785714285714286,-1.0,0.09323843416370106
niche,G3,33,28,0.2780612244897959,3,0.8213747169042631,5.800466445235125,2.0,0.8148493881416556,0.572652595130665,6.821428571428571,-0.18796992481203006,-0.34098360655737703
pfim_metaweb,G3,33,28,0.13010204081632654,3,0.790610335850184,3.112728937728937,2.0,1.6892443153121253,0.7096245515367301,2.6785714285714284,-0.21033210332103322,-0.9037433155080213
pfim_downsample,G3,33,28,0.08035714285714286,3,0.9312955766183836,3.3499999999999996,3.0,1.7004800419628143,0.808052749232275,1.2857142857142858,0.26,-0.6862745098039216
random,G3,33,28,0.22959183673469388,3,0.9184269611992055,0.6479718535110781,1.0,0.3450611762622849,0.2691924280672858,5.464285714285714,0.6231884057971014,-0.06744868035190615
adbm,G4,33,44,0.3197314049586777,1,0.77248525092765,3.8458147039759525,2.0,0.778728595955914,0.8986581329527158,13.090909090909092,-1.0,0.11992154665172317
bodymassratio,G4,33,44,0.17923553719008264,5,0.8501540923187573,6.426466330135193,4.0,0.5218953504414382,0.5211783937377937,6.909090909090909,0.760167714884696,-0.0003929273084479371
lmatrix,G4,33,44,0.23553719008264462,1,0.7874401053520469,3.0578398210326077,2.0,1.0791239866985687,0.9227209929296163,9.386363636363637,-1.0,-0.10802330793366204
niche,G4,33,44,0.1709710743801653,4,0.8613858415814745,5.341111947326596,2.0,1.0763071917092555,0.4573404871895493,6.545454545454546,0.029017857142857144,-0.6307081403044341
pfim_metaweb,G4,33,44,0.1368801652892562,3,0.8504460455213982,3.1108560831960643,3.0,1.4653071707061418,0.5932664067256673,5.045454545454546,-0.19746835443037974,-0.6612149532710281
pfim_downsample,G4,33,44,0.08677685950413223,3,0.9271698379638657,3.4125644825816503,3.0,1.4979111472979962,0.6992888561154799,2.840909090909091,0.18588235294117647,-0.5612121212121212
random,G4,33,44,0.13791322314049587,4,0.939291165237352,0.8171903176673968,1.0,0.3106435958357916,0.3543320300021759,5.090909090909091,0.7588652482269503,0.008
adbm,G1,34,47,0.29923042100497965,1,0.7720044445667478,3.89681016476169,2.0,0.788920825819557,0.9721574785244753,13.085106382978724,-1.0,0.17319490325625295
bodymassratio,G1,34,47,0.18288818469895882,5,0.858827916547888,7.252871097061722,3.0,0.5915436308720544,0.5994488897782164,7.617021276595745,0.6709475876431794,0.004810583283223091
lmatrix,G1,34,47,0.22363060208239022,2,0.8078492719034588,3.1098211489221437,3.0,1.17664926722383,0.9131862989173783,9.53191489361702,-0.9478021978021978,-0.1865582077610348
niche,G1,34,47,0.10230873698506111,4,0.9016103390305503,6.519621708359631,3.0,1.1379445146945706,0.4683236473316197,3.8297872340425534,0.461734693877551,-0.47006869479882235
pfim_metaweb,G1,34,47,0.11815301041195111,4,0.8315850490246237,2.6510787329285788,3.0,1.7514742960613416,0.5464685034798675,4.574468085106383,-0.42614601018675724,-0.7494543867306853
pfim_downsample,G1,34,47,0.06835672249886826,4,0.9396741091293637,2.8999188311688315,3.0,1.8218076074090102,0.6897211136585284,2.234042553191489,0.09574468085106383,-0.6470588235294118
random,G1,34,47,0.0724309642372114,7,0.9384189936891791,14.187619537227214,4.0,0.5327775353502745,0.5075332635275807,2.425531914893617,0.8325581395348837,-0.01728395061728395
adbm,G2,34,20,0.325,1,0.7875888898895252,3.4836110512581087,2.0,0.8977635800451915,0.7900029368926247,5.55,-1.0,-0.11947626841243862
bodymassratio,G2,34,20,0.16,3,0.8790159458027013,4.958333333333334,1.0,0.6617485808148941,0.7892680653284843,2.25,0.6976744186046512,0.09375
lmatrix,G2,34,20,0.2475,2,0.8049383898877901,3.0205387205387204,3.0,0.897438464420439,1.0839064831282534,4.0,-0.7972972972972973,0.14675767918088736
niche,G2,34,19,0.0886426592797784,3,0.9211293135047884,3.0384615384615383,2.0,1.455093126553914,0.525603158814286,0.7368421052631579,0.5,-0.7560975609756098
pfim_metaweb,G2,34,20,0.175,3,0.7922802242263642,3.4594696969696974,2.0,1.4846149779161804,0.5676567244564473,2.55,-0.0963855421686747,-1.0
pfim_downsample,G2,34,20,0.125,3,0.8604642403060708,3.2380952380952372,2.0,1.56002699031982,0.7283723744002608,1.55,-0.0784313725490196,-0.8947368421052632
random,G2,34,19,0.0886426592797784,7,0.9578048509479029,23.95263157894737,1.0,0.4869164955216768,0.5616312736128571,0.7368421052631579,0.8421052631578947,0.08333333333333333
adbm,G3,34,28,0.3137755102040816,1,0.7892718743418042,3.5883597883597886,2.0,0.8980240918435387,0.810988156080808,7.821428571428571,-1.0,-0.08493150684931507
bodymassratio,G3,34,28,0.17729591836734693,3,0.8566914444665956,4.803642361111111,1.0,0.5866042724504674,0.7262611472619211,4.0,0.7053726169844021,0.09090909090909091
lmatrix,G3,34,28,0.23214285714285715,2,0.8063211358897139,2.9754870129870143,3.0,0.9376812411557249,1.0970843753654729,5.535714285714286,-0.8536585365853658,0.11164755582377792
niche,G3,34,28,0.15433673469387754,4,0.8572199731527188,3.287471011131725,3.0,1.1900698907591263,0.7532777318370605,3.357142857142857,-0.1902834008097166,-0.3308270676691729
pfim_metaweb,G3,34,28,0.13010204081632654,3,0.790610335850184,3.112728937728937,2.0,1.6892443153121253,0.7096245515367301,2.6785714285714284,-0.21033210332103322,-0.9037433155080213
pfim_downsample,G3,34,28,0.08035714285714286,3,0.9079357547167319,3.309374999999999,2.0,1.6918535815432985,0.817056400383916,1.2857142857142858,0.2698412698412698,-0.6615384615384615
random,G3,34,28,0.11734693877551021,6,0.939990733402737,24.49402215035075,1.0,0.49601083161717907,0.3872576584315185,2.3214285714285716,0.8067632850241546,-0.08875739644970414
adbm,G4,34,44,0.31921487603305787,1,0.7818542717923773,3.658661118914067,2.0,0.7913257362882774,0.8793846569990765,13.068181818181818,-1.0,0.0849441873128233
bodymassratio,G4,34,44,0.16890495867768596,5,0.8578371287296512,7.335188512741422,3.0,0.5282754841583593,0.5592491269220182,6.454545454545454,0.7298514182800541,0.01813236627379873
lmatrix,G4,34,44,0.24793388429752067,2,0.7953866578426706,3.11089402480792,3.0,1.0440043536495798,0.8902392036937498,9.931818181818182,-0.9488304093567251,-0.11017808020848414
niche,G4,34,44,0.2618801652892562,3,0.8254924550326592,5.819205195811873,2.0,0.8500045870662233,0.4620705541438214,10.545454545454545,-0.13372093023255813,-0.42748382185001904
pfim_metaweb,G4,34,44,0.1368801652892562,3,0.8504460455213982,3.1108560831960643,3.0,1.4653071707061418,0.5932664067256673,5.045454545454546,-0.19746835443037974,-0.6612149532710281
pfim_downsample,G4,34,44,0.08677685950413223,4,0.939177411308378,3.201278986989431,4.0,1.5159073203712259,0.6011555256663028,2.840909090909091,0.30030959752321984,-0.6030341340075853
random,G4,34,44,0.24741735537190082,3,0.9290387675724688,0.642053643635612,1.0,0.2032069882094663,0.23541804357428725,9.909090909090908,0.5260340632603406,0.011221122112211221
adbm,G1,35,47,0.3051154368492531,1,0.7647898260202836,3.5465350992014444,2.0,0.8122142227547252,0.9230845236214874,13.361702127659575,-1.0,0.10411899313501144
bodymassratio,G1,35,47,0.18741511996378452,5,0.8425111510539262,7.161636478469704,4.0,0.6139378292737152,0.5728597823583149,7.829787234042553,0.6754443712969058,-0.024821683309557776
lmatrix,G1,35,47,0.22317790855590766,1,0.7841322904676664,2.950310582293879,2.0,1.1496795179246946,0.941432741369238,9.51063829787234,-1.0,-0.14895917815625845
niche,G1,35,47,0.11317338162064282,5,0.8764008068821727,5.968616780045351,3.0,1.0357495080753167,0.6211876423082817,4.340425531914893,0.5732984293193717,-0.24313186813186813
pfim_metaweb,G1,35,47,0.11815301041195111,4,0.8315850490246237,2.6510787329285788,3.0,1.7514742960613416,0.5464685034798675,4.574468085106383,-0.42614601018675724,-0.7494543867306853
pfim_downsample,G1,35,47,0.06835672249886826,3,0.9353904720521847,2.484871031746032,3.0,1.8218076074090102,0.6154945157449719,2.234042553191489,0.12631578947368421,-0.6533613445378151
random,G1,35,47,0.11679492983250339,5,0.93242553382578,126.4795394954472,1.0,0.4650235836178552,0.3963446620220311,4.51063829787234,0.7390417940876657,-0.009523809523809525
adbm,G2,35,20,0.3175,1,0.7728141259843085,3.174294986059692,2.0,0.9424959515576184,0.8018158480838111,5.4,-1.0,-0.1492063492063492
bodymassratio,G2,35,20,0.155,4,0.9103138158930262,6.144032921810699,1.0,0.6443118346673903,0.9471493256701798,2.15,0.6021505376344086,0.25
lmatrix,G2,35,20,0.2525,1,0.7933249038261836,2.9420634920634927,2.0,0.9921292368751065,1.0308948087050076,4.1,-1.0,0.03171953255425709
niche,G2,35,15,0.08,2,0.9155127051236567,3.0,2.0,1.30627302136621,1.0059347702036958,0.26666666666666666,0.0,-0.25
pfim_metaweb,G2,35,20,0.175,3,0.7922802242263642,3.4594696969696974,2.0,1.4846149779161804,0.5676567244564473,2.55,-0.0963855421686747,-1.0
pfim_downsample,G2,35,20,0.125,3,0.9150674875631509,3.527777777777777,3.0,1.4768387290354175,0.6680687011630497,1.55,0.17391304347826086,-0.7551020408163265
random,G2,35,18,0.06481481481481481,6,0.9804529544011719,8.846153846153847,3.0,1.1098165060363934,0.6736330697086077,0.2222222222222222,1.0,-0.42857142857142855
adbm,G3,35,28,0.29464285714285715,1,0.7835153242212981,3.301795206971678,2.0,0.9739664706674575,0.833685263917711,7.285714285714286,-1.0,-0.12851627137341423
bodymassratio,G3,35,28,0.1683673469387755,4,0.8789882417029085,6.1621271494709,1.0,0.6240865855406148,0.9306460650673437,3.75,0.6,0.22033898305084745
lmatrix,G3,35,28,0.22193877551020408,1,0.7902187180472805,2.9811507936507944,2.0,1.0487078344877752,1.1229039046152225,5.25,-1.0,0.054616384915474644
niche,G3,35,27,0.08916323731138547,4,0.9297860225890537,4.1499999999999995,2.0,1.1763486241634467,0.7577366100044933,1.4444444444444444,0.3333333333333333,-0.39622641509433965
pfim_metaweb,G3,35,28,0.13010204081632654,3,0.790610335850184,3.112728937728937,2.0,1.6892443153121253,0.7096245515367301,2.6785714285714284,-0.21033210332103322,-0.9037433155080213
pfim_downsample,G3,35,28,0.08035714285714286,3,0.9232785118076164,3.058080808080808,2.0,1.7303340094268622,0.825961910305073,1.2857142857142858,0.21739130434782608,-0.6701030927835051
random,G3,35,28,0.08418367346938775,9,0.9420344922501982,7.553847215197278,2.0,0.704371954066318,0.5442060783896255,1.3928571428571428,0.8666666666666667,-0.09090909090909091
adbm,G4,35,44,0.3290289256198347,1,0.7587386093225283,3.6068380953222396,2.0,0.7829684534971028,0.8584104843891538,13.5,-1.0,0.07724252491694353
bodymassratio,G4,35,44,0.17355371900826447,5,0.8491283237142415,7.2520103999736465,4.0,0.5276712576764249,0.5462390527773496,6.659090909090909,0.6723695466210436,0.011431184270690443
lmatrix,G4,35,44,0.2510330578512397,1,0.7843199807150555,2.8929032082207145,2.0,1.0463716349455658,0.8906938922683854,10.068181818181818,-1.0,-0.11664946173130807
niche,G4,35,44,0.2246900826446281,3,0.8325715958388509,4.966585059624114,2.0,0.9408618663739268,0.39279083912073354,8.909090909090908,-0.0650315867707172,-0.5983066792097836
pfim_metaweb,G4,35,44,0.1368801652892562,3,0.8504460455213982,3.1108560831960643,3.0,1.4653071707061418,0.5932664067256673,5.045454545454546,-0.19746835443037974,-0.6612149532710281
pfim_downsample,G4,35,44,0.08677685950413223,4,0.9442820506701582,2.9337355757487305,5.0,1.4612540530957157,0.6545126878979634,2.840909090909091,0.21485411140583555,-0.5541718555417185
random,G4,35,44,0.23243801652892562,3,0.924074535250167,0.7081090808070506,1.0,0.29737100528818194,0.27157921210346964,9.25,0.5432989690721649,-0.021621621621621623
adbm,G1,36,47,0.27840651878678135,1,0.7817131744534215,3.3350371011899345,2.0,0.8526221047602305,0.9990815601461952,12.106382978723405,-1.0,0.1270521056388294
bodymassratio,G1,36,47,0.19601629696695339,4,0.8405886945252524,5.5419694038968705,4.0,0.658286336579347,0.588000093317505,8.23404255319149,0.6867469879518072,-0.041555285540704735
lmatrix,G1,36,47,0.19601629696695339,1,0.7823795441684551,2.994480056980056,2.0,1.2309500848371164,1.0386486129786463,8.23404255319149,-1.0,-0.125
niche,G1,36,47,0.21819827976459938,5,0.8332595443507032,7.193635051508438,2.0,0.8977284042643009,0.5919003240104801,9.27659574468085,-0.06160229811682094,-0.4181407602559277
pfim_metaweb,G1,36,47,0.11815301041195111,4,0.8315850490246237,2.6510787329285788,3.0,1.7514742960613416,0.5464685034798675,4.574468085106383,-0.42614601018675724,-0.7494543867306853
pfim_downsample,G1,36,47,0.06835672249886826,4,0.9255117253761149,2.735492574555074,4.0,1.857299830991775,0.6455569188661555,2.234042553191489,0.06060606060606061,-0.6823658269441402
random,G1,36,47,0.20235400633770936,3,0.9299584621343151,0.5784072164074319,1.0,0.25929392255283035,0.2806591754567815,8.53191489361702,0.5853018372703412,0.003367003367003367
adbm,G2,36,20,0.275,1,0.8079446282628665,3.071759259259258,2.0,0.9949852512890489,0.9014028986712476,4.55,-1.0,-0.08777969018932874
bodymassratio,G2,36,20,0.1775,4,0.8908739195798749,5.3202380952380945,4.0,0.6868121415948584,0.668321204933215,2.6,0.7538461538461538,-0.012345679012345678
lmatrix,G2,36,20,0.2,1,0.8366714090579048,2.8266666666666667,2.0,1.0606601717798212,1.2301048307916045,3.05,-1.0,0.12016293279022404
niche,G2,36,20,0.3025,4,0.8497790418222593,4.481341008579944,2.0,0.7980777037145115,0.5737704118251168,5.1,-0.11764705882352941,-0.22784810126582278
pfim_metaweb,G2,36,20,0.175,3,0.7922802242263642,3.4594696969696974,2.0,1.4846149779161804,0.5676567244564473,2.55,-0.0963855421686747,-1.0
pfim_downsample,G2,36,20,0.125,3,0.8922416836147603,3.3488764044943817,2.0,1.6078753552109497,0.6805570473787205,1.55,0.20430107526881722,-0.7966101694915254
random,G2,36,20,0.2425,4,0.9066256997051025,0.8292661614208751,1.0,0.41923212611719585,0.450117282513329,3.9,0.524390243902439,-0.013888888888888888
adbm,G3,36,28,0.2780612244897959,1,0.8048272920532124,3.170955806385672,2.0,0.9388794247832769,0.9050816796178954,6.821428571428571,-1.0,-0.029327199539965498
bodymassratio,G3,36,28,0.1951530612244898,4,0.8809844051954248,5.395005642689174,4.0,0.6309763385513676,0.5667671302624956,4.5,0.7074626865671642,-0.039897039897039896
lmatrix,G3,36,28,0.1951530612244898,1,0.8068217641693046,2.8250000000000006,2.0,1.0417892737352246,1.2051928406408012,4.5,-1.0,0.10787172011661808
niche,G3,36,28,0.19005102040816327,3,0.8553527551236385,4.511574074074074,2.0,0.9417573977311531,0.6530854925384365,4.357142857142857,-0.06584362139917696,-0.30449251247920134
pfim_metaweb,G3,36,28,0.13010204081632654,3,0.790610335850184,3.112728937728937,2.0,1.6892443153121253,0.7096245515367301,2.6785714285714284,-0.21033210332103322,-0.9037433155080213
pfim_downsample,G3,36,28,0.08035714285714286,3,0.9276440234489727,3.1728395061728394,2.0,1.7090629610540458,0.7219847662821455,1.2857142857142858,0.40594059405940597,-0.686046511627907
random,G3,36,28,0.17091836734693877,5,0.9266756044166926,1.0208006280947572,1.0,0.3954728423133096,0.3522163188144848,3.8214285714285716,0.6994219653179191,-0.046357615894039736
adbm,G4,36,44,0.2980371900826446,1,0.7723616186125877,3.25944129477067,2.0,0.7943924316350225,0.9633445767334364,12.136363636363637,-1.0,0.15132304299889746
bodymassratio,G4,36,44,0.18233471074380164,4,0.855671215562229,5.612287357778706,3.0,0.6324309211822516,0.5433112914233001,7.045454545454546,0.6668048072938251,-0.054986727341676145
lmatrix,G4,36,44,0.22830578512396693,1,0.7715117410992002,2.871059207996923,2.0,1.124808930482099,0.9303657525504321,9.068181818181818,-1.0,-0.1298098517742177
niche,G4,36,44,0.12551652892561985,5,0.8900631231577648,7.667193859292403,2.0,0.9545353088684844,0.6093495877655959,4.545454545454546,0.2519422863485017,-0.46482758620689657
pfim_metaweb,G4,36,44,0.1368801652892562,3,0.8504460455213982,3.1108560831960643,3.0,1.4653071707061418,0.5932664067256673,5.045454545454546,-0.19746835443037974,-0.6612149532710281
pfim_downsample,G4,36,44,0.08677685950413223,4,0.9386686554210734,3.189639731540911,4.0,1.4764583760050656,0.6245812814557978,2.840909090909091,0.24752475247524752,-0.5745192307692307
random,G4,36,44,0.16890495867768596,4,0.9292138605598734,0.8031477437071861,1.0,0.30352176828217087,0.3629116523500966,6.454545454545454,0.6229825693996126,0.009235936188077247
adbm,G1,37,47,0.28746038931643275,1,0.7659683346948318,3.647229694517296,2.0,0.8257740023371047,0.9882012108286784,12.53191489361702,-1.0,0.13850632627925205
bodymassratio,G1,37,47,0.17609778180172023,4,0.8431715248058399,6.454086052069675,4.0,0.6391853476988661,0.6381915920709446,7.297872340425532,0.7248345524207593,-0.0006013229104028864
lmatrix,G1,37,47,0.21548211860570393,1,0.765441496205299,3.032417238299591,2.0,1.140507989777098,1.0034949733199474,9.148936170212766,-1.0,-0.08885754583921016
niche,G1,37,47,0.1561792666364871,4,0.8644750908653482,6.464873566643338,2.0,1.0286366635354511,0.3979688712538396,6.361702127659575,0.2789267747344885,-0.49424136204306457
pfim_metaweb,G1,37,47,0.11815301041195111,4,0.8315850490246237,2.6510787329285788,3.0,1.7514742960613416,0.5464685034798675,4.574468085106383,-0.42614601018675724,-0.7494543867306853
pfim_downsample,G1,37,47,0.06835672249886826,4,0.9273706232236839,2.9333984374999997,3.0,1.8275787810542974,0.6520492562027749,2.234042553191489,0.03954802259887006,-0.6394849785407726
random,G1,37,47,0.1530104119511091,4,0.9352821310649608,0.6923403253067656,1.0,0.29374599919181776,0.3288534346299092,6.212765957446808,0.6899022801302932,-0.016496465043205028
adbm,G2,37,20,0.2825,1,0.7838012955236239,2.7740315240315234,2.0,1.0545855711528471,0.7710055453284396,4.7,-1.0,-0.2586490939044481
bodymassratio,G2,37,20,0.195,3,0.8664266557758328,4.9707482993197285,1.0,0.6219844028518025,0.7004815613561316,2.95,0.6776859504132231,0.05454545454545454
lmatrix,G2,37,20,0.2,1,0.8276005895912918,2.8000000000000007,2.0,0.8111071056538127,1.3931222034280448,3.05,-1.0,0.38461538461538464
niche,G2,37,20,0.185,3,0.8600274433963707,3.46917543546757,3.0,1.0078313930017506,0.6910067239676679,2.75,0.17391304347826086,-0.22131147540983606
pfim_metaweb,G2,37,20,0.175,3,0.7922802242263642,3.4594696969696974,2.0,1.4846149779161804,0.5676567244564473,2.55,-0.0963855421686747,-1.0
pfim_downsample,G2,37,20,0.125,3,0.899982161198889,3.2788194444444443,2.0,1.6078753552109495,0.6680687011630496,1.55,-0.10526315789473684,-0.7966101694915254
random,G2,37,20,0.2125,4,0.9240877418893442,0.7034603816674528,1.0,0.35704528156875526,0.2739194595739277,3.3,0.6236559139784946,0.030303030303030304
adbm,G3,37,28,0.2767857142857143,1,0.7706973429351521,2.7593919372482714,2.0,0.9980132111347867,0.8440232380823961,6.785714285714286,-1.0,-0.12169312169312169
bodymassratio,G3,37,28,0.1951530612244898,3,0.8503899385439131,4.965674937202715,3.0,0.644590604087695,0.6616831882992499,4.5,0.6897590361445783,0.010962241169305725
lmatrix,G3,37,28,0.1951530612244898,1,0.8057480817404847,2.8666666666666667,2.0,0.9244492475375004,1.2983409053848667,4.5,-1.0,0.24083393242271747
niche,G3,37,27,0.14814814814814814,4,0.881842836364736,5.654929577464788,2.0,0.8233374857156787,0.7239050086430274,3.037037037037037,0.35333333333333333,-0.07507507507507508
pfim_metaweb,G3,37,28,0.13010204081632654,3,0.790610335850184,3.112728937728937,2.0,1.6892443153121253,0.7096245515367301,2.6785714285714284,-0.21033210332103322,-0.9037433155080213
pfim_downsample,G3,37,28,0.08035714285714286,3,0.9197731385618784,2.9495380241648896,2.0,1.8685665424703741,0.7709874072096788,1.2857142857142858,0.2545454545454545,-0.8085106382978723
random,G3,37,28,0.16709183673469388,4,0.9297614786512691,21.94205421953028,3.0,0.42769290757147466,0.3772430901424273,3.7142857142857144,0.6470588235294118,-0.02456140350877193
adbm,G4,37,44,0.2944214876033058,1,0.7617407381224215,3.077167512716913,2.0,0.8539162206445448,0.9113782687783487,11.977272727272727,-1.0,0.04904851246314661
bodymassratio,G4,37,44,0.1890495867768595,4,0.8312176699003099,5.879901330549855,4.0,0.5589496377961753,0.5595506297117068,7.340909090909091,0.69812734082397,0.00035676061362825543
lmatrix,G4,37,44,0.21642561983471073,1,0.7735781249281889,2.9310035842293893,2.0,1.065029848854711,1.0377104440702982,8.545454545454545,-1.0,-0.017857142857142856
niche,G4,37,41,0.06722189173111243,4,0.9329146333654448,4.312748015873016,2.0,0.9896084718508285,0.6968850960001767,1.7804878048780488,0.9701492537313433,-0.1687041564792176
pfim_metaweb,G4,37,44,0.1368801652892562,3,0.8504460455213982,3.1108560831960643,3.0,1.4653071707061418,0.5932664067256673,5.045454545454546,-0.19746835443037974,-0.6612149532710281
pfim_downsample,G4,37,44,0.08677685950413223,4,0.936409085490744,3.2158895887053607,4.0,1.4458898572511663,0.6245812814557978,2.840909090909091,0.2519480519480519,-0.5555555555555556
random,G4,37,44,0.058884297520661155,8,0.951320113174313,36.110693567263326,2.0,0.6410951783980687,0.541492062998864,1.6136363636363635,0.8704453441295547,-0.04807692307692308
adbm,G1,38,47,0.2947034857401539,1,0.7743917612019486,3.6948481172384877,2.0,0.8316559561254024,0.9568469796040137,12.872340425531915,-1.0,0.11322484528993812
bodymassratio,G1,38,47,0.18288818469895882,4,0.8395634442100414,6.556052380914891,1.0,0.5860469120014636,0.5779583711958918,7.617021276595745,0.686478971150504,-0.004822182037371911
lmatrix,G1,38,47,0.21910366681756452,1,0.7897969670119829,2.9375182665658843,2.0,1.1889589132060032,0.9176557713860568,9.319148936170214,-1.0,-0.1871643394199785
niche,G1,38,46,0.23156899810964082,3,0.8299001094062735,4.74529343000113,2.0,0.9394464722430012,0.569220222591907,9.673913043478262,-0.20353423792994635,-0.37210718635809986
pfim_metaweb,G1,38,47,0.11815301041195111,4,0.8315850490246237,2.6510787329285788,3.0,1.7514742960613416,0.5464685034798675,4.574468085106383,-0.42614601018675724,-0.7494543867306853
pfim_downsample,G1,38,47,0.06835672249886826,4,0.9460999851535709,2.559444024523389,3.0,1.7426308582971037,0.5618271720666659,2.234042553191489,0.18385650224215247,-0.6827757125154895
random,G1,38,47,0.18650973291081938,3,0.9314835332303993,0.699011323045771,1.0,0.2816634550039852,0.3029557772507185,7.787234042553192,0.6297156123041208,0.06102635228848821
adbm,G2,38,20,0.33,1,0.7863671727595759,3.5420884208384207,2.0,0.853426031647668,0.8216889803544516,5.65,-1.0,-0.03571428571428571
bodymassratio,G2,38,20,0.1725,4,0.9000456795661145,6.1383597883597885,4.0,0.5441008384219428,0.6812324481683278,2.5,0.7435897435897436,0.09268292682926829
lmatrix,G2,38,20,0.245,1,0.8216548122757111,3.0196778711484593,2.0,0.9431551507320738,1.0550510347572106,3.95,-1.0,0.08900523560209424
niche,G2,38,20,0.1575,4,0.8813513487204042,4.625,1.0,0.8756321396137915,0.6853413386003392,2.2,0.5625,-0.14450867052023122
pfim_metaweb,G2,38,20,0.175,3,0.7922802242263642,3.4594696969696974,2.0,1.4846149779161804,0.5676567244564473,2.55,-0.0963855421686747,-1.0
pfim_downsample,G2,38,20,0.125,4,0.9000178595850389,3.527777777777777,3.0,1.5707859246417482,0.6680687011630497,1.55,-0.0684931506849315,-0.776
random,G2,38,20,0.135,7,0.9367619450389347,0.9811427477548997,1.0,0.3624892480959947,0.6138958349478694,1.75,0.8292682926829268,0.20512820512820512
adbm,G3,38,28,0.30357142857142855,1,0.7832717512650704,3.6246371361675984,2.0,0.8606629658238704,0.8939685691566623,7.535714285714286,-1.0,0.03175487465181059
bodymassratio,G3,38,28,0.18622448979591838,4,0.8623282936937131,6.207980599647266,4.0,0.5357599971628019,0.6568362606886397,4.25,0.7675840978593272,0.07290233837689133
lmatrix,G3,38,28,0.21428571428571427,1,0.811978246336303,3.1157202797202794,2.0,1.0609026361038891,1.0924356447224166,5.035714285714286,-1.0,0.022433718558803536
niche,G3,38,28,0.20918367346938777,3,0.8652148099494275,4.822278801271428,3.0,0.9810148376584297,0.43519356457768726,4.892857142857143,0.015706806282722512,-0.5983606557377049
pfim_metaweb,G3,38,28,0.13010204081632654,3,0.790610335850184,3.112728937728937,2.0,1.6892443153121253,0.7096245515367301,2.6785714285714284,-0.21033210332103322,-0.9037433155080213
pfim_downsample,G3,38,28,0.08035714285714286,4,0.9155283797465925,3.2213834269662915,3.0,1.6961722958612935,0.8940181229744035,1.2857142857142858,0.44,-0.4805194805194805
random,G3,38,28,0.17219387755102042,4,0.9184991315132798,0.9800122614380082,1.0,0.4226287360308414,0.4791650513879058,3.857142857142857,0.620253164556962,-0.026415094339622643
adbm,G4,38,44,0.303202479338843,1,0.7670980445446322,3.454242644341075,2.0,0.8076304647282138,0.9228555740086459,12.363636363636363,-1.0,0.10180120080053369
bodymassratio,G4,38,44,0.17768595041322313,4,0.8596558778791216,6.637833038307251,3.0,0.5214046939211132,0.5470435715956211,6.840909090909091,0.6892464013547841,0.015241320914479255
lmatrix,G4,38,44,0.2303719008264463,1,0.7730478594450735,2.9554121117164587,2.0,1.1189033066137615,0.9038325349404858,9.159090909090908,-1.0,-0.1423914654022818
niche,G4,38,44,0.12913223140495866,4,0.8694682025286579,5.499999999999999,2.0,1.164840581966197,0.38479762122747796,4.704545454545454,0.362962962962963,-0.5669099756690997
pfim_metaweb,G4,38,44,0.1368801652892562,3,0.8504460455213982,3.1108560831960643,3.0,1.4653071707061418,0.5932664067256673,5.045454545454546,-0.19746835443037974,-0.6612149532710281
pfim_downsample,G4,38,44,0.08677685950413223,4,0.936837410964679,3.0957159806662338,4.0,1.5095802274863848,0.606439455305752,2.840909090909091,0.27586206896551724,-0.5981416957026713
random,G4,38,44,0.14617768595041322,4,0.9323395743116949,0.7453264536065713,1.0,0.3170372191699249,0.3240523424530737,5.454545454545454,0.7342007434944238,-0.005793742757821553
adbm,G1,39,47,0.2915346310547759,1,0.7820920329583714,3.9045009509503874,2.0,0.8274990139746373,0.9770067918989418,12.72340425531915,-1.0,0.1408876526786794
bodymassratio,G1,39,47,0.1810774105930285,5,0.8625151819747867,7.338191546478327,1.0,0.7053712790469625,0.6345909757644992,7.531914893617022,0.6261173727166731,-0.044607566346696784
lmatrix,G1,39,47,0.21593481213218652,2,0.7962560534849665,3.044714372189266,2.0,1.227060059901837,0.9290946468215802,9.170212765957446,-0.9488636363636364,-0.21045353982300885
niche,G1,39,47,0.1231326392032594,4,0.8795288178101859,5.254919288358788,3.0,1.215947232513879,0.4216228354885988,4.808510638297872,0.357630979498861,-0.5950920245398773
pfim_metaweb,G1,39,47,0.11815301041195111,4,0.8315850490246237,2.6510787329285788,3.0,1.7514742960613416,0.5464685034798675,4.574468085106383,-0.42614601018675724,-0.7494543867306853
pfim_downsample,G1,39,47,0.06835672249886826,3,0.9420107286245583,2.53063603063603,3.0,1.7329351748449184,0.6742803364178659,2.234042553191489,0.14009661835748793,-0.6069767441860465
random,G1,39,47,0.1199637845178814,5,0.9289988265373064,1.2086842735128933,1.0,0.3760987998415434,0.4565800439938614,4.659574468085107,0.7532861476238625,0.036057692307692304
adbm,G2,39,20,0.31,1,0.7983148504534575,3.7347736625514405,2.0,0.9355131428006251,0.8415128810786585,5.25,-1.0,-0.10463121783876501
bodymassratio,G2,39,20,0.1625,5,0.8981612858415143,6.783888888888889,1.0,0.6143716359070973,0.8638199980898618,2.3,0.7005988023952096,0.17703349282296652
lmatrix,G2,39,20,0.23,2,0.8125275947772198,3.076260504201681,2.0,1.0518353370944338,1.0589057864280904,3.65,-0.7761194029850746,0.005545286506469501
niche,G2,39,18,0.09259259259259259,3,0.9235667180251057,3.3333333333333335,1.0,1.0289915108550531,0.7970533969860857,0.7222222222222222,0.9047619047619048,-0.10204081632653061
pfim_metaweb,G2,39,20,0.175,3,0.7922802242263642,3.4594696969696974,2.0,1.4846149779161804,0.5676567244564473,2.55,-0.0963855421686747,-1.0
pfim_downsample,G2,39,20,0.125,3,0.897749991093931,3.3842857142857143,3.0,1.4480476874962227,0.7167176644441768,1.55,0.23076923076923078,-0.6333333333333333
random,G2,39,20,0.0875,8,0.9405568667647848,9.513966480446927,3.0,0.7150371986748114,0.7838323326268961,0.8,0.803921568627451,0.10526315789473684
adbm,G3,39,28,0.2997448979591837,1,0.7901827849164975,3.845639179571366,2.0,0.9588778378459254,0.8276122715348277,7.428571428571429,-1.0,-0.12706552706552707
bodymassratio,G3,39,28,0.16964285714285715,5,0.8765734290568681,6.876056035840261,5.0,0.5332871632831812,0.763645068673938,3.7857142857142856,0.7323420074349443,0.1470113085621971
lmatrix,G3,39,28,0.22066326530612246,2,0.813081462492506,3.133269841269841,3.0,1.017022292955317,1.1091952996531753,5.214285714285714,-0.8493150684931506,0.06631648063033486
niche,G3,39,28,0.2844387755102041,4,0.8257359777894261,5.0167367076624565,2.0,0.9057407939422271,0.4910520555730691,7.0,-0.33547008547008544,-0.5609167671893848
pfim_metaweb,G3,39,28,0.13010204081632654,3,0.790610335850184,3.112728937728937,2.0,1.6892443153121253,0.7096245515367301,2.6785714285714284,-0.21033210332103322,-0.9037433155080213
pfim_downsample,G3,39,28,0.08035714285714286,3,0.9247234965408793,3.4231481481481465,3.0,1.7004800419628143,0.7517697455623866,1.2857142857142858,0.31297709923664124,-0.7625
random,G3,39,28,0.21683673469387754,4,0.9190825904907537,0.7254939672782104,1.0,0.4227298189242938,0.3470237418109814,5.107142857142857,0.5126353790613718,-0.010256410256410256
adbm,G4,39,44,0.327995867768595,1,0.7633421457594205,3.5788219769525584,2.0,0.7511221725767907,0.8971727512869775,13.454545454545455,-1.0,0.14873068432671083
bodymassratio,G4,39,44,0.15857438016528927,5,0.8637509957681285,7.564467388160049,1.0,0.5653088117147756,0.5644631447769731,6.0,0.7327188940092166,-0.0005047955577990914
lmatrix,G4,39,44,0.26136363636363635,2,0.7756744362135081,3.1046374278774334,2.0,1.0688687136763326,0.8130253643700062,10.522727272727273,-0.9640044994375703,-0.1970067635631026
niche,G4,39,44,0.06353305785123967,3,0.9205420142976832,4.0,2.0,1.2737229281830698,0.8782063260689783,1.8181818181818181,0.7415730337078652,-0.2775800711743772
pfim_metaweb,G4,39,44,0.1368801652892562,3,0.8504460455213982,3.1108560831960643,3.0,1.4653071707061418,0.5932664067256673,5.045454545454546,-0.19746835443037974,-0.6612149532710281
pfim_downsample,G4,39,44,0.08677685950413223,5,0.9365755384840926,3.3639675716550266,3.0,1.554355387880978,0.6807947683683114,2.840909090909091,0.19875776397515527,-0.5366379310344828
random,G4,39,44,0.06818181818181818,9,0.9379763773347288,1.7206434615864437,1.0,0.5840250605220888,0.5521861649149807,2.022727272727273,0.864951768488746,0.0
adbm,G1,40,47,0.30104119511090993,1,0.7734445973264438,3.52137363254487,2.0,0.8419493270838456,0.9074970888844667,13.170212765957446,-1.0,0.06
bodymassratio,G1,40,47,0.18334087822544137,5,0.8470671039767345,6.952458762608313,1.0,0.6450259899131708,0.6228583513084782,7.638297872340425,0.7220788794692222,-0.012958963282937365
lmatrix,G1,40,47,0.21638750565866907,1,0.7924169888310736,2.987119220648633,2.0,1.1377147659468985,1.0042689916212635,9.191489361702128,-1.0,-0.0947867298578199
niche,G1,40,46,0.08601134215500945,5,0.9064697901206603,7.175493188135848,2.0,1.094533444778973,0.31049655327382103,2.9782608695652173,0.507908611599297,-0.5778546712802768
pfim_metaweb,G1,40,47,0.11815301041195111,4,0.8315850490246237,2.6510787329285788,3.0,1.7514742960613416,0.5464685034798675,4.574468085106383,-0.42614601018675724,-0.7494543867306853
pfim_downsample,G1,40,47,0.06835672249886826,3,0.9390437831749201,2.8427701046748663,4.0,1.7690200042662632,0.6804986914744352,2.234042553191489,0.23853211009174313,-0.6193619361936193
random,G1,40,47,0.0946129470348574,6,0.9317761023939052,1.0353798206255227,1.0,0.4637415152562586,0.4492924543351431,3.4680851063829787,0.7725490196078432,0.0030959752321981426
adbm,G2,40,20,0.31,1,0.8026131665192031,3.175485008818342,2.0,0.9742284031138763,0.8083170276007866,5.25,-1.0,-0.16927899686520376
bodymassratio,G2,40,20,0.12,6,0.9082150961207357,6.888888888888888,4.0,0.512989176042577,1.1502605857824906,1.45,0.8596491228070176,0.42028985507246375
lmatrix,G2,40,20,0.2575,1,0.8115485224075789,2.951851851851852,2.0,0.9986323006309739,1.0144047865167127,4.2,-1.0,0.013114754098360656
niche,G2,40,20,0.1725,2,0.8588703470146507,3.7761904761904757,2.0,0.997348877465918,0.9140659948269562,2.5,-0.2116788321167883,-0.10309278350515463
pfim_metaweb,G2,40,20,0.175,3,0.7922802242263642,3.4594696969696974,2.0,1.4846149779161804,0.5676567244564473,2.55,-0.0963855421686747,-1.0
pfim_downsample,G2,40,20,0.125,3,0.9273771978693465,3.5949865861837687,3.0,1.5217718205053643,0.6017518285455348,1.55,0.1827956989247312,-0.8367346938775511
random,G2,40,20,0.1325,6,0.9135476129392058,8.777374144727645,5.0,0.5512806574748612,0.7271530576187172,1.7,0.5903614457831325,0.22077922077922077
adbm,G3,40,28,0.3048469387755102,1,0.7943179966439521,3.3831970575004635,2.0,0.956289790208838,0.8063200459368702,7.571428571428571,-1.0,-0.14541387024608501
bodymassratio,G3,40,28,0.1568877551020408,5,0.9008801198909058,6.851010101010099,1.0,0.5413274893072677,0.8062410329591655,3.4285714285714284,0.819672131147541,0.1617391304347826
lmatrix,G3,40,28,0.2308673469387755,1,0.7801727132310328,2.9074066958682354,2.0,1.041128803409642,1.0621985005747345,5.5,-1.0,0.015422578655151141
niche,G3,40,28,0.10841836734693877,4,0.8940200919867579,4.333333333333333,2.0,1.2341170863005513,0.673795030916914,2.0714285714285716,0.29213483146067415,-0.4513888888888889
pfim_metaweb,G3,40,28,0.13010204081632654,3,0.790610335850184,3.112728937728937,2.0,1.6892443153121253,0.7096245515367301,2.6785714285714284,-0.21033210332103322,-0.9037433155080213
pfim_downsample,G3,40,28,0.08035714285714286,3,0.9379036911946722,2.8617724867724874,3.0,1.7004800419628143,0.7517697455623866,1.2857142857142858,0.3786407766990291,-0.6894409937888198
random,G3,40,28,0.14923469387755103,7,0.9318921537549814,1.099767958121676,1.0,0.4832791225491265,0.44678808380743257,3.2142857142857144,0.632398753894081,-0.011406844106463879
adbm,G4,40,44,0.31921487603305787,1,0.7767182468815708,3.6930949692952733,2.0,0.7730900070421342,0.9031921787258229,13.068181818181818,-1.0,0.131038390706899
bodymassratio,G4,40,44,0.1683884297520661,5,0.8632845919189268,6.828165256094265,3.0,0.5631658450675606,0.5823961618848131,6.431818181818182,0.7544194935499283,0.011063829787234043
lmatrix,G4,40,44,0.24173553719008264,1,0.7808391461708988,2.960178825699188,2.0,1.129678359653138,0.8595529141918676,9.659090909090908,-1.0,-0.20073721394563046
niche,G4,40,42,0.0691609977324263,5,0.9164490946872705,4.5,2.0,1.122150124450028,0.8147070735594576,1.9285714285714286,0.5462962962962963,-0.2367816091954023
pfim_metaweb,G4,40,44,0.1368801652892562,3,0.8504460455213982,3.1108560831960643,3.0,1.4653071707061418,0.5932664067256673,5.045454545454546,-0.19746835443037974,-0.6612149532710281
pfim_downsample,G4,40,44,0.08677685950413223,4,0.9371116124162403,3.2077943984888684,3.0,1.4882956675653403,0.6617840501160702,2.840909090909091,0.2971576227390181,-0.561510353227771
random,G4,40,44,0.06714876033057851,7,0.9412863122601315,28.753175975000616,3.0,0.437690374157473,0.5361719787603237,1.9772727272727273,0.8615916955017301,0.07207207207207207
adbm,G1,41,47,0.29560887279311904,1,0.7772585028706407,3.770638719043292,2.0,0.8575864618887143,0.9036261353734699,12.914893617021276,-1.0,0.03943908851884312
bodymassratio,G1,41,47,0.1797193300135808,4,0.8432750633647552,5.954450901156904,1.0,0.5601009278529162,0.6239198169235474,7.468085106382978,0.6974093264248704,0.0383426097711812
lmatrix,G1,41,47,0.21865097329108193,1,0.7965366091834734,3.0380093413386513,2.0,1.1205094421783153,0.9662284323610363,9.297872340425531,-1.0,-0.1029218215319821
niche,G1,41,47,0.2019013128112268,4,0.846980602794312,6.056885809549756,2.0,0.9391893980539694,0.2707936175465407,8.51063829787234,0.21142857142857144,-0.5651703623580314
pfim_metaweb,G1,41,47,0.11815301041195111,4,0.8315850490246237,2.6510787329285788,3.0,1.7514742960613416,0.5464685034798675,4.574468085106383,-0.42614601018675724,-0.7494543867306853
pfim_downsample,G1,41,47,0.06835672249886826,3,0.9339202530955084,2.6399713278619523,3.0,1.7820680427796982,0.6773966493784159,2.234042553191489,0.2579185520361991,-0.6344969199178645
random,G1,41,47,0.19194205522861024,4,0.9317775624276785,0.764903852508832,1.0,0.33213674426793904,0.25685194352179846,8.042553191489361,0.6324556689951639,-0.001422475106685633
adbm,G2,41,20,0.295,1,0.7704190915216281,2.643151087595532,2.0,1.0802482588835762,0.6844029843057333,4.95,-1.0,-0.3581395348837209
bodymassratio,G2,41,20,0.1625,4,0.9006781025767595,5.794583333333334,4.0,0.5270626902129505,0.791578218490623,2.3,0.7177914110429447,0.18324607329842932
lmatrix,G2,41,20,0.2225,1,0.7774237824041907,2.545454545454545,2.0,0.7593517808043981,1.3072293462808402,3.5,-1.0,0.3418940609951846
niche,G2,41,15,0.08888888888888889,3,0.9362600310705099,2.875,2.0,1.1220198623146433,0.7319250547113999,0.4,0.6363636363636364,-0.36
pfim_metaweb,G2,41,20,0.175,3,0.7922802242263642,3.4594696969696974,2.0,1.4846149779161804,0.5676567244564473,2.55,-0.0963855421686747,-1.0
pfim_downsample,G2,41,20,0.125,3,0.888392487285423,3.1873015873015875,2.0,1.5217718205053643,0.6928203230275509,1.55,0.25773195876288657,-0.6666666666666666
random,G2,41,19,0.06371191135734072,5,0.9712715020334569,2.9779524121370877,1.0,0.5209333552351139,0.9369988333475138,0.2631578947368421,0.84,0.5
adbm,G3,41,28,0.2857142857142857,1,0.7769689807052086,2.7893693887811533,2.0,1.0374916331657276,0.7469072033193751,7.035714285714286,-1.0,-0.2411194833153929
bodymassratio,G3,41,28,0.18239795918367346,4,0.8856735076116897,5.705282738095239,4.0,0.5065163117228225,0.6641952440918283,4.142857142857143,0.7210084033613445,0.09745127436281859
lmatrix,G3,41,28,0.21428571428571427,1,0.7696006493482536,2.7514880952380945,2.0,0.8139726287346634,1.2749566280043336,5.035714285714286,-1.0,0.2809123649459784
niche,G3,41,28,0.27168367346938777,3,0.8303876685066379,5.929978916731383,3.0,0.8106134298413198,0.6763195260421786,6.642857142857143,-0.33021077283372363,-0.20622568093385213
pfim_metaweb,G3,41,28,0.13010204081632654,3,0.790610335850184,3.112728937728937,2.0,1.6892443153121253,0.7096245515367301,2.6785714285714284,-0.21033210332103322,-0.9037433155080213
pfim_downsample,G3,41,28,0.08035714285714286,4,0.9217504890867428,2.925595238095238,3.0,1.8007771527619583,0.8521201939129578,1.2857142857142858,-0.02857142857142857,-0.6878048780487804
random,G3,41,28,0.24872448979591838,4,0.918550155370171,0.8404785550402891,1.0,0.2517022670086209,0.38187182283320187,6.0,0.5021097046413502,0.07374631268436578
adbm,G4,41,44,0.3140495867768595,1,0.7772771127250624,4.008941377076873,2.0,0.8230982073981793,0.8652277068681589,12.840909090909092,-1.0,0.039630836047774155
bodymassratio,G4,41,44,0.17355371900826447,5,0.8530798889066635,7.416685426544957,4.0,0.516210100847566,0.5534917898393856,6.659090909090909,0.7256598874945911,0.021607605877268798
lmatrix,G4,41,44,0.2381198347107438,1,0.7873460255590169,3.030103942526304,2.0,1.0403620665673337,0.9449637351630422,9.5,-1.0,-0.06613404349755882
niche,G4,41,44,0.2066115702479339,4,0.8351189903223175,5.939880287514805,2.0,0.9330245890226743,0.7501255708833177,8.113636363636363,-0.27960526315789475,-0.20998217468805705
pfim_metaweb,G4,41,44,0.1368801652892562,3,0.8504460455213982,3.1108560831960643,3.0,1.4653071707061418,0.5932664067256673,5.045454545454546,-0.19746835443037974,-0.6612149532710281
pfim_downsample,G4,41,44,0.08677685950413223,4,0.9411603048704225,2.944681665003133,3.0,1.4882956675653403,0.678447561113944,2.840909090909091,0.18213058419243985,-0.5045662100456622
random,G4,41,44,0.2159090909090909,3,0.9303072576880693,0.6453622656989537,1.0,0.2794238557602846,0.2955575215324976,8.522727272727273,0.5623268698060941,0.033660589060308554
adbm,G1,42,47,0.2969669533725668,1,0.7678656324813843,3.347260619611427,2.0,0.8284182458073641,0.939152740983723,12.97872340425532,-1.0,0.09955727097286866
bodymassratio,G1,42,47,0.1815301041195111,4,0.8432830730825993,6.36666306114507,4.0,0.5751565426300425,0.5442083386338504,7.553191489361702,0.6797007820469229,-0.01854219948849105
lmatrix,G1,42,47,0.2254413761883205,1,0.7835327457414953,2.9171188996188984,2.0,1.1206120182355215,0.952690559454101,9.617021276595745,-1.0,-0.11497633968538176
niche,G1,42,47,0.12041647804436396,4,0.8854151954665532,4.777895605396449,2.0,1.0912407488398304,0.4546412979860162,4.680851063829787,0.37915234822451316,-0.42971887550200805
pfim_metaweb,G1,42,47,0.11815301041195111,4,0.8315850490246237,2.6510787329285788,3.0,1.7514742960613416,0.5464685034798675,4.574468085106383,-0.42614601018675724,-0.7494543867306853
pfim_downsample,G1,42,47,0.06835672249886826,4,0.9411123831220439,2.6806532897067874,4.0,1.7926730727270073,0.6616683293331593,2.234042553191489,0.10344827586206896,-0.6733780760626398
random,G1,42,47,0.12403802625622454,4,0.9312849337364623,0.947598174659048,1.0,0.3840909650562095,0.33422437835566027,4.851063829787234,0.785501489572989,-0.015765765765765764
adbm,G2,42,20,0.3,1,0.7729838611786681,3.2286554621848733,2.0,0.9657890753221926,0.8668690721810841,5.05,-1.0,-0.10264900662251655
bodymassratio,G2,42,20,0.1575,4,0.9043350418091225,5.81904761904762,4.0,0.7726546015756237,0.6536502296697713,2.2,0.7441860465116279,-0.0851063829787234
lmatrix,G2,42,20,0.24,1,0.8227105910196767,2.7638888888888897,2.0,1.010724654634179,1.0911492680409032,3.85,-1.0,0.06197654941373534
niche,G2,42,20,0.1025,4,0.9278150793750101,5.652777777777778,2.0,1.101902694809053,0.5122256852547614,1.1,0.6206896551724138,-0.5
pfim_metaweb,G2,42,20,0.175,3,0.7922802242263642,3.4594696969696974,2.0,1.4846149779161804,0.5676567244564473,2.55,-0.0963855421686747,-1.0
pfim_downsample,G2,42,20,0.125,3,0.8957884664802275,3.6671626984126977,3.0,1.5437480023426242,0.6680687011630496,1.55,0.24444444444444444,-0.7777777777777778
random,G2,42,20,0.0675,8,0.9564666464424678,17.02499999999999,2.0,0.8420059864952084,0.7703628729579686,0.4,0.7142857142857143,-0.058823529411764705
adbm,G3,42,28,0.3022959183673469,1,0.7732167668083096,3.3851809625072784,2.0,0.9349642836457182,0.8387859892558255,7.5,-1.0,-0.09554140127388536
bodymassratio,G3,42,28,0.18877551020408162,4,0.8599322489856395,5.777531621327918,4.0,0.6023697666901193,0.5979521184217967,4.321428571428571,0.6860282574568289,-0.0028328611898017
lmatrix,G3,42,28,0.22193877551020408,1,0.7958612317494259,2.7993656984041606,2.0,1.0348989276879152,1.1004731425998608,5.25,-1.0,0.04670505438259757
niche,G3,42,27,0.15637860082304528,3,0.9018957026150717,4.439814814814815,3.0,1.003403541003541,0.7324551302246826,3.259259259259259,0.3006535947712418,-0.19114688128772636
pfim_metaweb,G3,42,28,0.13010204081632654,3,0.790610335850184,3.112728937728937,2.0,1.6892443153121253,0.7096245515367301,2.6785714285714284,-0.21033210332103322,-0.9037433155080213
pfim_downsample,G3,42,28,0.08035714285714286,4,0.9153044013654026,3.0615530303030307,3.0,1.7762338975232295,0.8434909062982086,1.2857142857142858,0.05426356589147287,-0.8203592814371258
random,G3,42,28,0.16071428571428573,5,0.9226040050213239,1.1262834875617276,1.0,0.3500604167594525,0.5526673897678862,3.5357142857142856,0.6506849315068494,0.15384615384615385
adbm,G4,42,44,0.3068181818181818,1,0.783868068115837,4.082145174390376,2.0,0.7831934825669554,0.9397588587526469,12.522727272727273,-1.0,0.15158468378029544
bodymassratio,G4,42,44,0.18181818181818182,5,0.8458918846021062,7.029316944311196,4.0,0.5445288127427022,0.5491801500503294,7.0227272727272725,0.7122602168473728,0.0026954177897574125
lmatrix,G4,42,44,0.23553719008264462,2,0.7867659126345108,3.0353456117105995,3.0,1.1356318892954944,0.8767563172629926,9.386363636363637,-0.9492537313432836,-0.1876462330369677
niche,G4,42,43,0.05949161709031909,4,0.9248415408201689,4.12264384920635,2.0,1.3603206441930187,0.5548150646851382,1.5813953488372092,0.6538461538461539,-0.5508021390374331
pfim_metaweb,G4,42,44,0.1368801652892562,3,0.8504460455213982,3.1108560831960643,3.0,1.4653071707061418,0.5932664067256673,5.045454545454546,-0.19746835443037974,-0.6612149532710281
pfim_downsample,G4,42,44,0.08677685950413223,3,0.9362926497977933,3.0881339905753964,4.0,1.5085231319942167,0.687788330088753,2.840909090909091,0.17746478873239438,-0.54337899543379
random,G4,42,44,0.07231404958677685,7,0.9371724648742986,31.188794327544713,5.0,0.4610711615811225,0.5559361666211151,2.2045454545454546,0.8758169934640523,0.037037037037037035
adbm,G1,43,47,0.2960615663196016,1,0.7756120929828921,3.47304000730681,2.0,0.823878250637887,0.9460532147758353,12.936170212765957,-1.0,0.11185968172842374
bodymassratio,G1,43,47,0.18515165233137165,4,0.8482435536018348,6.7387958930044665,4.0,0.5770225201679036,0.5745296040393105,7.723404255319149,0.6650552486187845,-0.0014992503748125937
lmatrix,G1,43,47,0.21593481213218652,1,0.7957966017572572,2.897954513370333,2.0,1.1962282297742008,0.9220256436847418,9.170212765957446,-1.0,-0.1878754778809394
niche,G1,43,47,0.2553191489361702,4,0.8240287755512219,6.679482220413017,3.0,0.8412665859280481,0.4277511127896147,11.02127659574468,-0.10084477296726505,-0.48140424052832814
pfim_metaweb,G1,43,47,0.11815301041195111,4,0.8315850490246237,2.6510787329285788,3.0,1.7514742960613416,0.5464685034798675,4.574468085106383,-0.42614601018675724,-0.7494543867306853
pfim_downsample,G1,43,47,0.06835672249886826,4,0.9467390616189114,2.690267011197244,4.0,1.8067162831480372,0.6189068972159316,2.234042553191489,0.22705314009661837,-0.6633221850613155
random,G1,43,47,0.24807605251244907,3,0.9226864017941536,0.6713881023619964,1.0,0.23945018662870501,0.27605401931335966,10.680851063829786,0.4949000407996736,0.014492753623188406
adbm,G2,43,20,0.2875,1,0.8016555368484112,3.1598781937017226,2.0,1.0012428849660082,0.8442540488591235,4.8,-1.0,-0.15141430948419302
bodymassratio,G2,43,20,0.1725,4,0.9042562843964285,6.256207482993196,1.0,0.5756916402911678,0.6681242977714374,2.5,0.7616580310880829,0.061611374407582936
lmatrix,G2,43,20,0.215,1,0.829441095688521,2.9735294117647055,2.0,0.9753443369774114,1.2238555617494913,3.35,-1.0,0.1811320754716981
niche,G2,43,20,0.1075,3,0.8921036052921582,3.0849056603773586,2.0,1.787268808601229,0.4595753182177137,1.2,0.36,-0.9130434782608695
pfim_metaweb,G2,43,20,0.175,3,0.7922802242263642,3.4594696969696974,2.0,1.4846149779161804,0.5676567244564473,2.55,-0.0963855421686747,-1.0
pfim_downsample,G2,43,20,0.125,4,0.9039345332138045,3.3066104078762315,2.0,1.5491933384829668,0.6928203230275509,1.55,0.21739130434782608,-0.6909090909090909
random,G2,43,20,0.065,6,0.9575861662862912,6.093749999999999,1.0,0.7528622845070659,0.710292705289722,0.35,0.9411764705882353,-0.043478260869565216
adbm,G3,43,28,0.28316326530612246,1,0.802196170658337,3.39865,2.0,0.982938130591021,0.8615566245783804,6.964285714285714,-1.0,-0.10982658959537572
bodymassratio,G3,43,28,0.18622448979591838,4,0.8755625714698799,6.1640737734487745,4.0,0.6027627872531256,0.6095049509037231,4.25,0.7028380634390651,0.004243281471004243
lmatrix,G3,43,28,0.20535714285714285,1,0.8181093041527644,2.8849206349206358,2.0,1.0147687685252138,1.1989633553592136,4.785714285714286,-1.0,0.12448700410396717
niche,G3,43,28,0.1951530612244898,4,0.8349803581731111,4.047436456063907,2.0,1.1450247520178816,0.41815689856139043,4.5,-0.04017857142857143,-0.6509090909090909
pfim_metaweb,G3,43,28,0.13010204081632654,3,0.790610335850184,3.112728937728937,2.0,1.6892443153121253,0.7096245515367301,2.6785714285714284,-0.21033210332103322,-0.9037433155080213
pfim_downsample,G3,43,28,0.08035714285714286,3,0.9444720181113133,3.3369765361952863,3.0,1.7133382972178337,0.76143920716589,1.2857142857142858,0.3620689655172414,-0.6966292134831461
random,G3,43,28,0.18112244897959184,4,0.9249112285683965,0.8010501532921616,1.0,0.39043423260641863,0.3676389098676412,4.107142857142857,0.5919540229885057,-0.020833333333333332
adbm,G4,43,44,0.3047520661157025,1,0.7705025558368823,3.5008672389339006,2.0,0.80567391258803,0.9248126414205522,12.431818181818182,-1.0,0.1105869293742195
bodymassratio,G4,43,44,0.18130165289256198,4,0.8494470371934876,6.8438013913140825,4.0,0.549740988946916,0.5839112792462804,7.0,0.6822429906542056,0.02053467648198373
lmatrix,G4,43,44,0.22572314049586778,1,0.7819039029004323,2.8553360017175793,2.0,1.1631812275719304,0.9006715395723838,8.954545454545455,-1.0,-0.1813733228097869
niche,G4,43,44,0.20867768595041322,3,0.836972549172077,5.0346559423217,3.0,1.0853723606963506,0.3946267684286436,8.204545454545455,-0.05366814377154111,-0.589825119236884
pfim_metaweb,G4,43,44,0.1368801652892562,3,0.8504460455213982,3.1108560831960643,3.0,1.4653071707061418,0.5932664067256673,5.045454545454546,-0.19746835443037974,-0.6612149532710281
pfim_downsample,G4,43,44,0.08677685950413223,4,0.9295446716394252,3.2746194662927057,4.0,1.5190609843991396,0.6807947683683114,2.840909090909091,0.2108843537414966,-0.5345268542199488
random,G4,43,44,0.22262396694214875,3,0.928457123793943,0.560868620514255,1.0,0.28159223505182385,0.24475381679796848,8.818181818181818,0.5292987512007685,-0.025348542458808618
adbm,G1,44,47,0.3060208239022182,1,0.7677948629859552,3.33644248590788,2.0,0.7703449338475954,0.9540231925745987,13.404255319148936,-1.0,0.16750027787040125
bodymassratio,G1,44,47,0.17202354006337708,5,0.854519370604809,6.864196935891496,4.0,0.5880048715900316,0.570785509448144,7.1063829787234045,0.7422487859544266,-0.0099601593625498
lmatrix,G1,44,47,0.23132639203259395,1,0.7881819942650699,2.9343592518592505,2.0,1.1488850975704963,0.8707972230119316,9.893617021276595,-1.0,-0.18807734942726936
niche,G1,44,47,0.13309189678587596,4,0.8637213780274319,4.916222920401523,2.0,1.2980853450448622,0.4672320391298516,5.276595744680851,0.15097690941385436,-0.598159509202454
pfim_metaweb,G1,44,47,0.11815301041195111,4,0.8315850490246237,2.6510787329285788,3.0,1.7514742960613416,0.5464685034798675,4.574468085106383,-0.42614601018675724,-0.7494543867306853
pfim_downsample,G1,44,47,0.06835672249886826,4,0.9455464163282477,2.5369391590321833,3.0,1.8367749424016064,0.5729629279459267,2.234042553191489,0.3496932515337423,-0.6470588235294118
random,G1,44,47,0.1530104119511091,4,0.9355928736810464,0.7442312303697773,1.0,0.3197808162920266,0.3063542028632481,6.212765957446808,0.7173144876325088,0.00590717299578059
adbm,G2,44,20,0.33,1,0.7834927021123154,3.2824027792935353,2.0,0.8420237020093565,0.8275498890158289,5.65,-1.0,-0.016666666666666666
bodymassratio,G2,44,20,0.1575,4,0.8917779071856874,5.8,1.0,0.5851413226332799,0.6853413386003392,2.2,0.7802197802197802,0.06976744186046512
lmatrix,G2,44,20,0.26,1,0.7951032453932997,2.9308641975308647,2.0,0.9698025432559128,0.9896694678320715,4.25,-1.0,0.016835016835016835
niche,G2,44,19,0.09418282548476455,3,0.9260628756322197,3.295833333333333,2.0,1.1418938517337989,0.8029046653098466,0.8421052631578947,0.3333333333333333,-0.38095238095238093
pfim_metaweb,G2,44,20,0.175,3,0.7922802242263642,3.4594696969696974,2.0,1.4846149779161804,0.5676567244564473,2.55,-0.0963855421686747,-1.0
pfim_downsample,G2,44,20,0.125,4,0.8978908365025302,3.3792857142857144,2.0,1.5654157006333729,0.6928203230275509,1.55,0.0,-0.75
random,G2,44,20,0.165,5,0.9186442568884111,0.9206890078986927,1.0,0.4407804116800838,0.5741183750406157,2.35,0.5882352941176471,0.136
adbm,G3,44,28,0.31760204081632654,1,0.7771988066809302,3.380982452240156,2.0,0.8679834421640902,0.8299189562325352,7.928571428571429,-1.0,-0.037684325505188423
bodymassratio,G3,44,28,0.16198979591836735,4,0.8766667076612459,5.8453042328042315,1.0,0.5073249341706475,0.6801564357391658,3.5714285714285716,0.7495395948434622,0.1111111111111111
lmatrix,G3,44,28,0.24744897959183673,1,0.7913137604946717,2.9379402648633426,2.0,0.9796245754359763,0.9983473391028136,5.964285714285714,-1.0,0.013921113689095127
niche,G3,44,28,0.22193877551020408,6,0.8439251184143732,4.786418138903298,3.0,1.0114652265659922,0.46423966298963315,5.25,0.02186878727634195,-0.4515539305301645
pfim_metaweb,G3,44,28,0.13010204081632654,3,0.790610335850184,3.112728937728937,2.0,1.6892443153121253,0.7096245515367301,2.6785714285714284,-0.21033210332103322,-0.9037433155080213
pfim_downsample,G3,44,28,0.08035714285714286,4,0.9154268852244956,3.0724031690140845,2.0,1.7090629610540455,0.8521201939129578,1.2857142857142858,0.22641509433962265,-0.643979057591623
random,G3,44,28,0.2181122448979592,5,0.9140228249847191,0.8871956359776849,1.0,0.3518649010591857,0.3403890575638655,5.142857142857143,0.5732217573221757,0.00546448087431694
adbm,G4,44,44,0.32231404958677684,1,0.7740630767013115,3.616589127637511,2.0,0.7567424454767562,0.9032956747409389,13.204545454545455,-1.0,0.14277958740499458
bodymassratio,G4,44,44,0.16425619834710745,5,0.8624432204183586,6.940456809613169,4.0,0.53201851944691,0.5427887600705412,6.25,0.7326355851569933,0.006289308176100629
lmatrix,G4,44,44,0.25206611570247933,1,0.778904551687866,2.890415496184727,2.0,1.0866432188727602,0.8256378404242586,10.113636363636363,-1.0,-0.18623024830699775
niche,G4,44,44,0.1368801652892562,4,0.8775038557660616,5.617398939225536,1.0,1.0822787893820622,0.5943460999667933,5.045454545454546,0.24102564102564103,-0.34921715452688906
pfim_metaweb,G4,44,44,0.1368801652892562,3,0.8504460455213982,3.1108560831960643,3.0,1.4653071707061418,0.5932664067256673,5.045454545454546,-0.19746835443037974,-0.6612149532710281
pfim_downsample,G4,44,44,0.08677685950413223,4,0.9385493427895796,3.156350416090712,3.0,1.5169592701886476,0.6372235827603899,2.840909090909091,0.25405405405405407,-0.5896834701055099
random,G4,44,44,0.15082644628099173,4,0.9354363507914917,0.5957423025121715,1.0,0.3634657304499068,0.3050114486961165,5.659090909090909,0.7073608617594255,-0.01702127659574468
adbm,G1,45,47,0.29425079221367134,1,0.780237394467584,3.7246037296461267,2.0,0.8358424313861312,0.9556277460334318,12.851063829787234,-1.0,0.11046103440205944
bodymassratio,G1,45,47,0.1783612494341331,4,0.848479180122301,5.877647193938383,1.0,0.6559985689067727,0.6583521770856041,7.404255319148936,0.6196231781016708,0.0015455950540958269
lmatrix,G1,45,47,0.2240832956088728,2,0.7939963984801388,3.089846562362511,3.0,1.1574581785752802,0.917979384320764,9.553191489361701,-0.8608475648323846,-0.17265795206971676
niche,G1,45,47,0.1702127659574468,4,0.8586747953830269,5.6010372657668,1.0,0.9842509842514764,0.5461077692655305,7.0212765957446805,0.23414344991108477,-0.4540262707024557
pfim_metaweb,G1,45,47,0.11815301041195111,4,0.8315850490246237,2.6510787329285788,3.0,1.7514742960613416,0.5464685034798675,4.574468085106383,-0.42614601018675724,-0.7494543867306853
pfim_downsample,G1,45,47,0.06835672249886826,4,0.9442764138080517,2.7623711242926534,3.0,1.704752945297519,0.5838863436734167,2.234042553191489,0.3,-0.6695869837296621
random,G1,45,47,0.15255771842462654,4,0.9319518527062747,0.9661923330442768,1.0,0.3739087423396162,0.3739087423396162,6.191489361702128,0.6846339501206757,-0.04948646125116713
adbm,G2,45,20,0.3175,1,0.803939648472357,3.315740740740741,2.0,0.8734947652582575,0.8523178183152356,5.4,-1.0,-0.02422145328719723
bodymassratio,G2,45,20,0.155,4,0.8744750497580979,4.818981481481481,1.0,0.7318649236701489,0.8366174766489847,2.15,0.621301775147929,0.08379888268156424
lmatrix,G2,45,20,0.245,2,0.8226160409138031,3.1607142857142856,3.0,0.9951767765966313,0.9431551507320738,3.95,-0.5028248587570622,-0.04220183486238532
niche,G2,45,20,0.28,3,0.8211756749225164,4.48483735057809,2.0,1.0386592820502036,0.43122611392621063,4.65,-0.5720164609053497,-0.6938110749185668
pfim_metaweb,G2,45,20,0.175,3,0.7922802242263642,3.4594696969696974,2.0,1.4846149779161804,0.5676567244564473,2.55,-0.0963855421686747,-1.0
pfim_downsample,G2,45,20,0.125,3,0.8981330358703518,3.7063332375203597,2.0,1.5162280067394391,0.6928203230275509,1.55,0.12359550561797752,-0.8426966292134831
random,G2,45,20,0.25,4,0.9124586396571888,0.6101880442400636,1.0,0.3371708921694098,0.2752988806446741,4.05,0.4423076923076923,-0.06666666666666667
adbm,G3,45,28,0.29336734693877553,1,0.7934874427129716,3.4690136893021517,2.0,0.9009287528974651,0.9190249590225004,7.25,-1.0,0.018137847642079808
bodymassratio,G3,45,28,0.17219387755102042,3,0.8656647998837231,4.677314814814814,1.0,0.7230198542908243,0.7637416618316534,3.857142857142857,0.6356275303643725,0.027818448023426062
lmatrix,G3,45,28,0.21683673469387754,2,0.8207553030693205,3.1155753968253976,3.0,1.1134216652690498,1.0002895902614868,5.107142857142857,-0.6235294117647059,-0.08350877192982456
niche,G3,45,27,0.16323731138545952,3,0.8493419927546844,3.8558407738095237,2.0,1.1470534959422227,0.6141843226308662,3.4444444444444446,-0.047619047619047616,-0.4505050505050505
pfim_metaweb,G3,45,28,0.13010204081632654,3,0.790610335850184,3.112728937728937,2.0,1.6892443153121253,0.7096245515367301,2.6785714285714284,-0.21033210332103322,-0.9037433155080213
pfim_downsample,G3,45,28,0.08035714285714286,3,0.9264687184282846,3.0587662337662334,2.0,1.7004800419628143,0.8170564003839158,1.2857142857142858,0.216,-0.6684491978609626
random,G3,45,28,0.1441326530612245,6,0.9284014343080366,1.2826601514761595,1.0,0.38435721655384003,0.5201229372658224,3.0714285714285716,0.649025069637883,0.10218978102189781
adbm,G4,45,44,0.303202479338843,1,0.7754270594670767,3.7271226595498748,2.0,0.8090852521574456,0.9396925631111401,12.363636363636363,-1.0,0.125035765379113
bodymassratio,G4,45,44,0.1725206611570248,4,0.8503473969242754,5.706589565999501,4.0,0.6480693476709424,0.6530324436241569,6.613636363636363,0.6396559529198732,0.0032599837000814994
lmatrix,G4,45,44,0.23450413223140495,2,0.8026407684244531,3.084309355782923,3.0,1.1474475497631065,0.8665364200814571,9.340909090909092,-0.8631436314363143,-0.20843392885884435
niche,G4,45,44,0.11415289256198347,4,0.886644210085628,4.3037860576923075,2.0,1.1565288742976825,0.6836289101261835,4.045454545454546,0.29042904290429045,-0.33143264433357095
pfim_metaweb,G4,45,44,0.1368801652892562,3,0.8504460455213982,3.1108560831960643,3.0,1.4653071707061418,0.5932664067256673,5.045454545454546,-0.19746835443037974,-0.6612149532710281
pfim_downsample,G4,45,44,0.08677685950413223,4,0.937028595608689,3.123094643883262,4.0,1.4829267941515996,0.6471596311968201,2.840909090909091,0.15625,-0.6296296296296297
random,G4,45,44,0.11776859504132231,5,0.9308080799623275,1.1007056157939783,1.0,0.4449076730175953,0.43902875475725306,4.204545454545454,0.7941952506596306,0.03064066852367688
adbm,G1,46,47,0.29289271163422365,1,0.7648034379852408,3.1421289361172047,2.0,0.8726642912519936,0.917396160600775,12.787234042553191,-1.0,0.03980837230523554
bodymassratio,G1,46,47,0.18650973291081938,4,0.8424470041192172,5.599141472778117,4.0,0.6028040909720205,0.5645117278891916,7.787234042553192,0.6697490092470277,-0.023201174743024962
lmatrix,G1,46,47,0.2145767315527388,1,0.7828947566123294,2.83982443982444,2.0,1.1091445511214229,1.034565517610911,9.106382978723405,-1.0,-0.05035002692514809
niche,G1,46,46,0.20699432892249528,4,0.8445982571130703,5.354821266858909,2.0,0.9866282788745682,0.498899167875293,8.543478260869565,-0.03479576399394856,-0.5085563843791137
pfim_metaweb,G1,46,47,0.11815301041195111,4,0.8315850490246237,2.6510787329285788,3.0,1.7514742960613416,0.5464685034798675,4.574468085106383,-0.42614601018675724,-0.7494543867306853
pfim_downsample,G1,46,47,0.06835672249886826,3,0.9422488105774767,2.5287320574162675,4.0,1.782068042779698,0.6356941009385111,2.234042553191489,0.17766497461928935,-0.6393831553973903
random,G1,46,47,0.19963784517881394,3,0.9316909398129561,0.5930361225160702,1.0,0.28245750684715054,0.28333035174445803,8.404255319148936,0.6063147508633449,0.0006489292667099286
adbm,G2,46,20,0.31,1,0.7911401845533591,2.954705882352941,2.0,0.942802587146793,0.7929256186736563,5.25,-1.0,-0.1529790660225443
bodymassratio,G2,46,20,0.1775,4,0.9091554529382375,5.723550264550264,1.0,0.5885766674346338,0.6026007108367422,2.6,0.6774193548387096,0.01020408163265306
lmatrix,G2,46,20,0.2275,1,0.8034747328452589,2.707692307692307,2.0,0.88337605241985,1.1748751595798128,3.6,-1.0,0.2062937062937063
niche,G2,46,20,0.1375,5,0.9142635820917204,6.233333333333333,1.0,0.8331955809010618,0.49880239348984307,1.8,0.36283185840707965,-0.30158730158730157
pfim_metaweb,G2,46,20,0.175,3,0.7922802242263642,3.4594696969696974,2.0,1.4846149779161804,0.5676567244564473,2.55,-0.0963855421686747,-1.0
pfim_downsample,G2,46,20,0.125,3,0.8794577747973275,3.404605263157895,3.0,1.6078753552109495,0.751139485259422,1.55,0.0,-0.6470588235294118
random,G2,46,20,0.205,5,0.9227124657262248,1.1524565032590561,1.0,0.4027209499911691,0.3868595222140392,3.15,0.6910569105691057,0.02608695652173913
adbm,G3,46,28,0.2857142857142857,1,0.8005964934645059,3.0211111111111113,2.0,0.9640529799487931,0.8511974136691424,7.035714285714286,-1.0,-0.10085470085470086
bodymassratio,G3,46,28,0.1913265306122449,4,0.8652360898551323,5.8009293902746295,1.0,0.6205904529462775,0.5819563995943396,4.392857142857143,0.6213740458015267,-0.026239067055393587
lmatrix,G3,46,28,0.20408163265306123,1,0.808832938929814,2.842857142857143,2.0,0.9794178164906228,1.2308721689502513,4.75,-1.0,0.17192982456140352
niche,G3,46,28,0.09438775510204081,3,0.9223732722077271,3.9084145021645025,2.0,1.0613311080988421,0.42727150538936726,1.6785714285714286,0.6451612903225806,-0.4065934065934066
pfim_metaweb,G3,46,28,0.13010204081632654,3,0.790610335850184,3.112728937728937,2.0,1.6892443153121253,0.7096245515367301,2.6785714285714284,-0.21033210332103322,-0.9037433155080213
pfim_downsample,G3,46,28,0.08035714285714286,3,0.8937154436075554,2.878787878787879,3.0,1.7926334042900398,0.9102374612921856,1.2857142857142858,-0.030927835051546393,-0.6380090497737556
random,G3,46,28,0.09821428571428571,8,0.9405017478969473,2.6674192699456363,1.0,0.5476946146151902,0.48104569292083466,1.7857142857142858,0.8778625954198473,0.0
adbm,G4,46,44,0.31508264462809915,1,0.7713979987640307,3.246136752136752,2.0,0.8230967726181591,0.8634170614951017,12.886363636363637,-1.0,0.037551784043832685
bodymassratio,G4,46,44,0.17768595041322313,4,0.8555664081333675,6.41171919538401,4.0,0.50358744218082,0.4928967050864887,6.840909090909091,0.6643527970600245,-0.006433823529411764
lmatrix,G4,46,44,0.2381198347107438,1,0.7822785415286411,2.87262961619441,2.0,1.0249757305485339,0.9598670693222269,9.5,-1.0,-0.04476735652429179
niche,G4,46,44,0.2262396694214876,4,0.84450031739527,7.704501478842171,1.0,0.8768196192889387,0.43055922056611506,8.977272727272727,-0.03756201275690999,-0.5273499734466277
pfim_metaweb,G4,46,44,0.1368801652892562,3,0.8504460455213982,3.1108560831960643,3.0,1.4653071707061418,0.5932664067256673,5.045454545454546,-0.19746835443037974,-0.6612149532710281
pfim_downsample,G4,46,44,0.08677685950413223,4,0.9346870813385771,3.088849154754135,3.0,1.5461233082083043,0.7106032800151694,2.840909090909091,0.09192200557103064,-0.5685840707964602
random,G4,46,44,0.23450413223140495,3,0.9277050867601452,0.5895741517203262,1.0,0.23253593377355916,0.2707311798055094,9.340909090909092,0.5558927668184117,0.01905972045743329
adbm,G1,47,47,0.3033046627433228,1,0.7741210578102935,3.995990015906085,2.0,0.7966709429368218,0.9309186788969415,13.27659574468085,-1.0,0.12218214607754734
bodymassratio,G1,47,47,0.18832050701674966,5,0.8406651799360798,7.131192648494988,4.0,0.5589675550671076,0.5377130824607073,7.872340425531915,0.6760925449871465,-0.012567324955116697
lmatrix,G1,47,47,0.2240832956088728,1,0.790375843498782,3.0325551913887088,2.0,1.1398842452593045,0.9266914762865676,9.553191489361701,-1.0,-0.1464304325169359
niche,G1,47,46,0.08601134215500945,4,0.9039297922389469,4.503456199730884,2.0,1.212667776638434,0.5787035726585029,2.9782608695652173,0.4309978768577495,-0.465564738292011
pfim_metaweb,G1,47,47,0.11815301041195111,4,0.8315850490246237,2.6510787329285788,3.0,1.7514742960613416,0.5464685034798675,4.574468085106383,-0.42614601018675724,-0.7494543867306853
pfim_downsample,G1,47,47,0.06835672249886826,3,0.9346193737967944,2.8145478259114625,4.0,1.8194940124646506,0.6897211136585285,2.234042553191489,0.1744186046511628,-0.6291532690246516
random,G1,47,47,0.07922136713444998,6,0.9321144594051685,18.649093052428924,1.0,0.5214477151254794,0.5730250989050613,2.74468085106383,0.8012684989429175,0.060291060291060294
adbm,G2,47,20,0.3225,1,0.8133025614004566,3.783357075023742,2.0,0.8303129536037979,0.8762740340395425,5.5,-1.0,0.05281090289608177
bodymassratio,G2,47,20,0.1825,5,0.896787602620652,6.90783234126984,1.0,0.6302623617475571,0.623962729739382,2.7,0.5630252100840336,-0.005291005291005291
lmatrix,G2,47,20,0.2425,1,0.8265686065726073,2.9198412698412697,2.0,1.0260873885222637,1.0062705104552052,3.9,-1.0,-0.01565217391304348
niche,G2,47,19,0.09418282548476455,3,0.9026381180166172,3.0,2.0,1.0632171008848543,1.3377953022286813,0.8421052631578947,0.625,0.18095238095238095
pfim_metaweb,G2,47,20,0.175,3,0.7922802242263642,3.4594696969696974,2.0,1.4846149779161804,0.5676567244564473,2.55,-0.0963855421686747,-1.0
pfim_downsample,G2,47,20,0.125,3,0.9148871354261922,3.465014577259475,2.0,1.543748002342624,0.6155870112510925,1.55,0.1891891891891892,-0.7913043478260869
random,G2,47,20,0.0675,5,0.97292083845153,8.0,2.0,0.6913348181383181,0.60202051917574,0.4,1.0,-0.08333333333333333
adbm,G3,47,28,0.29081632653061223,1,0.7956102557304935,3.8620043974629894,2.0,0.9194376137481112,0.8960545279396456,7.178571428571429,-1.0,-0.022511848341232227
bodymassratio,G3,47,28,0.1951530612244898,5,0.862808421249478,7.017767595264818,1.0,0.6407303326243172,0.6329391626991694,4.5,0.5247813411078717,-0.005847953216374269
lmatrix,G3,47,28,0.21556122448979592,1,0.8196054447473837,2.9548160173160185,2.0,1.0864228083499339,1.0910917433020273,5.071428571428571,-1.0,0.0033624747814391394
niche,G3,47,28,0.14030612244897958,4,0.8838104704833118,5.290753517316017,2.0,0.9497184349066145,0.5363094191624258,2.9642857142857144,0.3782051282051282,-0.3688212927756654
pfim_metaweb,G3,47,28,0.13010204081632654,3,0.790610335850184,3.112728937728937,2.0,1.6892443153121253,0.7096245515367301,2.6785714285714284,-0.21033210332103322,-0.9037433155080213
pfim_downsample,G3,47,28,0.08035714285714286,3,0.928452699116807,3.038388278388279,2.0,1.738769569526741,0.7709874072096787,1.2857142857142858,0.1320754716981132,-0.7128205128205128
random,G3,47,28,0.16198979591836735,5,0.9329536226650263,1.2847332741714452,1.0,0.39110253746463797,0.5143731995534333,3.5714285714285716,0.6238244514106583,0.11888111888111888
adbm,G4,47,44,0.3119834710743802,1,0.7821316858829537,3.969629880399623,2.0,0.7929430197544552,0.9074719240921475,12.75,-1.0,0.11030336921571368
bodymassratio,G4,47,44,0.1828512396694215,5,0.8526227882678984,6.986242257045552,4.0,0.56607696391218,0.5252548741636603,7.068181818181818,0.6605136436597111,-0.025020177562550445
lmatrix,G4,47,44,0.23450413223140495,1,0.7942229637216546,2.9500112411731387,2.0,1.1130464898650503,0.8982233069048337,9.340909090909092,-1.0,-0.152317880794702
niche,G4,47,41,0.05889351576442594,4,0.93097790537871,4.5,2.0,1.6461160317550583,0.7635020725273748,1.4390243902439024,0.3793103448275862,-0.5398633257403189
pfim_metaweb,G4,47,44,0.1368801652892562,3,0.8504460455213982,3.1108560831960643,3.0,1.4653071707061418,0.5932664067256673,5.045454545454546,-0.19746835443037974,-0.6612149532710281
pfim_downsample,G4,47,44,0.08677685950413223,4,0.9350197860697574,3.2730966323980355,4.0,1.4775384122017674,0.6496198978687524,2.840909090909091,0.22839506172839505,-0.5170842824601367
random,G4,47,43,0.05408328826392644,8,0.946908612758381,12.433933171645307,4.0,0.7431304442309286,0.5987805067285468,1.3488372093023255,0.9207920792079208,-0.08
adbm,G1,48,47,0.2901765504753282,1,0.7844237519447855,3.6430240744793365,2.0,0.8525424065289446,0.9555769938991983,12.659574468085106,-1.0,0.0947794030205732
bodymassratio,G1,48,47,0.17881394296061567,5,0.8512146203960337,6.626454832093251,4.0,0.6581397849731574,0.6191019608840725,7.425531914893617,0.649384558000746,-0.02446390818483842
lmatrix,G1,48,47,0.21548211860570393,1,0.7968854169955147,2.9256397841454946,2.0,1.190159929908442,0.9673616230641531,9.148936170212766,-1.0,-0.15662983425414365
niche,G1,48,46,0.22684310018903592,3,0.8503024242072151,6.965437303840458,3.0,0.8705437672037425,0.36570581174044897,9.456521739130435,0.10361958836053939,-0.4884143571104044
pfim_metaweb,G1,48,47,0.11815301041195111,4,0.8315850490246237,2.6510787329285788,3.0,1.7514742960613416,0.5464685034798675,4.574468085106383,-0.42614601018675724,-0.7494543867306853
pfim_downsample,G1,48,47,0.06835672249886826,4,0.9442847142172307,2.921891276041666,4.0,1.7690200042662632,0.6323723123751607,2.234042553191489,0.2413793103448276,-0.6334745762711864
random,G1,48,47,0.2494341330918968,3,0.9289659079160655,0.5293121325541601,1.0,0.27822824340082236,0.2109758151062251,10.74468085106383,0.5082236842105263,0.0011312217194570137
adbm,G2,48,20,0.3,1,0.8002693423471559,3.2372694262890334,2.0,0.958190302064658,0.8254008418384381,5.05,-1.0,-0.13344316309719934
bodymassratio,G2,48,20,0.1625,5,0.911249638437434,6.351388888888889,1.0,0.6687396401605173,0.6303840040211149,2.3,0.7816091954022989,-0.025906735751295335
lmatrix,G2,48,20,0.2325,1,0.8157143176905274,2.8543417366946784,2.0,0.9419954344663009,1.1491854813605,3.7,-1.0,0.15478260869565216
niche,G2,48,20,0.1725,3,0.8760580485993956,3.8125,2.0,0.9566141924207271,0.681232448168328,2.5,0.14925373134328357,-0.3149171270718232
pfim_metaweb,G2,48,20,0.175,3,0.7922802242263642,3.4594696969696974,2.0,1.4846149779161804,0.5676567244564473,2.55,-0.0963855421686747,-1.0
pfim_downsample,G2,48,20,0.125,3,0.9051784453486293,3.570233585858585,2.0,1.581471666385126,0.6553424175273003,1.55,0.28735632183908044,-0.8269230769230769
random,G2,48,20,0.1375,5,0.9403484806806353,105.79205180170928,3.0,0.5125650427116586,0.576470640452786,1.8,0.6831683168316832,0.023809523809523808
adbm,G3,48,28,0.2895408163265306,1,0.8026748509792646,3.3908774928774927,2.0,0.9656219145745175,0.8341175279572561,7.142857142857143,-1.0,-0.11972633979475485
bodymassratio,G3,48,28,0.1836734693877551,5,0.8816341291230152,6.384522176497485,1.0,0.593363695836934,0.6277659418382404,4.178571428571429,0.7241379310344828,0.021337126600284494
lmatrix,G3,48,28,0.21428571428571427,1,0.8190520408278595,2.9981481481481485,2.0,0.9707661053393449,1.177638007080344,5.035714285714286,-1.0,0.14457831325301204
niche,G3,48,27,0.3113854595336077,3,0.813989781144781,6.759399391026869,2.0,0.8062090639250021,0.5218687698637423,7.444444444444445,-0.25061425061425063,-0.4773218142548596
pfim_metaweb,G3,48,28,0.13010204081632654,3,0.790610335850184,3.112728937728937,2.0,1.6892443153121253,0.7096245515367301,2.6785714285714284,-0.21033210332103322,-0.9037433155080213
pfim_downsample,G3,48,28,0.08035714285714286,3,0.919415474222326,2.740476190476189,2.0,1.6961722958612935,0.8691217731752119,1.2857142857142858,0.43902439024390244,-0.47280334728033474
random,G3,48,28,0.23341836734693877,4,0.9157294561757657,0.6459803486670495,1.0,0.28084100360230285,0.36655645260349295,5.571428571428571,0.4798061389337641,0.022222222222222223
adbm,G4,48,44,0.31663223140495866,1,0.7695241294384054,3.4878005588022356,2.0,0.7896957623337779,0.8962945193001324,12.954545454545455,-1.0,0.10504201680672269
bodymassratio,G4,48,44,0.17458677685950413,4,0.8584430188024815,6.754181185700028,4.0,0.5542714003892149,0.5463942202692522,6.704545454545454,0.6510124946143904,-0.004961659900766802
lmatrix,G4,48,44,0.24380165289256198,1,0.7920713078441782,2.9877292639324793,2.0,1.0793587907690063,0.8901429712108617,9.75,-1.0,-0.1386049308478653
niche,G4,48,43,0.20822065981611682,4,0.8358523076479238,5.446649240258813,3.0,0.9709126909610499,0.5482181073900843,7.976744186046512,-0.09519408502772643,-0.40298507462686567
pfim_metaweb,G4,48,44,0.1368801652892562,3,0.8504460455213982,3.1108560831960643,3.0,1.4653071707061418,0.5932664067256673,5.045454545454546,-0.19746835443037974,-0.6612149532710281
pfim_downsample,G4,48,44,0.08677685950413223,4,0.9349168439291243,3.0554169513699985,4.0,1.4359260664100921,0.7015663388044643,2.840909090909091,0.15309446254071662,-0.4675324675324675
random,G4,48,44,0.1962809917355372,4,0.9304382935906234,0.833733193049866,1.0,0.3388176462498587,0.2913160465446849,7.659090909090909,0.595222295952223,-0.005668016194331984
adbm,G1,49,47,0.2820280669986419,1,0.7782913010174564,4.121246887681488,2.0,0.8467500359897195,1.001024907048847,12.27659574468085,-1.0,0.13633136094674556
bodymassratio,G1,49,47,0.18696242643730196,5,0.8491883481452042,7.0011757577520495,1.0,0.643292812736507,0.6575767509764057,7.808510638297872,0.6230366492146597,0.009068425391591096
lmatrix,G1,49,47,0.20280669986419195,2,0.7978443929576665,3.019252163729461,3.0,1.253567291510533,0.9459309465011014,8.553191489361701,-0.8766519823788547,-0.2065439672801636
niche,G1,49,46,0.2051039697542533,3,0.8442155604474856,6.928707510810884,3.0,0.9542185334589163,0.49696614500335606,8.456521739130435,-0.013894402540690751,-0.4771415889924545
pfim_metaweb,G1,49,47,0.11815301041195111,4,0.8315850490246237,2.6510787329285788,3.0,1.7514742960613416,0.5464685034798675,4.574468085106383,-0.42614601018675724,-0.7494543867306853
pfim_downsample,G1,49,47,0.06835672249886826,3,0.9379147782682205,2.7997034711320423,4.0,1.7170629253448184,0.756701348182084,2.234042553191489,0.1336405529953917,-0.5682613768961493
random,G1,49,47,0.20914440923494795,3,0.9318891915756476,0.6556641629812666,1.0,0.26690621566066147,0.3009778304018651,8.851063829787234,0.6011288805268109,-0.0031545741324921135
adbm,G2,49,20,0.31,1,0.8034941684544068,3.4565675451092113,2.0,0.935513142800625,0.804922148979749,5.25,-1.0,-0.1328
bodymassratio,G2,49,20,0.1725,4,0.9023363047511757,5.97623015873016,1.0,0.5275965799800297,0.6614728200690924,2.5,0.719626168224299,0.09473684210526316
lmatrix,G2,49,20,0.2375,1,0.8097827223301818,2.9025210084033612,2.0,0.9387108257007568,1.0989796325169001,3.8,-1.0,0.12110726643598616
niche,G2,49,19,0.19390581717451524,2,0.8649115369069068,3.837384259259259,2.0,1.0821369636803215,0.671310357712349,2.736842105263158,-0.1506849315068493,-0.40096618357487923
pfim_metaweb,G2,49,20,0.175,3,0.7922802242263642,3.4594696969696974,2.0,1.4846149779161804,0.5676567244564473,2.55,-0.0963855421686747,-1.0
pfim_downsample,G2,49,20,0.125,4,0.9036922115074498,3.2540677429566323,2.0,1.5920856893098634,0.6553424175273003,1.55,0.0,-0.8125
random,G2,49,20,0.21,5,0.9296587741637282,1.3690766253670343,1.0,0.4058293458222811,0.4058293458222811,3.25,0.5113636363636364,0.029850746268656716
adbm,G3,49,28,0.2844387755102041,1,0.8008005221318713,3.58520511124678,2.0,0.9479502750477683,0.874916720609994,7.0,-1.0,-0.06492027334851937
bodymassratio,G3,49,28,0.20280612244897958,4,0.8847135746589229,5.865348011363636,4.0,0.5610986209963892,0.6268448987008859,4.714285714285714,0.5898801597869507,0.0456989247311828
lmatrix,G3,49,28,0.20918367346938777,1,0.824841341448074,2.9368831168831173,2.0,1.0511412265947309,1.1188047470207063,4.892857142857143,-1.0,0.04676753782668501
niche,G3,49,27,0.07956104252400549,5,0.946179016535982,5.052083333333333,2.0,0.9373130473064339,0.726974361520822,1.1851851851851851,0.7446808510638298,-0.12396694214876033
pfim_metaweb,G3,49,28,0.13010204081632654,3,0.790610335850184,3.112728937728937,2.0,1.6892443153121253,0.7096245515367301,2.6785714285714284,-0.21033210332103322,-0.9037433155080213
pfim_downsample,G3,49,28,0.08035714285714286,3,0.9204345117552654,3.2821428571428575,2.0,1.6875238147991878,0.8774990441440425,1.2857142857142858,0.29411764705882354,-0.5534883720930233
random,G3,49,26,0.0650887573964497,8,0.9500276000556678,3.520848877706659,2.0,0.7975168072531386,0.6423098811874798,0.7307692307692307,0.9607843137254902,-0.18518518518518517
adbm,G4,49,44,0.29855371900826444,1,0.7876452509841635,4.136558993680311,2.0,0.8335134338228866,0.9222442501139537,12.159090909090908,-1.0,0.08143138912369681
bodymassratio,G4,49,44,0.19111570247933884,5,0.8487651968506287,6.973968414907615,4.0,0.5753777081398871,0.5690555455365703,7.431818181818182,0.666923076923077,-0.0038314176245210726
lmatrix,G4,49,44,0.2159090909090909,2,0.8015647464291996,3.033485134013584,3.0,1.1592292298745221,0.932841153362366,8.522727272727273,-0.8718209562563581,-0.1529372607755034
niche,G4,49,44,0.1709710743801653,5,0.8565465886313522,5.749851064670049,2.0,0.8716783136696348,0.5920510896706226,6.545454545454546,0.17890520694259013,-0.2867313915857605
pfim_metaweb,G4,49,44,0.1368801652892562,3,0.8504460455213982,3.1108560831960643,3.0,1.4653071707061418,0.5932664067256673,5.045454545454546,-0.19746835443037974,-0.6612149532710281
pfim_downsample,G4,49,44,0.08677685950413223,4,0.9242758261941915,3.0546936764115036,3.0,1.5138012277187063,0.7060992668569405,2.840909090909091,0.20833333333333334,-0.511302475780409
random,G4,49,44,0.1797520661157025,4,0.9348197295282048,0.741317693448634,1.0,0.2466488612546864,0.28963013770625123,6.931818181818182,0.6409537166900421,0.009760425909494233
adbm,G1,50,47,0.30647351742870077,1,0.7716944540873314,3.8518123165060794,2.0,0.8170430751003145,0.9092955744412643,13.425531914893616,-1.0,0.08605072463768115
bodymassratio,G1,50,47,0.1846989588048891,5,0.8453941836645257,7.736398627759352,1.0,0.5879301744898993,0.5780334254673266,7.702127659574468,0.6721419185282523,-0.006035003017501509
lmatrix,G1,50,47,0.22815753734721594,2,0.7912597721252808,3.0819059222847667,2.0,1.1611168661205835,0.8890976944993259,9.74468085106383,-0.9503022162525184,-0.19273487521233504
niche,G1,50,47,0.1860570393843368,4,0.8482307619085948,6.689956537736754,2.0,1.0064243626408134,0.5872135842768572,7.76595744680851,-0.08594815825375171,-0.5997973657548126
pfim_metaweb,G1,50,47,0.11815301041195111,4,0.8315850490246237,2.6510787329285788,3.0,1.7514742960613416,0.5464685034798675,4.574468085106383,-0.42614601018675724,-0.7494543867306853
pfim_downsample,G1,50,47,0.06835672249886826,4,0.9337594776149156,2.1963798384851008,3.0,1.816018093485517,0.5910564772904019,2.234042553191489,0.08148148148148149,-0.627906976744186
random,G1,50,47,0.17202354006337708,3,0.9323463276707852,0.725916020871664,1.0,0.28113376129153544,0.35997970890398,7.1063829787234045,0.6376226197345644,0.03266157053509382
adbm,G2,50,20,0.31,1,0.8140082296192018,3.5489157961380178,2.0,0.9162892325079159,0.8234207900397833,5.25,-1.0,-0.09688013136288999
bodymassratio,G2,50,20,0.1825,4,0.8913655478071119,6.463425925925926,4.0,0.497100262051479,0.5981010466273001,2.7,0.6666666666666666,0.07291666666666667
lmatrix,G2,50,20,0.2325,1,0.8497422555196142,3.027941176470588,2.0,0.9497157829574788,1.1191390193514448,3.7,-1.0,0.12903225806451613
niche,G2,50,16,0.0703125,3,0.9812814035435584,3.75,2.0,1.2518299362534877,0.6389291452695651,0.1875,0.8181818181818182,-0.5294117647058824
pfim_metaweb,G2,50,20,0.175,3,0.7922802242263642,3.4594696969696974,2.0,1.4846149779161804,0.5676567244564473,2.55,-0.0963855421686747,-1.0
pfim_downsample,G2,50,20,0.125,4,0.9257442923635981,3.440375728350411,2.0,1.4994735918420101,0.6291180125256394,1.55,0.2835820895522388,-0.6923076923076923
random,G2,50,19,0.07479224376731301,6,0.9495791962989175,6.0,2.0,0.8875160866968607,0.676426050953221,0.47368421052631576,0.8888888888888888,-0.25
adbm,G3,50,28,0.29591836734693877,1,0.788974062896536,3.554456678915812,2.0,0.9530646527656228,0.8204379450221055,7.321428571428571,-1.0,-0.11670235546038545
bodymassratio,G3,50,28,0.18494897959183673,4,0.8723571755236447,6.452335279815051,4.0,0.5096954897064193,0.6437930931873823,4.214285714285714,0.6547619047619048,0.09061488673139159
lmatrix,G3,50,28,0.22448979591836735,1,0.800846540730493,3.1465232683982687,2.0,0.9632042738780902,1.1164586651665191,5.321428571428571,-1.0,0.10678391959798995
niche,G3,50,28,0.11096938775510204,5,0.9049689577793962,7.33708287037037,2.0,1.019022643548691,0.4579999982264626,2.142857142857143,0.4605263157894737,-0.6470588235294118
pfim_metaweb,G3,50,28,0.13010204081632654,3,0.790610335850184,3.112728937728937,2.0,1.6892443153121253,0.7096245515367301,2.6785714285714284,-0.21033210332103322,-0.9037433155080213
pfim_downsample,G3,50,28,0.08035714285714286,5,0.8940092010738978,2.9412326388888888,3.0,1.808884237767147,0.9648604287693789,1.2857142857142858,-0.023255813953488372,-0.5575221238938053
random,G3,50,28,0.11607142857142858,5,0.9264939672065395,35.60828034703217,2.0,0.4783271309276316,0.520455977697037,2.2857142857142856,0.8435754189944135,0.011627906976744186
adbm,G4,50,44,0.32954545454545453,1,0.7703187623553704,4.086908157393899,2.0,0.7724911176784671,0.8632389814774453,13.522727272727273,-1.0,0.09098305084745763
bodymassratio,G4,50,44,0.16322314049586778,5,0.8639703376689692,7.433513671695322,4.0,0.4973220056171699,0.5000344670509377,6.204545454545454,0.7539644401729938,0.0015052684395383843
lmatrix,G4,50,44,0.2556818181818182,2,0.7758433541830257,3.0529995956362725,3.0,1.0284497419234253,0.8665142647423698,10.272727272727273,-0.9514047076689446,-0.11245791245791245
niche,G4,50,44,0.06714876033057851,4,0.9061011439702198,4.481481481481482,2.0,1.102082794919874,0.887879952760101,1.9772727272727273,0.7192982456140351,-0.1368421052631579
pfim_metaweb,G4,50,44,0.1368801652892562,3,0.8504460455213982,3.1108560831960643,3.0,1.4653071707061418,0.5932664067256673,5.045454545454546,-0.19746835443037974,-0.6612149532710281
pfim_downsample,G4,50,44,0.08677685950413223,4,0.9384318968345347,2.9650912943587673,3.0,1.4786176595009015,0.6760922050469554,2.840909090909091,0.21246458923512748,-0.5269607843137255
random,G4,50,43,0.05408328826392644,10,0.9426247796952274,14.0191662606378,2.0,0.6204453085908386,0.6748262562989649,1.3488372093023255,0.8918918918918919,0.08
adbm,G1,51,47,0.2901765504753282,1,0.7776733197760571,3.640801755159467,2.0,0.8396962515430472,0.9760282575710871,12.659574468085106,-1.0,0.12678079731832875
bodymassratio,G1,51,47,0.18017202354006337,5,0.8588133827223026,6.705468791331777,1.0,0.680542436702566,0.6080828580042221,7.48936170212766,0.6449143273787824,-0.045670225385527875
lmatrix,G1,51,47,0.2172928927116342,1,0.7991298669301133,3.0393401277279586,2.0,1.2097737853478954,0.9606722599946291,9.23404255319149,-1.0,-0.17572144695840672
niche,G1,51,46,0.08175803402646503,5,0.9125322336258879,5.4689155135106,3.0,1.0741447413421363,0.5610755573800368,2.782608695652174,0.6423841059602649,-0.33843797856049007
pfim_metaweb,G1,51,47,0.11815301041195111,4,0.8315850490246237,2.6510787329285788,3.0,1.7514742960613416,0.5464685034798675,4.574468085106383,-0.42614601018675724,-0.7494543867306853
pfim_downsample,G1,51,47,0.06835672249886826,4,0.9399394945102352,2.4451830580989755,3.0,1.7377897784979761,0.6711495538033803,2.234042553191489,0.13333333333333333,-0.5753424657534246
random,G1,51,47,0.06835672249886826,7,0.9404725348475703,1.7763299527299514,1.0,0.49825073519604796,0.5107744518389153,2.234042553191489,0.8861386138613861,0.02185792349726776
adbm,G2,51,20,0.3175,1,0.8020699818379388,3.3968694885361543,2.0,0.8970850625906214,0.8211181599992731,5.4,-1.0,-0.0847457627118644
bodymassratio,G2,51,20,0.18,5,0.897134604390006,6.089409722222221,4.0,0.6269867707187052,0.6398099132915953,2.65,0.7454545454545455,0.008695652173913044
lmatrix,G2,51,20,0.2375,1,0.8386620818482001,2.940625,2.0,0.9287176114448588,1.1241623860131775,3.8,-1.0,0.1552346570397112
niche,G2,51,20,0.2575,2,0.8741525013027802,6.724967006033181,2.0,0.5243475408553129,0.45982512492468613,4.2,0.23137254901960785,0.07692307692307693
pfim_metaweb,G2,51,20,0.175,3,0.7922802242263642,3.4594696969696974,2.0,1.4846149779161804,0.5676567244564473,2.55,-0.0963855421686747,-1.0
pfim_downsample,G2,51,20,0.125,4,0.9100516322316027,3.35061281896725,3.0,1.493847029440572,0.6805570473787206,1.55,0.07246376811594203,-0.6814159292035398
random,G2,51,20,0.2075,4,0.915351427362393,0.9583410119584597,1.0,0.3432316230630027,0.36059930472665075,3.2,0.6666666666666666,0.022222222222222223
adbm,G3,51,28,0.3022959183673469,1,0.784986641326215,3.5320622116367915,2.0,0.877933100706779,0.8826312162544117,7.5,-1.0,0.0045871559633027525
bodymassratio,G3,51,28,0.1798469387755102,4,0.8758702394903788,6.001754346182917,4.0,0.5757524548883074,0.580803803034,4.071428571428571,0.7425742574257426,0.003115264797507788
lmatrix,G3,51,28,0.22831632653061223,1,0.8300199785364192,3.086645962732919,2.0,0.9978343387415932,1.0739460974280115,5.428571428571429,-1.0,0.05537873965626989
niche,G3,51,20,0.0575,2,0.9522473186487954,3.0,2.0,1.2386184658360535,0.9043390247767459,0.2,0.4,-0.3076923076923077
pfim_metaweb,G3,51,28,0.13010204081632654,3,0.790610335850184,3.112728937728937,2.0,1.6892443153121253,0.7096245515367301,2.6785714285714284,-0.21033210332103322,-0.9037433155080213
pfim_downsample,G3,51,28,0.08035714285714286,3,0.9143780811216166,2.8911824668705397,3.0,1.7090629610540458,0.8691217731752119,1.2857142857142858,0.1836734693877551,-0.6145833333333334
random,G3,51,28,0.061224489795918366,10,0.9431017303179545,8.522695772695773,2.0,0.7250656277945146,0.7754595080077816,0.75,0.84,0.015873015873015872
adbm,G4,51,44,0.32076446280991733,1,0.7683744077771215,3.6268031421552775,2.0,0.764676478525428,0.9169938571435812,13.136363636363637,-1.0,0.15700586804064692
bodymassratio,G4,51,44,0.16683884297520662,5,0.8688500716109501,6.850567312816343,4.0,0.571897203466223,0.5665904174553572,6.363636363636363,0.7097526831544564,-0.003215434083601286
lmatrix,G4,51,44,0.25413223140495866,1,0.7757224185233645,3.08566652869493,2.0,1.0833949217639836,0.8554618161144577,10.204545454545455,-1.0,-0.1746545133784181
niche,G4,51,44,0.23140495867768596,3,0.8368044072049794,6.096541348084119,2.0,0.8074748310335927,0.49867453050603583,9.204545454545455,-0.038541977890648345,-0.4276126558005753
pfim_metaweb,G4,51,44,0.1368801652892562,3,0.8504460455213982,3.1108560831960643,3.0,1.4653071707061418,0.5932664067256673,5.045454545454546,-0.19746835443037974,-0.6612149532710281
pfim_downsample,G4,51,44,0.08677685950413223,4,0.9389363942303933,3.0473068306745694,4.0,1.4893671198028933,0.6245812814557979,2.840909090909091,0.4701492537313433,-0.4950603732162459
random,G4,51,44,0.18388429752066116,3,0.9331250354763663,0.5072637090721781,1.0,0.30603500651644144,0.28186403302329466,7.113636363636363,0.6255217650566488,0.006299212598425197
adbm,G1,52,47,0.3023992756903576,1,0.7715700414701961,3.75883382704134,2.0,0.8296451391264185,0.9167785576487656,13.23404255319149,-1.0,0.08153615499942336
bodymassratio,G1,52,47,0.17790855590765053,4,0.8441599324228065,5.886547491835249,4.0,0.6466413718476031,0.6069574872622947,7.382978723404255,0.6757522123893805,-0.024676125848241828
lmatrix,G1,52,47,0.2240832956088728,2,0.7907461414436533,3.05190713494684,3.0,1.120986576562025,0.9378335272327478,9.553191489361701,-0.8113695090439277,-0.13063552417164584
niche,G1,52,47,0.08284291534631055,3,0.9021485985740904,4.736915695758289,2.0,1.0346023834287874,0.7149541295125209,2.9148936170212765,0.625,-0.23135271807838179
pfim_metaweb,G1,52,47,0.11815301041195111,4,0.8315850490246237,2.6510787329285788,3.0,1.7514742960613416,0.5464685034798675,4.574468085106383,-0.42614601018675724,-0.7494543867306853
pfim_downsample,G1,52,47,0.06835672249886826,4,0.930210531607491,2.8466815591815586,3.0,1.8090462196447297,0.6584775846854776,2.234042553191489,0.0990990990990991,-0.6717827626918536
random,G1,52,47,0.09370755998189226,5,0.9429134641537238,1.0841870206753077,1.0,0.36260438233697107,0.38069749183375995,3.425531914893617,0.8397790055248618,0.016556291390728478
adbm,G2,52,20,0.315,1,0.7804633124423717,3.207487773664244,2.0,0.9170558147174886,0.8241427398529689,5.35,-1.0,-0.09791332263242375
bodymassratio,G2,52,20,0.1375,4,0.9115771917083554,4.972222222222222,1.0,0.6448511230174716,0.9280323373346189,1.8,0.7183098591549296,0.21621621621621623
lmatrix,G2,52,20,0.2575,2,0.8127384984056235,2.9941176470588236,3.0,0.9744950350292987,0.9413497624197623,4.2,-0.68,-0.026845637583892617
niche,G2,52,20,0.2525,2,0.8584382534075357,3.5977479460093895,3.0,1.0086331945602025,0.6503629356402687,4.1,-0.47280334728033474,-0.33753943217665616
pfim_metaweb,G2,52,20,0.175,3,0.7922802242263642,3.4594696969696974,2.0,1.4846149779161804,0.5676567244564473,2.55,-0.0963855421686747,-1.0
pfim_downsample,G2,52,20,0.125,3,0.9047075122075136,3.3207941483803554,2.0,1.581471666385126,0.642364054837573,1.55,0.34782608695652173,-0.7333333333333333
random,G2,52,20,0.19,7,0.9197077192552662,1.2515376875127973,1.0,0.431990885088486,0.4403473823863556,2.85,0.6601307189542484,0.0297029702970297
adbm,G3,52,28,0.3022959183673469,1,0.7997546026703135,3.3886199294532635,2.0,0.8954239409517589,0.8642837742142433,7.5,-1.0,-0.030062393647192286
bodymassratio,G3,52,28,0.16581632653061223,4,0.8770571179511434,4.911785714285715,4.0,0.6740420431034976,0.7869414155986988,3.6785714285714284,0.6760828625235404,0.0781758957654723
lmatrix,G3,52,28,0.22704081632653061,2,0.8041515333956645,3.095861471861472,3.0,1.0670674246102962,1.004238982707368,5.392857142857143,-0.7478510028653295,-0.04686468646864687
niche,G3,52,27,0.1934156378600823,4,0.8551909987955839,7.23625140291807,2.0,0.9997213805539203,0.6931429303641846,4.2592592592592595,-0.24761904761904763,-0.41683778234086244
pfim_metaweb,G3,52,28,0.13010204081632654,3,0.790610335850184,3.112728937728937,2.0,1.6892443153121253,0.7096245515367301,2.6785714285714284,-0.21033210332103322,-0.9037433155080213
pfim_downsample,G3,52,28,0.08035714285714286,3,0.9206939448798166,3.001388888888889,2.0,1.6875238147991878,0.8940181229744035,1.2857142857142858,0.3118279569892473,-0.5068493150684932
random,G3,52,28,0.14158163265306123,6,0.9284629415030226,16.415567053096566,3.0,0.4730786223901288,0.492602346204218,3.0,0.7344398340248963,-0.02145922746781116
adbm,G4,52,44,0.32541322314049587,1,0.7733534840956466,3.7187949551457122,2.0,0.7367898290747661,0.9211184941976619,13.340909090909092,-1.0,0.19468131232837116
bodymassratio,G4,52,44,0.1565082644628099,5,0.8576253716130433,6.875499009637238,4.0,0.6525949123860144,0.5877536059942271,5.909090909090909,0.7537688442211056,-0.03942307692307692
lmatrix,G4,52,44,0.2484504132231405,2,0.7760190821375972,3.048382337127814,3.0,1.1099476940093922,0.8024321719607079,9.954545454545455,-0.7730746619635509,-0.2296003646862179
niche,G4,52,44,0.10588842975206611,3,0.8891736767249324,5.092252604166666,1.0,0.9245600186518949,0.6243778359515864,3.6818181818181817,0.5331325301204819,-0.22487046632124352
pfim_metaweb,G4,52,44,0.1368801652892562,3,0.8504460455213982,3.1108560831960643,3.0,1.4653071707061418,0.5932664067256673,5.045454545454546,-0.19746835443037974,-0.6612149532710281
pfim_downsample,G4,52,44,0.08677685950413223,3,0.9224078808095219,3.085766348807996,3.0,1.4979111472979962,0.715078924651486,2.840909090909091,0.08900523560209424,-0.5467625899280576
random,G4,52,44,0.09297520661157024,6,0.9352885344978564,105.32202276584842,4.0,0.4498636026418587,0.4498636026418587,3.1136363636363638,0.8019169329073482,0.002044989775051125
adbm,G1,53,47,0.2919873245812585,1,0.7784633454713916,3.844275839101488,2.0,0.8221246490226127,0.984770813754899,12.74468085106383,-1.0,0.15269281516132902
bodymassratio,G1,53,47,0.17700316885468537,5,0.8512302204658996,7.3370776861823375,1.0,0.637595178653712,0.6444553860662031,7.340425531914893,0.640373831775701,0.004364089775561097
lmatrix,G1,53,47,0.22046174739701221,2,0.7918833363669835,3.0567913824302395,3.0,1.207820745337859,0.8993738939083519,9.382978723404255,-0.903038138332256,-0.22245322245322247
niche,G1,53,46,0.08979206049149338,4,0.9042156466363122,4.999999999999999,2.0,1.1779235320417207,0.565162851696867,3.152173913043478,0.524822695035461,-0.4143302180685358
pfim_metaweb,G1,53,47,0.11815301041195111,4,0.8315850490246237,2.6510787329285788,3.0,1.7514742960613416,0.5464685034798675,4.574468085106383,-0.42614601018675724,-0.7494543867306853
pfim_downsample,G1,53,47,0.06835672249886826,5,0.9342452376275643,2.68547770059398,4.0,1.7737758509832817,0.7196094077480513,2.234042553191489,0.060240963855421686,-0.6480380499405469
random,G1,53,47,0.08329560887279312,6,0.9335022148846758,25.661244997551634,1.0,0.550506306629207,0.4386582930392496,2.9361702127659575,0.8745387453874539,-0.06976744186046512
adbm,G2,53,20,0.305,1,0.8153828708255386,3.554414000167968,2.0,0.9133679088569956,0.8508313923394908,5.15,-1.0,-0.06621392190152801
bodymassratio,G2,53,20,0.1675,4,0.879142102151204,5.57048611111111,1.0,0.6222099206110211,0.7068953413021295,2.4,0.7382198952879581,0.0594059405940594
lmatrix,G2,53,20,0.225,2,0.8317679215503796,3.1169191919191914,3.0,1.0360619197202825,1.0534759446479625,3.55,-0.746031746031746,0.013592233009708738
niche,G2,53,20,0.255,4,0.8454027672208337,4.930510488364471,2.0,0.9624782354895368,0.44028691421222615,4.15,-0.168141592920354,-0.8048780487804879
pfim_metaweb,G2,53,20,0.175,3,0.7922802242263642,3.4594696969696974,2.0,1.4846149779161804,0.5676567244564473,2.55,-0.0963855421686747,-1.0
pfim_downsample,G2,53,20,0.125,3,0.8822152126625186,3.379283489096573,2.0,1.6131042319570965,0.7398435111918139,1.55,-0.014492753623188406,-0.7647058823529411
random,G2,53,20,0.195,4,0.9048640292979462,1.1087333382300966,1.0,0.4984490982158883,0.5697180926962974,2.95,0.43103448275862066,0.017543859649122806
adbm,G3,53,28,0.28061224489795916,1,0.8029688246539627,3.631616592306638,2.0,0.9070684573997434,0.9357177989138407,6.892857142857143,-1.0,0.02528735632183908
bodymassratio,G3,53,28,0.19260204081632654,3,0.8563048913422514,5.497974537037037,4.0,0.6682728484049074,0.6508960198837411,4.428571428571429,0.6053811659192825,-0.012145748987854251
lmatrix,G3,53,28,0.20153061224489796,2,0.8186279878288467,3.095803706097824,3.0,1.1497148326361337,1.0635255250339937,4.678571428571429,-0.8099173553719008,-0.06074074074074074
niche,G3,53,28,0.21556122448979592,3,0.838048078290438,3.7212996031746033,3.0,1.0618134557202972,0.4782403694022059,5.071428571428571,0.01730103806228374,-0.45387453874538747
pfim_metaweb,G3,53,28,0.13010204081632654,3,0.790610335850184,3.112728937728937,2.0,1.6892443153121253,0.7096245515367301,2.6785714285714284,-0.21033210332103322,-0.9037433155080213
pfim_downsample,G3,53,28,0.08035714285714286,4,0.9313372838651109,2.9823495370370363,3.0,1.6744673415492317,0.7614392071658902,1.2857142857142858,0.26732673267326734,-0.6612021857923497
random,G3,53,28,0.19005102040816327,4,0.9324349862267894,0.6933599871278652,1.0,0.2984600529524803,0.4028916527737539,4.357142857142857,0.5675675675675675,0.08064516129032258
adbm,G4,53,44,0.30578512396694213,1,0.7766060138604927,3.9941822686581343,2.0,0.7959031798383713,0.930860907977035,12.477272727272727,-1.0,0.12694191742477257
bodymassratio,G4,53,44,0.18336776859504134,5,0.8596290353528337,7.370009807563193,4.0,0.5395285045566115,0.5723033938400429,7.090909090909091,0.6246476037051953,0.020875972165370446
lmatrix,G4,53,44,0.23192148760330578,2,0.7994715488348152,3.0172462039694414,3.0,1.1333128118301699,0.888287814114959,9.227272727272727,-0.9444897959183673,-0.1734709838886282
niche,G4,53,44,0.07541322314049587,4,0.9032417211232957,4.3125,3.0,1.296277826470012,0.728909868244019,2.340909090909091,0.41784037558685444,-0.343701399688958
pfim_metaweb,G4,53,44,0.1368801652892562,3,0.8504460455213982,3.1108560831960643,3.0,1.4653071707061418,0.5932664067256673,5.045454545454546,-0.19746835443037974,-0.6612149532710281
pfim_downsample,G4,53,44,0.08677685950413223,3,0.9362484083250017,2.9534900361204413,3.0,1.5263941949958773,0.6090642301167762,2.840909090909091,0.2188365650969529,-0.6028880866425993
random,G4,53,44,0.06663223140495868,8,0.9411476017775762,1.2534959660651546,1.0,0.4845931036886121,0.5857072243962542,1.9545454545454546,0.8909090909090909,0.0625
adbm,G1,54,47,0.26573110004526934,1,0.7842642675498949,3.465808251596889,2.0,0.8360813798412796,1.0976959046666868,11.51063829787234,-1.0,0.2338013654515007
bodymassratio,G1,54,47,0.17745586238116795,6,0.8352523017274456,7.646592188032353,1.0,0.8051840482838328,0.7421710183464141,7.361702127659575,0.5735996526270083,-0.04090194022024122
lmatrix,G1,54,47,0.20235400633770936,1,0.7745005275954131,2.972361655482438,2.0,1.3938553714877038,0.9004664273469515,8.53191489361702,-1.0,-0.3529147310055447
niche,G1,54,47,0.23087369850611136,3,0.8326098583786362,6.168027099825947,3.0,0.8209045571774575,0.6009363393023877,9.872340425531915,-0.07072966172770478,-0.256093489148581
pfim_metaweb,G1,54,47,0.11815301041195111,4,0.8315850490246237,2.6510787329285788,3.0,1.7514742960613416,0.5464685034798675,4.574468085106383,-0.42614601018675724,-0.7494543867306853
pfim_downsample,G1,54,47,0.06835672249886826,3,0.9346502663428112,2.4545454545454546,3.0,1.817177471898682,0.683586656984857,2.234042553191489,0.22413793103448276,-0.5841784989858012
random,G1,54,47,0.23087369850611136,3,0.9262109067853851,0.49407852838385086,1.0,0.2541887852602115,0.25851010499158916,9.872340425531915,0.5269262634631318,0.03429504627109418
adbm,G2,54,20,0.2625,1,0.8153264712411936,3.226300705467371,2.0,0.9749212361195289,1.0245815122923043,4.3,-1.0,0.04727272727272727
bodymassratio,G2,54,20,0.185,3,0.8789201202407322,5.1761169900058785,1.0,0.8323363636349531,0.8230466043715815,2.75,0.40425531914893614,-0.007518796992481203
lmatrix,G2,54,20,0.2075,1,0.8204193040549527,2.9660052910052914,2.0,1.2828861541191239,1.0231447702966576,3.2,-1.0,-0.20502092050209206
niche,G2,54,18,0.13271604938271606,3,0.9092497329256592,4.388888888888889,3.0,1.149887367073865,0.3254836671775379,1.4444444444444444,0.6428571428571429,-0.5342465753424658
pfim_metaweb,G2,54,20,0.175,3,0.7922802242263642,3.4594696969696974,2.0,1.4846149779161804,0.5676567244564473,2.55,-0.0963855421686747,-1.0
pfim_downsample,G2,54,20,0.125,3,0.9009322018040292,3.3472222222222223,3.0,1.597366253358453,0.7048702754856087,1.55,0.1282051282051282,-0.746031746031746
random,G2,54,20,0.135,6,0.9407702358202449,32.93641004749264,2.0,0.538731614275658,0.5112269270144403,1.75,0.7592592592592593,0.023255813953488372
adbm,G3,54,28,0.2767857142857143,1,0.8010806552940264,3.461860646476032,2.0,0.8832925925984021,1.0047867859117132,6.785714285714286,-1.0,0.11425061425061425
bodymassratio,G3,54,28,0.1951530612244898,3,0.8376688925015626,5.178344289455401,1.0,0.7328426818514917,0.7226156192219158,4.5,0.5941080196399345,-0.0069605568445475635
lmatrix,G3,54,28,0.20153061224489796,1,0.8132118965496706,3.0229498505516617,2.0,1.2988746338190729,0.9816272291195118,4.678571428571429,-1.0,-0.23650190114068442
niche,G3,54,28,0.18622448979591838,4,0.8677010501065094,7.1875,2.0,1.152290440912521,0.3953047620456802,4.25,-0.038461538461538464,-0.7172131147540983
pfim_metaweb,G3,54,28,0.13010204081632654,3,0.790610335850184,3.112728937728937,2.0,1.6892443153121253,0.7096245515367301,2.6785714285714284,-0.21033210332103322,-0.9037433155080213
pfim_downsample,G3,54,28,0.08035714285714286,3,0.8984718288340263,3.378846153846154,3.0,1.8607195091971065,0.825961910305073,1.2857142857142858,0.04672897196261682,-0.7207207207207207
random,G3,54,28,0.17346938775510204,5,0.9279284887411743,0.8565247944631841,1.0,0.3704792868174743,0.4182495883863048,3.892857142857143,0.6135265700483091,0.03323262839879154
adbm,G4,54,44,0.30785123966942146,1,0.7746093498759712,3.4773990011231675,2.0,0.75932171116372,0.9666997993850849,12.568181818181818,-1.0,0.20339959665802362
bodymassratio,G4,54,44,0.16632231404958678,5,0.854568955436917,6.637249936308174,3.0,0.7114218252843402,0.5987328300300411,6.340909090909091,0.7005400098183603,-0.07024793388429752
lmatrix,G4,54,44,0.2427685950413223,1,0.7755878121680662,2.9837145323120082,2.0,1.2074836567191083,0.7844971615483466,9.704545454545455,-1.0,-0.3250511086648844
niche,G4,54,42,0.14965986394557823,4,0.8573537273314873,4.352515442260252,2.0,1.148987530082649,0.6557469263711979,5.309523809523809,0.11404561824729892,-0.3776091081593928
pfim_metaweb,G4,54,44,0.1368801652892562,3,0.8504460455213982,3.1108560831960643,3.0,1.4653071707061418,0.5932664067256673,5.045454545454546,-0.19746835443037974,-0.6612149532710281
pfim_downsample,G4,54,44,0.08677685950413223,4,0.9366112371720134,3.0989992226067664,4.0,1.5222081147767854,0.6545126878979634,2.840909090909091,0.2138728323699422,-0.5474613686534217
random,G4,54,44,0.13894628099173553,5,0.9314556514164795,0.8240834522083108,1.0,0.3686583874243232,0.39944052561126553,5.136363636363637,0.6975252062328139,0.028925619834710745
adbm,G1,55,47,0.2978723404255319,1,0.768131090417811,3.5347404672939025,2.0,0.8108623691609965,0.950178613013478,13.02127659574468,-1.0,0.12562471603816447
bodymassratio,G1,55,47,0.17881394296061567,4,0.8534589961466919,6.389493437716766,1.0,0.5926869957426915,0.5726136719556147,7.425531914893617,0.6931179775280899,-0.012048192771084338
lmatrix,G1,55,47,0.2254413761883205,1,0.7868008353166013,2.933308350539579,2.0,1.1588382588653188,0.9147402104999327,9.617021276595745,-1.0,-0.17082734283100248
niche,G1,55,47,0.1593481213218651,3,0.8569756140607875,5.221743325482206,2.0,1.174588389097836,0.32213410318496644,6.51063829787234,0.24047470331043097,-0.6081708449396471
pfim_metaweb,G1,55,47,0.11815301041195111,4,0.8315850490246237,2.6510787329285788,3.0,1.7514742960613416,0.5464685034798675,4.574468085106383,-0.42614601018675724,-0.7494543867306853
pfim_downsample,G1,55,47,0.06835672249886826,3,0.9359364295852302,2.5771349862258948,3.0,1.7832494939312273,0.7594795447211846,2.234042553191489,0.05982905982905983,-0.6039823008849557
random,G1,55,47,0.18062471706654595,4,0.9303371008907215,0.8648175090600875,1.0,0.2873550877878435,0.3642053691170524,7.51063829787234,0.5981012658227848,0.03789338471419396
adbm,G2,55,20,0.3075,1,0.7948048981045999,3.196201837378308,2.0,0.9367158065396612,0.8143335366582853,5.2,-1.0,-0.1232
bodymassratio,G2,55,20,0.1625,4,0.9035423299166077,6.000388888888889,5.0,0.5175223054663901,0.6459995960093342,2.3,0.7659574468085106,0.08771929824561403
lmatrix,G2,55,20,0.25,1,0.8170902384722901,2.938977072310406,2.0,0.9558683018733887,1.03821709523688,4.05,-1.0,0.06621392190152801
niche,G2,55,19,0.2659279778393352,3,0.8524708541554239,4.951388888888888,2.0,0.9340923149946684,0.47789434543760245,4.105263157894737,-0.25,-0.7721518987341772
pfim_metaweb,G2,55,20,0.175,3,0.7922802242263642,3.4594696969696974,2.0,1.4846149779161804,0.5676567244564473,2.55,-0.0963855421686747,-1.0
pfim_downsample,G2,55,20,0.125,3,0.9172450410733519,3.5957446808510642,3.0,1.4480476874962227,0.642364054837573,1.55,0.2765957446808511,-0.7931034482758621
random,G2,55,20,0.2425,4,0.9060459936985881,1.0550877656985556,1.0,0.42453571617727404,0.40290269215348334,3.9,0.3984375,0.005649717514124294
adbm,G3,55,28,0.3022959183673469,1,0.7776475479108407,3.2798423798423793,2.0,0.9404772086184781,0.8143949776644172,7.5,-1.0,-0.11797133406835722
bodymassratio,G3,55,28,0.1760204081632653,4,0.8773550965962167,6.205416140398418,5.0,0.5236738744145096,0.6508903693016352,3.9642857142857144,0.6917808219178082,0.0829103214890017
lmatrix,G3,55,28,0.2308673469387755,1,0.80680325856469,2.897067035528575,2.0,0.9896273630316131,1.0820394933568154,5.5,-1.0,0.06699751861042183
niche,G3,55,25,0.1472,4,0.8727779094333372,4.4920438957476,3.0,1.1278537982806798,0.7347014040541182,2.72,0.03910614525139665,-0.28776978417266186
pfim_metaweb,G3,55,28,0.13010204081632654,3,0.790610335850184,3.112728937728937,2.0,1.6892443153121253,0.7096245515367301,2.6785714285714284,-0.21033210332103322,-0.9037433155080213
pfim_downsample,G3,55,28,0.08035714285714286,3,0.927229393757387,3.283492063492063,2.0,1.6788307817589703,0.7614392071658901,1.2857142857142858,0.2868217054263566,-0.6939890710382514
random,G3,55,28,0.1683673469387755,4,0.9220611299091358,0.836974017691215,1.0,0.4197290785790551,0.4613408988553227,3.75,0.6770186335403726,0.04697986577181208
adbm,G4,55,44,0.32334710743801653,1,0.7629265488457513,3.418712920438386,2.0,0.7733655483639311,0.8799647532136752,13.25,-1.0,0.10493911615816118
bodymassratio,G4,55,44,0.16993801652892562,4,0.8627709835670474,6.652878685954607,4.0,0.5195618981325446,0.4983121191861127,6.5,0.7262872628726287,-0.012104283054003724
lmatrix,G4,55,44,0.24896694214876033,1,0.7809720327340287,2.806167853248267,2.0,1.0801059957425385,0.853838156248786,9.977272727272727,-1.0,-0.1641704231496292
niche,G4,55,43,0.16982152514872903,3,0.8526928987958303,5.46111111111111,2.0,1.0392938544794381,0.6229332081567287,6.325581395348837,-0.009861932938856016,-0.4115586690017513
pfim_metaweb,G4,55,44,0.1368801652892562,3,0.8504460455213982,3.1108560831960643,3.0,1.4653071707061418,0.5932664067256673,5.045454545454546,-0.19746835443037974,-0.6612149532710281
pfim_downsample,G4,55,44,0.08677685950413223,4,0.9289412355057132,2.806091200720453,3.0,1.4947128603283597,0.6947114921857044,2.840909090909091,0.1864406779661017,-0.5433255269320844
random,G4,55,44,0.1797520661157025,4,0.9310220830889671,0.7535863976814976,1.0,0.28050095884681403,0.3370867770480715,6.931818181818182,0.6172436316133246,0.025597269624573378
adbm,G1,56,47,0.29244001810774106,1,0.7806450551043169,4.191032308145951,2.0,0.8132135584504344,0.9834530553323145,12.76595744680851,-1.0,0.16118859915100062
bodymassratio,G1,56,47,0.17473970122227253,6,0.8571758143117162,7.807535430569821,4.0,0.7283325354499217,0.6512361745178175,7.23404255319149,0.6609477124183006,-0.048034934497816595
lmatrix,G1,56,47,0.21186057039384337,2,0.7896347046463594,3.108508624833812,2.0,1.262518505041515,0.907708827874447,8.97872340425532,-0.9027683997299122,-0.25493612078977934
niche,G1,56,47,0.2526029877772748,5,0.8251617706010945,5.338210634668778,2.0,0.9199441991870183,0.3777552814185844,10.893617021276595,-0.07807652533609101,-0.6213108470678421
pfim_metaweb,G1,56,47,0.11815301041195111,4,0.8315850490246237,2.6510787329285788,3.0,1.7514742960613416,0.5464685034798675,4.574468085106383,-0.42614601018675724,-0.7494543867306853
pfim_downsample,G1,56,47,0.06835672249886826,4,0.9419367498736918,2.407497665073423,4.0,1.7618621638591156,0.6897211136585284,2.234042553191489,0.1658291457286432,-0.6004296455424275
random,G1,56,47,0.23721140787686737,3,0.9313056249525594,0.41936272121648455,1.0,0.22519294918766466,0.23357982769111618,10.170212765957446,0.5093191327500951,0.005744125326370757
adbm,G2,56,20,0.3125,1,0.8150642758121498,3.608950617283949,2.0,0.8668879609511861,0.8606484703255355,5.3,-1.0,-0.006514657980456026
bodymassratio,G2,56,20,0.175,4,0.8859092067183637,5.455666666666667,5.0,0.6652329732509673,0.6843344513072334,2.55,0.6296296296296297,0.014925373134328358
lmatrix,G2,56,20,0.235,1,0.84518471841756,3.0740430622009565,2.0,1.0651727245924916,1.0124196006878046,3.75,-1.0,-0.04267161410018553
niche,G2,56,19,0.12188365650969529,3,0.8922622104055011,3.7870370370370368,2.0,1.2552689686496392,0.3235478258191306,1.368421052631579,0.6470588235294118,-0.6382978723404256
pfim_metaweb,G2,56,20,0.175,3,0.7922802242263642,3.4594696969696974,2.0,1.4846149779161804,0.5676567244564473,2.55,-0.0963855421686747,-1.0
pfim_downsample,G2,56,20,0.125,3,0.8745737844133339,3.382236227824464,2.0,1.581471666385126,0.7283723744002607,1.55,0.022727272727272728,-0.8211382113821138
random,G2,56,20,0.12,7,0.9304198001640968,1.2573915640555664,1.0,0.45643546458763845,0.8267282093673487,1.45,0.7435897435897436,0.26666666666666666
adbm,G3,56,28,0.29081632653061223,1,0.8063065868721148,3.6468571794959037,2.0,0.9321082209453792,0.8649700729446175,7.178571428571429,-1.0,-0.0598669623059867
bodymassratio,G3,56,28,0.18239795918367346,4,0.8759140344652755,5.640925099206348,4.0,0.6153669560226666,0.6684573404982439,4.142857142857143,0.6886792452830188,0.03529411764705882
lmatrix,G3,56,28,0.21556122448979592,1,0.8455390466802256,3.186243386243387,2.0,1.0779677665240914,1.0817337217190086,5.071428571428571,-1.0,0.0027137042062415195
niche,G3,56,28,0.29846938775510207,3,0.7998322865385064,4.715318072609567,3.0,0.8123539166765792,0.7399294263931963,7.392857142857143,-0.5884115884115884,-0.0795593635250918
pfim_metaweb,G3,56,28,0.13010204081632654,3,0.790610335850184,3.112728937728937,2.0,1.6892443153121253,0.7096245515367301,2.6785714285714284,-0.21033210332103322,-0.9037433155080213
pfim_downsample,G3,56,28,0.08035714285714286,4,0.9193167176397073,3.377004219409282,2.0,1.7004800419628143,0.8080527492322751,1.2857142857142858,0.36283185840707965,-0.6382978723404256
random,G3,56,28,0.2372448979591837,3,0.9190078768505231,0.43473937951804803,1.0,0.36234414211039745,0.17959338039774006,5.678571428571429,0.5318352059925093,-0.053164556962025315
adbm,G4,56,44,0.3052685950413223,1,0.7838056369937529,4.239178447811226,2.0,0.7721065426447615,0.9623613487143028,12.454545454545455,-1.0,0.1855072463768116
bodymassratio,G4,56,44,0.17148760330578514,6,0.8571324491453624,7.541822531831033,4.0,0.6482893202584211,0.5860772840885249,6.568181818181818,0.6770929162833487,-0.03906899418121363
lmatrix,G4,56,44,0.23192148760330578,2,0.7957936282464583,3.1247474358636036,2.0,1.1824954468736348,0.8494763230312335,9.227272727272727,-0.9073684210526316,-0.2459016393442623
niche,G4,56,43,0.09031909140075717,4,0.9083683344641843,4.746132204068712,3.0,0.9388739272891412,0.6954804148815044,2.9069767441860463,0.5688888888888889,-0.1649331352154532
pfim_metaweb,G4,56,44,0.1368801652892562,3,0.8504460455213982,3.1108560831960643,3.0,1.4653071707061418,0.5932664067256673,5.045454545454546,-0.19746835443037974,-0.6612149532710281
pfim_downsample,G4,56,44,0.08677685950413223,5,0.9292895391696063,3.0019971143662065,3.0,1.4688758871606837,0.671356703111577,2.840909090909091,0.2375366568914956,-0.5023148148148148
random,G4,56,44,0.10278925619834711,5,0.9308929881478362,22.453667250673853,4.0,0.47801205204547637,0.47082267228257935,3.5454545454545454,0.7512116316639742,-0.027522935779816515
adbm,G1,57,47,0.30194658216387504,1,0.7710771176080706,3.204708008920513,2.0,0.8492251234548521,0.8837321958034472,13.212765957446809,-1.0,0.030597591958466806
bodymassratio,G1,57,47,0.18967858759619738,4,0.8391570657472005,5.536691350962783,1.0,0.5286375685658098,0.5558770100961752,7.9361702127659575,0.723203026481715,0.015367103016505406
lmatrix,G1,57,47,0.21865097329108193,1,0.7679626177404048,2.71924603174603,2.0,1.0993672695504053,0.9795580894464855,9.297872340425531,-1.0,-0.07739542023794295
niche,G1,57,47,0.10638297872340426,3,0.8748726637536187,4.192429844384436,3.0,1.202171947478541,0.6100605814535786,4.0212765957446805,0.5438108484005564,-0.39314369073668853
pfim_metaweb,G1,57,47,0.11815301041195111,4,0.8315850490246237,2.6510787329285788,3.0,1.7514742960613416,0.5464685034798675,4.574468085106383,-0.42614601018675724,-0.7494543867306853
pfim_downsample,G1,57,47,0.06835672249886826,4,0.9416964969538832,2.6353363567649284,4.0,1.7546751247403154,0.695801488676899,2.234042553191489,0.1782178217821782,-0.6031390134529148
random,G1,57,47,0.12267994567677683,4,0.94045489069966,0.9762357860440347,1.0,0.41424063067483613,0.435779752552568,4.787234042553192,0.7598299681190224,0.004545454545454545
adbm,G2,57,20,0.315,1,0.8063112422351183,3.3216239316239307,2.0,0.9384952647596947,0.7929821744978608,5.35,-1.0,-0.15754560530679934
bodymassratio,G2,57,20,0.19,4,0.8717447752139893,5.07936507936508,4.0,0.595213448625041,0.6192235613443996,2.85,0.92,0.013513513513513514
lmatrix,G2,57,20,0.2125,1,0.8245428940925165,2.773333333333333,2.0,0.931451302954694,1.237724279218798,3.3,-1.0,0.21348314606741572
niche,G2,57,20,0.1975,3,0.8838527780533706,4.4190476190476184,1.0,0.9453836036881711,0.5160623444892669,3.0,0.0,-0.6091954022988506
pfim_metaweb,G2,57,20,0.175,3,0.7922802242263642,3.4594696969696974,2.0,1.4846149779161804,0.5676567244564473,2.55,-0.0963855421686747,-1.0
pfim_downsample,G2,57,20,0.125,3,0.9090800716002699,3.4285563973063975,2.0,1.5814716663851258,0.642364054837573,1.55,0.23711340206185566,-0.7637795275590551
random,G2,57,20,0.1875,4,0.9267422015995028,0.7241990965061803,1.0,0.40465131911125596,0.3554093266554554,2.8,0.6993464052287581,0.0297029702970297
adbm,G3,57,28,0.29081632653061223,1,0.7891347151251183,3.4140090075616403,2.0,0.9845656365156221,0.8280173108972099,7.178571428571429,-1.0,-0.14597701149425288
bodymassratio,G3,57,28,0.19770408163265307,4,0.8447034924001727,5.23641975308642,4.0,0.5551164873828773,0.5950477141324627,4.571428571428571,0.7844311377245509,0.022809123649459785
lmatrix,G3,57,28,0.19387755102040816,1,0.7989009146196412,2.759740259740259,2.0,0.9868323586263321,1.273713208311344,4.464285714285714,-1.0,0.18323863636363635
niche,G3,57,28,0.22831632653061223,4,0.8592076224443914,14.500000000000002,2.0,0.8882844228496536,0.4024012805134393,5.428571428571429,0.0684931506849315,-0.5215146299483648
pfim_metaweb,G3,57,28,0.13010204081632654,3,0.790610335850184,3.112728937728937,2.0,1.6892443153121253,0.7096245515367301,2.6785714285714284,-0.21033210332103322,-0.9037433155080213
pfim_downsample,G3,57,28,0.08035714285714286,3,0.9303011662702348,3.623810444874275,3.0,1.7004800419628143,0.7709874072096787,1.2857142857142858,0.35877862595419846,-0.7401129943502824
random,G3,57,28,0.21173469387755103,4,0.9195080181439699,0.8455850575887764,1.0,0.40264924849780825,0.4078497310231417,4.964285714285714,0.5412844036697247,0.002652519893899204
adbm,G4,57,44,0.3243801652892562,1,0.7755346783289518,4.026252639992423,2.0,0.7934523024801633,0.8649078749632177,13.295454545454545,-1.0,0.07265854682906342
bodymassratio,G4,57,44,0.18233471074380164,5,0.8503645385169353,6.278492393849536,4.0,0.533242601520541,0.5291614849473936,7.045454545454546,0.8740617180984154,-0.002028397565922921
lmatrix,G4,57,44,0.22985537190082644,1,0.7796978807622014,2.7931837606837595,2.0,1.1284158945619904,0.8954187483007937,9.136363636363637,-1.0,-0.1592200214954706
niche,G4,57,44,0.11518595041322315,4,0.8865583209518949,5.604651575170535,1.0,1.0810413331796707,0.530457891761837,4.090909090909091,0.30742049469964666,-0.5271493212669683
pfim_metaweb,G4,57,44,0.1368801652892562,3,0.8504460455213982,3.1108560831960643,3.0,1.4653071707061418,0.5932664067256673,5.045454545454546,-0.19746835443037974,-0.6612149532710281
pfim_downsample,G4,57,44,0.08677685950413223,3,0.9342624184476731,2.882719115074801,3.0,1.5032265040507435,0.6397220629946974,2.840909090909091,0.16,-0.5968645016797313
random,G4,57,44,0.10847107438016529,5,0.9375492498135837,1.220418687270853,1.0,0.38571770366121627,0.406341131333572,3.7954545454545454,0.7790530846484935,0.021922428330522766
adbm,G1,58,47,0.30964237211407875,1,0.7701231563326607,4.246775214481143,2.0,0.7844762182891675,0.9408222309174689,13.574468085106384,-1.0,0.1530398322851153
bodymassratio,G1,58,47,0.16885468537799908,5,0.8470642665134623,6.725385782883583,4.0,0.6191982347189433,0.5976406180641131,6.957446808510638,0.703761147731679,-0.013121546961325966
lmatrix,G1,58,47,0.23630602082390223,2,0.7923484224554392,3.2434546007458067,2.0,1.1344445495682316,0.8203383628171432,10.127659574468085,-0.7391304347826086,-0.2281299109481404
niche,G1,58,47,0.2254413761883205,3,0.8509330154560178,6.023335665059075,2.0,0.9369097246376087,0.4996545145412145,9.617021276595745,0.0023885350318471337,-0.4697720515361744
pfim_metaweb,G1,58,47,0.11815301041195111,4,0.8315850490246237,2.6510787329285788,3.0,1.7514742960613416,0.5464685034798675,4.574468085106383,-0.42614601018675724,-0.7494543867306853
pfim_downsample,G1,58,47,0.06835672249886826,4,0.9336599251376603,2.8227296109240547,3.0,1.8241182679398749,0.6616683293331594,2.234042553191489,0.0891089108910891,-0.6708571428571428
random,G1,58,47,0.1955636034404708,3,0.9327377130239992,0.57671963028578,1.0,0.26126706292873597,0.29019683385022016,8.212765957446809,0.6319365798414496,-0.007654836464857342
adbm,G2,58,20,0.3125,1,0.8079765032814469,3.5063842203548075,2.0,0.9167448132558913,0.8139830594383594,5.3,-1.0,-0.1064516129032258
bodymassratio,G2,58,20,0.1725,5,0.8995184588828032,6.733966049382716,1.0,0.5359122472840516,0.6812324481683278,2.5,0.5904761904761905,0.11904761904761904
lmatrix,G2,58,20,0.245,1,0.8133685278742078,2.976266423634845,2.0,0.9547053625557045,1.071543648876025,3.95,-1.0,0.09121621621621621
niche,G2,58,19,0.19390581717451524,3,0.8793098740689514,2.726694310491325,2.0,0.9229131635657785,0.6527631831243476,2.736842105263158,0.3548387096774194,-0.25874125874125875
pfim_metaweb,G2,58,20,0.175,3,0.7922802242263642,3.4594696969696974,2.0,1.4846149779161804,0.5676567244564473,2.55,-0.0963855421686747,-1.0
pfim_downsample,G2,58,20,0.125,3,0.9106613728052846,3.4675925925925926,3.0,1.53828339049529,0.7167176644441768,1.55,0.17391304347826086,-0.7777777777777778
random,G2,58,20,0.225,4,0.9134488832528043,0.7647603732548138,1.0,0.2838517216260023,0.44151078568834795,3.55,0.5225225225225225,0.14285714285714285
adbm,G3,58,28,0.29591836734693877,1,0.7941048541774748,3.5744761106306244,2.0,0.9167102044693778,0.8501474540447133,7.321428571428571,-1.0,-0.059726027397260274
bodymassratio,G3,58,28,0.18239795918367346,5,0.874479694151755,6.785804651225569,4.0,0.5203446055459269,0.6446672011287568,4.142857142857143,0.6465116279069767,0.08485856905158069
lmatrix,G3,58,28,0.2372448979591837,1,0.8027723903426652,2.9519754029557954,2.0,0.985195935786274,1.0374801535284275,5.678571428571429,-1.0,0.03734439834024896
niche,G3,58,28,0.18494897959183673,3,0.876384634844042,5.137597854055769,1.0,0.8981614392870313,0.4461191857749468,4.214285714285714,0.22522522522522523,-0.41304347826086957
pfim_metaweb,G3,58,28,0.13010204081632654,3,0.790610335850184,3.112728937728937,2.0,1.6892443153121253,0.7096245515367301,2.6785714285714284,-0.21033210332103322,-0.9037433155080213
pfim_downsample,G3,58,28,0.08035714285714286,3,0.9162103251587973,3.131558441558441,3.0,1.6788307817589703,0.7804187965076103,1.2857142857142858,0.22580645161290322,-0.7543859649122807
random,G3,58,28,0.18112244897959184,6,0.9263015137240375,1.0961605990501846,1.0,0.4357522471151886,0.36370081256203574,4.107142857142857,0.5922865013774105,-0.0949367088607595
adbm,G4,58,44,0.327995867768595,1,0.7736316032756937,3.8706882162838934,2.0,0.7335233943553733,0.9087962535276606,13.454545454545455,-1.0,0.18380151147868246
bodymassratio,G4,58,44,0.15702479338842976,5,0.8651325215526358,7.700774703569071,3.0,0.5829877374825435,0.6043244809995482,5.931818181818182,0.7169230769230769,0.013211382113821139
lmatrix,G4,58,44,0.25671487603305787,2,0.7840894943255782,3.266123130897277,2.0,1.064530356166005,0.7430586624298695,10.318181818181818,-0.6070707070707071,-0.24306190911863373
niche,G4,58,44,0.1859504132231405,4,0.8582857102794705,6.700987532099107,3.0,0.8390621345142761,0.5319534258894595,7.204545454545454,0.14389233954451347,-0.3181530676786844
pfim_metaweb,G4,58,44,0.1368801652892562,3,0.8504460455213982,3.1108560831960643,3.0,1.4653071707061418,0.5932664067256673,5.045454545454546,-0.19746835443037974,-0.6612149532710281
pfim_downsample,G4,58,44,0.08677685950413223,4,0.9326076212523938,2.9294511519884465,3.0,1.506406715614755,0.6296686621210992,2.840909090909091,0.22727272727272727,-0.5427302996670367
random,G4,58,44,0.18078512396694216,4,0.9306732355641053,0.5148280154956224,1.0,0.3308965830095046,0.29068891871009606,6.9772727272727275,0.6512455516014235,-0.025996533795493933
adbm,G1,59,47,0.2870076957899502,1,0.7830487636870608,3.7917795102922716,2.0,0.8477628514449825,0.9663064225259766,12.51063829787234,-1.0,0.10843373493975904
bodymassratio,G1,59,47,0.19284744228157538,4,0.8425181107933943,6.334549917552399,3.0,0.6360421381327033,0.6066567201162316,8.085106382978724,0.625422582826234,-0.018220227092685504
lmatrix,G1,59,47,0.2064282480760525,1,0.8108917352749493,3.0159182515716605,2.0,1.1950411578951539,1.0110006926495936,8.72340425531915,-1.0,-0.1274836838288615
niche,G1,59,47,0.16161158895427796,4,0.8511194684704588,5.168365402384904,3.0,0.945247919508841,0.8151099374359818,6.617021276595745,0.07334273624823695,-0.10563713879677877
pfim_metaweb,G1,59,47,0.11815301041195111,4,0.8315850490246237,2.6510787329285788,3.0,1.7514742960613416,0.5464685034798675,4.574468085106383,-0.42614601018675724,-0.7494543867306853
pfim_downsample,G1,59,47,0.06835672249886826,3,0.9382802198595054,2.8295085470085466,4.0,1.8102100633131508,0.6323723123751607,2.234042553191489,0.15789473684210525,-0.7324263038548753
random,G1,59,47,0.1733816206428248,4,0.9299913248426007,0.7307658295350814,1.0,0.33653598551049646,0.29284346882539825,7.170212765957447,0.6794952681388012,-0.025974025974025976
adbm,G2,59,20,0.285,1,0.8094526737983737,3.003921568627451,2.0,1.016779411640649,0.8328593685433863,4.75,-1.0,-0.17298187808896212
bodymassratio,G2,59,20,0.18,4,0.8856965572384279,5.84753086419753,4.0,0.6887190886754286,0.6334307917217433,2.65,0.6172248803827751,-0.04186046511627907
lmatrix,G2,59,20,0.2125,1,0.8240927112565812,2.9375,2.0,0.9220186416356146,1.279398419915458,3.3,-1.0,0.2551984877126654
niche,G2,59,20,0.1025,3,0.9063919786984725,3.5,2.0,1.199841353780375,0.7502986870929942,1.1,0.5454545454545454,-0.30612244897959184
pfim_metaweb,G2,59,20,0.175,3,0.7922802242263642,3.4594696969696974,2.0,1.4846149779161804,0.5676567244564473,2.55,-0.0963855421686747,-1.0
pfim_downsample,G2,59,20,0.125,3,0.910570109538959,3.776785714285714,2.0,1.5106638484977044,0.6553424175273003,1.55,0.3176470588235294,-0.7017543859649122
random,G2,59,19,0.09418282548476455,8,0.9469284749623547,15.888888888888891,3.0,0.7112405567496496,0.6058633159011912,0.8421052631578947,0.9591836734693877,-0.08
adbm,G3,59,28,0.28316326530612246,1,0.809085627969385,3.191945488721805,2.0,1.0234617239187567,0.8064540196462047,6.964285714285714,-1.0,-0.19312320916905446
bodymassratio,G3,59,28,0.1913265306122449,4,0.8638308393369903,5.633401007428785,4.0,0.592940638532261,0.6058589114440192,4.392857142857143,0.6624605678233438,0.008356545961002786
lmatrix,G3,59,28,0.20535714285714285,1,0.8206576998057507,2.891131815044859,2.0,0.9343050122484752,1.2519815561681518,4.785714285714286,-1.0,0.20861372812920592
niche,G3,59,28,0.2193877551020408,4,0.8630426296137971,5.7791801406947245,3.0,0.7809861116127862,0.42890943506452567,5.178571428571429,0.23266563944530047,-0.25571725571725573
pfim_metaweb,G3,59,28,0.13010204081632654,3,0.790610335850184,3.112728937728937,2.0,1.6892443153121253,0.7096245515367301,2.6785714285714284,-0.21033210332103322,-0.9037433155080213
pfim_downsample,G3,59,28,0.08035714285714286,3,0.9388471994342307,3.2354651162790695,3.0,1.7721103077529003,0.76143920716589,1.2857142857142858,0.2345679012345679,-0.7068062827225131
random,G3,59,28,0.23214285714285715,4,0.9146969734845087,0.6722002499547368,1.0,0.3756796748006138,0.29755376385520016,5.535714285714286,0.5806451612903226,-0.037900874635568516
adbm,G4,59,44,0.3140495867768595,1,0.7745620975888826,3.927951545478021,2.0,0.8135729156033983,0.8815435514186102,12.840909090909092,-1.0,0.06649796147898214
bodymassratio,G4,59,44,0.18181818181818182,4,0.8525230855726624,6.637454491216071,1.0,0.5213466462742379,0.5303300858899106,7.0227272727272725,0.6672144617912901,0.005383022774327122
lmatrix,G4,59,44,0.2412190082644628,1,0.8027142829386421,2.9238567927170855,2.0,1.0706393105109544,0.9171388604010027,9.636363636363637,-1.0,-0.1120885787956924
niche,G4,59,44,0.1534090909090909,3,0.8496787171174766,3.935265380495079,3.0,1.1132909997378484,0.6771121586287413,5.7727272727272725,0.16428571428571428,-0.2924187725631769
pfim_metaweb,G4,59,44,0.1368801652892562,3,0.8504460455213982,3.1108560831960643,3.0,1.4653071707061418,0.5932664067256673,5.045454545454546,-0.19746835443037974,-0.6612149532710281
pfim_downsample,G4,59,44,0.08677685950413223,3,0.930547186239497,3.4544195995294893,3.0,1.4502962363347065,0.715078924651486,2.840909090909091,0.20320855614973263,-0.5017462165308498
random,G4,59,44,0.14049586776859505,4,0.9310365366734779,0.9903891362767082,1.0,0.3904746179912405,0.3981908673568279,5.204545454545454,0.7020517395182873,-0.0010277492291880781
adbm,G1,60,47,0.32095971027614306,1,0.7568578104188121,3.4845961916789174,2.0,0.7875000236224733,0.8823531507941634,14.106382978723405,-1.0,0.09009890229322899
bodymassratio,G1,60,47,0.15482118605703937,6,0.8669172777809434,7.345513462619833,4.0,0.586354709615218,0.7011537072383708,6.297872340425532,0.7755102040816326,0.06772009029345373
lmatrix,G1,60,47,0.2521502942507922,2,0.7773770839558621,2.97957960530652,2.0,1.1067782151778744,0.813733090697035,10.872340425531915,-0.9626373626373627,-0.21218487394957983
niche,G1,60,47,0.14893617021276595,4,0.8676834163717688,4.605222491352716,3.0,1.0,0.5572782125753528,6.0212765957446805,0.21819474058280028,-0.39343408025013027
pfim_metaweb,G1,60,47,0.11815301041195111,4,0.8315850490246237,2.6510787329285788,3.0,1.7514742960613416,0.5464685034798675,4.574468085106383,-0.42614601018675724,-0.7494543867306853
pfim_downsample,G1,60,47,0.06835672249886826,4,0.9369547291148979,2.4175925925925923,4.0,1.696082800141363,0.7622476155155959,2.234042553191489,0.04265402843601896,-0.5658198614318707
random,G1,60,47,0.18017202354006337,4,0.932670864952578,0.6032529708038383,1.0,0.3004186147928578,0.2740316580998063,7.48936170212766,0.6791569086651054,0.005076142131979695
adbm,G2,60,20,0.32,1,0.7830499820031536,3.3323656735421436,2.0,1.0105833874029084,0.7212128855724844,5.45,-1.0,-0.3042121684867395
bodymassratio,G2,60,20,0.125,5,0.9230063742512561,6.541666666666665,5.0,0.6680687011630496,0.8753946478438649,1.55,0.7557251908396947,0.16521739130434782
lmatrix,G2,60,20,0.265,1,0.7951348430017247,2.9087301587301586,2.0,0.8915232261980681,1.0586942010813114,4.35,-1.0,0.1273792093704246
niche,G2,60,19,0.21329639889196675,3,0.8538786452969278,3.6787518037518034,2.0,1.0644246128197055,0.5726570816212251,3.1052631578947367,-0.16022099447513813,-0.6836158192090396
pfim_metaweb,G2,60,20,0.175,3,0.7922802242263642,3.4594696969696974,2.0,1.4846149779161804,0.5676567244564473,2.55,-0.0963855421686747,-1.0
pfim_downsample,G2,60,20,0.125,3,0.9182479424829574,3.5124716553287976,2.0,1.4596322536137223,0.642364054837573,1.55,0.24,-0.7297297297297297
random,G2,60,20,0.18,5,0.9242059545710555,1.0899232904490208,1.0,0.512989176042577,0.4717489888828812,2.65,0.6610169491525424,-0.12
adbm,G3,60,28,0.31505102040816324,1,0.7647438913834548,3.4462027338980477,2.0,0.9673481078267067,0.7398579526447536,7.857142857142857,-1.0,-0.21679064824654623
bodymassratio,G3,60,28,0.14285714285714285,5,0.9000369147294517,6.440952380952381,1.0,0.5400617248673217,0.8606629658238704,3.0357142857142856,0.7389277389277389,0.21700223713646533
lmatrix,G3,60,28,0.2512755102040816,1,0.7859544369455237,2.9833333333333325,2.0,0.9067795402692416,1.0604354887225416,6.071428571428571,-1.0,0.11014176663031625
niche,G3,60,28,0.18494897959183673,4,0.885142920298152,5.635780992883599,2.0,0.9387608079240466,0.478963370281887,4.214285714285714,0.1532258064516129,-0.4731934731934732
pfim_metaweb,G3,60,28,0.13010204081632654,3,0.790610335850184,3.112728937728937,2.0,1.6892443153121253,0.7096245515367301,2.6785714285714284,-0.21033210332103322,-0.9037433155080213
pfim_downsample,G3,60,28,0.08035714285714286,3,0.9300406319205271,2.9613707165109036,3.0,1.7885476248369832,0.8080527492322751,1.2857142857142858,0.34065934065934067,-0.6580310880829016
random,G3,60,28,0.16071428571428573,5,0.9220202550306178,0.8740689477555632,1.0,0.3989010968247781,0.46259244432580726,3.5357142857142856,0.6451612903225806,0.02681992337164751
adbm,G4,60,44,0.33367768595041325,1,0.7563856492694957,3.5192890651271598,2.0,0.7623973961328606,0.8616460910517174,13.704545454545455,-1.0,0.10128813559322034
bodymassratio,G4,60,44,0.14772727272727273,5,0.8693177835520914,7.595803288146027,3.0,0.5818217783893741,0.6497556992394116,5.5227272727272725,0.7239467849223947,0.04303510758776897
lmatrix,G4,60,44,0.26911157024793386,2,0.7659411925078875,3.008630798166081,2.0,1.0404003243900855,0.7984835905681364,10.863636363636363,-0.9329842931937172,-0.18778882509452458
niche,G4,60,43,0.10167658193618172,3,0.8849113631060155,4.7711805555555555,2.0,1.2900209099600888,0.7058967867586812,3.395348837209302,0.136,-0.4501915708812261
pfim_metaweb,G4,60,44,0.1368801652892562,3,0.8504460455213982,3.1108560831960643,3.0,1.4653071707061418,0.5932664067256673,5.045454545454546,-0.19746835443037974,-0.6612149532710281
pfim_downsample,G4,60,44,0.08677685950413223,3,0.9347593348645873,3.025393553217288,3.0,1.5211597947737416,0.6296686621210992,2.840909090909091,0.24307692307692308,-0.5776699029126213
random,G4,60,44,0.0759297520661157,7,0.9378979569673743,30.92497820928027,2.0,0.5625491933343709,0.5437151611199146,2.3636363636363638,0.8115501519756839,-0.030120481927710843
adbm,G1,61,47,0.30104119511090993,1,0.7694308038282662,3.8344695010525753,2.0,0.8251437100769357,0.9289031043238017,13.170212765957446,-1.0,0.08977930147846583
bodymassratio,G1,61,47,0.16206428248076052,4,0.849321265716777,5.683811543098722,3.0,0.7003633085100286,0.5791262391825326,6.638297872340425,0.70876786404017,-0.07618697092381303
lmatrix,G1,61,47,0.23585332729741965,2,0.7862887080532341,3.2392397293910293,3.0,1.0731498212454638,0.9370919626344042,10.106382978723405,-0.8920377867746289,-0.0944179797239526
niche,G1,61,46,0.09782608695652174,4,0.8910529994805313,5.239766051615799,2.0,1.1103701232920438,0.5694557361120761,3.5217391304347827,0.23974763406940064,-0.42258440046565776
pfim_metaweb,G1,61,47,0.11815301041195111,4,0.8315850490246237,2.6510787329285788,3.0,1.7514742960613416,0.5464685034798675,4.574468085106383,-0.42614601018675724,-0.7494543867306853
pfim_downsample,G1,61,47,0.06835672249886826,4,0.9411177527897673,2.5240280803679496,3.0,1.7450463619365328,0.6835866569848571,2.234042553191489,0.20772946859903382,-0.6100917431192661
random,G1,61,47,0.0946129470348574,6,0.9387804863992869,1.6174546220057056,1.0,0.4001093749612245,0.4637415152562586,3.4680851063829787,0.8122977346278317,0.03770197486535009
adbm,G2,61,20,0.3275,1,0.804730218014331,3.630772506814173,2.0,0.8657345186674824,0.8116126788754473,5.6,-1.0,-0.06281833616298811
bodymassratio,G2,61,20,0.1725,4,0.8769672264234423,5.385173611111111,1.0,0.5908539886181462,0.6056368606936087,2.5,0.6761904761904762,0.01098901098901099
lmatrix,G2,61,20,0.2525,2,0.8276218108549281,3.1802248677248675,3.0,0.9517860782286255,0.9962808576345155,4.1,-0.8083832335329342,0.037037037037037035
niche,G2,61,20,0.18,3,0.8750428126660145,3.584966856060606,2.0,1.0092167846991638,0.5511521395782324,2.65,0.18562874251497005,-0.4175824175824176
pfim_metaweb,G2,61,20,0.175,3,0.7922802242263642,3.4594696969696974,2.0,1.4846149779161804,0.5676567244564473,2.55,-0.0963855421686747,-1.0
pfim_downsample,G2,61,20,0.125,3,0.9035842121057082,3.556746031746032,2.0,1.5327992967804123,0.6291180125256394,1.55,0.22580645161290322,-0.7666666666666667
random,G2,61,20,0.1825,5,0.9132549735693837,13.408039164934731,2.0,0.6843544793611674,0.4726575937571373,2.7,0.47096774193548385,-0.11538461538461539
adbm,G3,61,28,0.3278061224489796,1,0.7802020952823645,3.613972458547112,2.0,0.8501745182798337,0.8039286753294507,8.214285714285714,-1.0,-0.04746317512274959
bodymassratio,G3,61,28,0.17219387755102042,4,0.8633588786740825,5.827528974552783,1.0,0.5386490163271674,0.6210780518189741,3.857142857142857,0.740983606557377,0.05263157894736842
lmatrix,G3,61,28,0.24744897959183673,2,0.8000609762640474,3.1021297078989383,3.0,0.9418817087454923,1.0136855166864924,5.964285714285714,-0.8770949720670391,0.05293775450843514
niche,G3,61,28,0.22959183673469388,3,0.8646301728444773,5.1124428067589545,3.0,0.9192350848882116,0.6053261543056104,5.464285714285714,-0.04512372634643377,-0.29124820659971307
pfim_metaweb,G3,61,28,0.13010204081632654,3,0.790610335850184,3.112728937728937,2.0,1.6892443153121253,0.7096245515367301,2.6785714285714284,-0.21033210332103322,-0.9037433155080213
pfim_downsample,G3,61,28,0.08035714285714286,3,0.938322527318377,3.0744268077601413,3.0,1.6831829103362235,0.7117795212543,1.2857142857142858,0.4375,-0.6224489795918368
random,G3,61,28,0.23979591836734693,3,0.9134491458391715,0.6253900014691325,1.0,0.2526787558560263,0.24940618240951176,5.75,0.6160714285714286,0.03428571428571429
adbm,G4,61,44,0.315599173553719,1,0.7661027117913493,3.8314696467475424,2.0,0.7898136328528029,0.897861784884564,12.909090909090908,-1.0,0.10263372250882433
bodymassratio,G4,61,44,0.1756198347107438,4,0.8506558486703721,5.729045340691214,3.0,0.5783185990678862,0.5298159271988786,6.75,0.6507802614930409,-0.030680302356602934
lmatrix,G4,61,44,0.2422520661157025,2,0.7864894048675316,3.1325653185018485,3.0,1.063329772193296,0.9009812206657337,9.681818181818182,-0.8971759594496741,-0.11705484598046581
niche,G4,61,43,0.14548404542996216,4,0.8575363341857776,5.84474230329858,2.0,1.1767803522823352,0.8114139975064044,5.27906976744186,-0.1282051282051282,-0.3372717508055854
pfim_metaweb,G4,61,44,0.1368801652892562,3,0.8504460455213982,3.1108560831960643,3.0,1.4653071707061418,0.5932664067256673,5.045454545454546,-0.19746835443037974,-0.6612149532710281
pfim_downsample,G4,61,44,0.08677685950413223,4,0.9261878830705372,3.1104237810933544,3.0,1.556406604569331,0.6992888561154799,2.840909090909091,0.1329479768786127,-0.5570321151716501
random,G4,61,44,0.1337809917355372,5,0.93168431146467,0.9903830954789543,1.0,0.4490468432199921,0.3775969413447322,4.909090909090909,0.7003188097768331,-0.04572098475967175
adbm,G1,62,47,0.28655500226346764,1,0.7675165382748445,3.5106406985871272,2.0,0.8403024367290499,0.9865946604507959,12.48936170212766,-1.0,0.12858955137815709
bodymassratio,G1,62,47,0.17609778180172023,4,0.8559870107630586,6.5657900420012645,4.0,0.6097091876867112,0.6039566132378923,7.297872340425532,0.6935786706721743,-0.0034645669291338585
lmatrix,G1,62,47,0.21095518334087823,1,0.7845402409304612,2.899961897507093,2.0,1.1975953471635856,0.9775934931322582,8.936170212765957,-1.0,-0.1494475138121547
niche,G1,62,47,0.17564508827523767,4,0.8570279513300638,5.6215980290296095,1.0,0.9744778632964398,0.5610889932823354,7.276595744680851,0.06422976501305483,-0.339292364990689
pfim_metaweb,G1,62,47,0.11815301041195111,4,0.8315850490246237,2.6510787329285788,3.0,1.7514742960613416,0.5464685034798675,4.574468085106383,-0.42614601018675724,-0.7494543867306853
pfim_downsample,G1,62,47,0.06835672249886826,4,0.9398332152238489,2.714927048260382,3.0,1.7761489989722412,0.6189068972159315,2.234042553191489,0.1827956989247312,-0.7095238095238096
random,G1,62,47,0.16478044363965597,4,0.9340720256954946,0.7894501517594361,1.0,0.3357014220770465,0.351523284615556,6.76595744680851,0.655819774718398,-0.011727912431587178
adbm,G2,62,20,0.305,1,0.8132244467510019,3.163194444444444,2.0,0.945329422894211,0.809950982683951,5.15,-1.0,-0.13680781758957655
bodymassratio,G2,62,20,0.195,4,0.8885194778244011,5.28797619047619,1.0,0.659779645221381,0.5817387854814005,2.95,0.7290836653386454,-0.05185185185185185
lmatrix,G2,62,20,0.2025,1,0.8438532933399647,2.98,2.0,0.992434824323535,1.252565373063474,3.1,-1.0,0.18840579710144928
niche,G2,62,20,0.0925,3,0.935511009974334,3.0984848484848477,2.0,1.2920115171050788,0.7289126662252897,0.9,0.3333333333333333,-0.46835443037974683
pfim_metaweb,G2,62,20,0.175,3,0.7922802242263642,3.4594696969696974,2.0,1.4846149779161804,0.5676567244564473,2.55,-0.0963855421686747,-1.0
pfim_downsample,G2,62,20,0.125,3,0.8830905343351088,3.5451388888888893,2.0,1.4994735918420101,0.7398435111918138,1.55,0.01098901098901099,-0.6535433070866141
random,G2,62,20,0.085,10,0.9691831837943252,7.446609632446133,5.0,0.8119486487876404,0.5757182175642269,0.75,0.6981132075471698,-0.2571428571428571
adbm,G3,62,28,0.29336734693877553,1,0.7865571859405303,3.2846330213903734,2.0,0.9332493135885233,0.8410593334316236,7.25,-1.0,-0.08173340647284695
bodymassratio,G3,62,28,0.1913265306122449,4,0.8680491260825269,5.672931363903586,1.0,0.5453220440136661,0.6037250621079797,4.392857142857143,0.7055393586005831,0.03672316384180791
lmatrix,G3,62,28,0.20153061224489796,1,0.8180266999756246,2.8994708994709,2.0,0.9792545078997118,1.2031064335589843,4.678571428571429,-1.0,0.14623955431754876
niche,G3,62,28,0.17857142857142858,4,0.8548747076028652,4.586447754457233,3.0,1.1208462411483104,0.5305482838361476,4.035714285714286,-0.05489260143198091,-0.7477477477477478
pfim_metaweb,G3,62,28,0.13010204081632654,3,0.790610335850184,3.112728937728937,2.0,1.6892443153121253,0.7096245515367301,2.6785714285714284,-0.21033210332103322,-0.9037433155080213
pfim_downsample,G3,62,28,0.08035714285714286,3,0.8842814562208143,2.783730158730159,3.0,1.79263340429004,0.8774990441440425,1.2857142857142858,0.10638297872340426,-0.6580310880829016
random,G3,62,28,0.16709183673469388,4,0.9166003080909809,0.9702127116827902,1.0,0.411564006943469,0.4355334302607906,3.7142857142857144,0.6741214057507987,0.011764705882352941
adbm,G4,62,44,0.29855371900826444,1,0.7804981165703325,4.08365097627918,2.0,0.7669936688568753,0.9953348088021728,12.159090909090908,-1.0,0.21939750183688464
bodymassratio,G4,62,44,0.17665289256198347,5,0.85873908050326,7.20545235378048,3.0,0.6476662294827767,0.6338490715714259,6.795454545454546,0.656003708854891,-0.00870882241575161
lmatrix,G4,62,44,0.22210743801652894,2,0.797860732419133,2.9446590257167338,3.0,1.2502828739005982,0.8469275510219517,8.795454545454545,-0.9496062992125984,-0.2905168088309082
niche,G4,62,41,0.0660321237358715,5,0.9108675277143102,4.377170138888888,2.0,1.3426053312727642,0.8711320411943057,1.7317073170731707,0.47368421052631576,-0.3556085918854415
pfim_metaweb,G4,62,44,0.1368801652892562,3,0.8504460455213982,3.1108560831960643,3.0,1.4653071707061418,0.5932664067256673,5.045454545454546,-0.19746835443037974,-0.6612149532710281
pfim_downsample,G4,62,44,0.08677685950413223,4,0.9351810113696855,3.095009378799629,3.0,1.446992709987857,0.687788330088753,2.840909090909091,0.2392638036809816,-0.5039164490861618
random,G4,62,44,0.05578512396694215,11,0.9498966400508413,232.61936484562304,4.0,0.5377271398391952,0.7782493136072912,1.4772727272727273,0.9021739130434783,0.13966480446927373
adbm,G1,63,47,0.2901765504753282,1,0.7636496068132265,3.5558108598819493,2.0,0.7885903602567377,1.0154659994191038,12.659574468085106,-1.0,0.1901400803561733
bodymassratio,G1,63,47,0.1670439112720688,4,0.8586597831240833,6.7570628778218556,4.0,0.7393540623844314,0.553275950245579,6.872340425531915,0.6712121212121213,-0.11885674451028233
lmatrix,G1,63,47,0.22679945676776822,1,0.7991770149699331,3.1441003881480065,2.0,1.2001540024381978,0.8587529417811718,9.680851063829786,-1.0,-0.23017165768700665
niche,G1,63,47,0.1638750565866908,4,0.8580318907647987,4.928368638607024,2.0,1.0733463500830849,0.5311384321205832,6.723404255319149,-0.05212702216896345,-0.5209411764705882
pfim_metaweb,G1,63,47,0.11815301041195111,4,0.8315850490246237,2.6510787329285788,3.0,1.7514742960613416,0.5464685034798675,4.574468085106383,-0.42614601018675724,-0.7494543867306853
pfim_downsample,G1,63,47,0.06835672249886826,4,0.9467055601376748,2.7565607463524127,4.0,1.7997083754698633,0.5910564772904019,2.234042553191489,0.24444444444444444,-0.668141592920354
random,G1,63,47,0.17428700769578995,4,0.9336222015970241,0.6314915678348788,1.0,0.27608802906537816,0.3134567748610759,7.212765957446808,0.6603174603174603,0.016371971185330715
adbm,G2,63,20,0.32,1,0.7880400241249956,3.2114665170220724,2.0,0.9311738312191599,0.8005831550550477,5.45,-1.0,-0.13496932515337423
bodymassratio,G2,63,20,0.14,5,0.903565946497519,6.393749999999999,1.0,0.6304142501129197,0.7994358913389505,1.85,0.7692307692307693,0.1267605633802817
lmatrix,G2,63,20,0.2625,1,0.8165193398840704,3.2169000933706817,2.0,0.8693093642290785,1.0539793257664478,4.3,-1.0,0.1492776886035313
niche,G2,63,18,0.1697530864197531,3,0.8900223813109968,4.308088235294117,2.0,0.9423437098410051,0.566544163982247,2.111111111111111,0.29545454545454547,-0.36363636363636365
pfim_metaweb,G2,63,20,0.175,3,0.7922802242263642,3.4594696969696974,2.0,1.4846149779161804,0.5676567244564473,2.55,-0.0963855421686747,-1.0
pfim_downsample,G2,63,20,0.125,3,0.9048002116240911,3.323214285714286,2.0,1.4994735918420101,0.6553424175273003,1.55,0.20512820512820512,-0.7373737373737373
random,G2,63,20,0.13,6,0.9357072741819452,1.3641221209748777,1.0,0.5496240327625976,0.710292705289722,1.65,0.7297297297297297,0.18072289156626506
adbm,G3,63,28,0.3010204081632653,1,0.7856036166564611,3.409404253154253,2.0,0.8851624785577733,0.881029926668951,7.464285714285714,-1.0,-0.0039303761931499155
bodymassratio,G3,63,28,0.18112244897959184,4,0.8717088694904691,6.23028549382716,1.0,0.5827903090870934,0.6279858256227593,4.107142857142857,0.6963696369636964,0.029275808936825885
lmatrix,G3,63,28,0.22831632653061223,1,0.8398764063388972,3.1417142857142855,2.0,1.0185090556409027,1.054358995470805,5.428571428571429,-1.0,0.02646868947708199
niche,G3,63,27,0.262002743484225,4,0.8394834161207085,4.821056441500388,2.0,0.8888101065367585,0.5747819533436557,6.111111111111111,-0.14203730272596843,-0.483739837398374
pfim_metaweb,G3,63,28,0.13010204081632654,3,0.790610335850184,3.112728937728937,2.0,1.6892443153121253,0.7096245515367301,2.6785714285714284,-0.21033210332103322,-0.9037433155080213
pfim_downsample,G3,63,28,0.08035714285714286,4,0.9306275336296882,3.1076622494053687,3.0,1.6918535815432985,0.7897375600849122,1.2857142857142858,0.29545454545454547,-0.6122448979591837
random,G3,63,28,0.20790816326530612,4,0.90955376729853,0.7263612200040059,1.0,0.4130474377282549,0.32409055763856903,4.857142857142857,0.5681818181818182,-0.030927835051546393
adbm,G4,63,44,0.30113636363636365,1,0.7744806802552375,3.8920242855971856,2.0,0.7310234317501773,1.0232464059140438,12.272727272727273,-1.0,0.27458492975734355
bodymassratio,G4,63,44,0.16580578512396693,5,0.8616951466343457,7.357690571532788,1.0,0.6815732620897608,0.5713733219041407,6.318181818181818,0.7225316455696202,-0.06644238856181665
lmatrix,G4,63,44,0.23915289256198347,2,0.7906956340139696,3.191026619604542,3.0,1.2134635549823825,0.7880639315043608,9.545454545454545,-0.9498644986449865,-0.311128165771297
niche,G4,63,44,0.15857438016528927,4,0.8693355918451833,4.738888888888888,2.0,1.0570440213026782,0.38294216202507314,6.0,0.25155555555555553,-0.5068493150684932
pfim_metaweb,G4,63,44,0.1368801652892562,3,0.8504460455213982,3.1108560831960643,3.0,1.4653071707061418,0.5932664067256673,5.045454545454546,-0.19746835443037974,-0.6612149532710281
pfim_downsample,G4,63,44,0.08677685950413223,3,0.9201979894827954,3.4269005545889524,3.0,1.5222081147767854,0.8171099178413702,2.840909090909091,0.10582010582010581,-0.47950819672131145
random,G4,63,44,0.14101239669421486,5,0.9302044772830579,1.538518452515005,1.0,0.39260997071263687,0.34159647308170293,5.2272727272727275,0.6982193064667291,-0.017857142857142856
adbm,G1,64,47,0.3046627433227705,1,0.77445667832533,3.8450765601728905,2.0,0.8309371355445792,0.9000292098287918,13.340425531914894,-1.0,0.05928105949127602
bodymassratio,G1,64,47,0.17247623358985967,4,0.8554252183918297,6.498217702998674,1.0,0.590063069355684,0.5548105453516067,7.127659574468085,0.7174535050071531,-0.020969405293915434
lmatrix,G1,64,47,0.23268447261204164,1,0.7776399169188595,3.004183420897857,2.0,1.079474097028616,0.9341422496704026,9.957446808510639,-1.0,-0.09815876112669186
niche,G1,64,46,0.0949905482041588,4,0.8944663703175211,5.3605752818017525,3.0,1.1420985313344945,0.4833347487394944,3.391304347826087,0.48936170212765956,-0.4463667820069204
pfim_metaweb,G1,64,47,0.11815301041195111,4,0.8315850490246237,2.6510787329285788,3.0,1.7514742960613416,0.5464685034798675,4.574468085106383,-0.42614601018675724,-0.7494543867306853
pfim_downsample,G1,64,47,0.06835672249886826,5,0.9413248216321711,2.421632209499576,4.0,1.7182890729161435,0.6389986216552708,2.234042553191489,0.11650485436893204,-0.6407035175879398
random,G1,64,47,0.08782254413761884,6,0.941133261804159,82.35674025224436,3.0,0.4275041518180056,0.3449089546391257,3.148936170212766,0.8531073446327684,-0.06550218340611354
adbm,G2,64,20,0.305,1,0.7984641700282041,3.405147058823529,2.0,0.9660498115328402,0.7940784252268954,5.15,-1.0,-0.17174959871589085
bodymassratio,G2,64,20,0.1575,3,0.8905940213418376,5.048611111111111,4.0,0.661715312395848,0.7657588402520701,2.2,0.727810650887574,0.07526881720430108
lmatrix,G2,64,20,0.2325,1,0.8222621105609639,3.0816416040100245,2.0,0.9624454191297502,1.1449414063643795,3.7,-1.0,0.14442413162705667
niche,G2,64,20,0.115,3,0.9229577570443279,3.75,2.0,1.2305597045042622,0.49068529882333456,1.35,0.5238095238095238,-0.5909090909090909
pfim_metaweb,G2,64,20,0.175,3,0.7922802242263642,3.4594696969696974,2.0,1.4846149779161804,0.5676567244564473,2.55,-0.0963855421686747,-1.0
pfim_downsample,G2,64,20,0.125,3,0.8964372453947737,3.4383597883597883,3.0,1.4768387290354177,0.6553424175273003,1.55,0.4358974358974359,-0.5657894736842105
random,G2,64,19,0.10249307479224377,9,0.9546885235659379,12.500923239250856,2.0,0.5268537483680521,0.6045441106236978,1.0,0.7948717948717948,0.08333333333333333
adbm,G3,64,28,0.3048469387755102,1,0.7731603751417099,3.541602661064426,2.0,0.9568212205192986,0.7948909882926402,7.571428571428571,-1.0,-0.14569190600522194
bodymassratio,G3,64,28,0.1683673469387755,3,0.8671759888994431,4.994249706055262,3.0,0.62940452231908,0.6972380296421401,3.75,0.7781818181818182,0.04265402843601896
lmatrix,G3,64,28,0.22831632653061223,1,0.816371228339838,3.119956586623253,2.0,0.9822733805176466,1.0989699709011957,5.428571428571429,-1.0,0.08364544319600499
niche,G3,64,28,0.17091836734693877,3,0.8696981545962268,4.338414275539275,2.0,1.0660086829768516,0.5781713887180372,3.8214285714285716,0.12359550561797752,-0.448559670781893
pfim_metaweb,G3,64,28,0.13010204081632654,3,0.790610335850184,3.112728937728937,2.0,1.6892443153121253,0.7096245515367301,2.6785714285714284,-0.21033210332103322,-0.9037433155080213
pfim_downsample,G3,64,28,0.08035714285714286,3,0.9405758983015111,3.0568181818181817,3.0,1.6831829103362235,0.7897375600849125,1.2857142857142858,0.2708333333333333,-0.6149732620320856
random,G3,64,28,0.17857142857142858,4,0.9199408697229791,0.8000783029526678,1.0,0.4036867138796656,0.43885372573625553,4.035714285714286,0.711864406779661,0.06484641638225255
adbm,G4,64,44,0.3135330578512397,1,0.7766952733952228,3.8593157187287015,2.0,0.8008932351968341,0.8871800568020022,12.818181818181818,-1.0,0.07898224224754836
bodymassratio,G4,64,44,0.17613636363636365,4,0.8556612115524875,6.534671415067192,3.0,0.5199595292507484,0.5025405533085583,6.7727272727272725,0.6972010178117048,-0.010163499779054353
lmatrix,G4,64,44,0.24070247933884298,1,0.7834447769113568,2.922851114950795,2.0,1.0607130019331488,0.9038902718785676,9.613636363636363,-1.0,-0.10618836644276118
niche,G4,64,44,0.16322314049586778,4,0.8703560095803441,6.583333333333333,2.0,0.9824118522301187,0.6030395417282456,6.204545454545454,0.1757754800590842,-0.4047481181239143
pfim_metaweb,G4,64,44,0.1368801652892562,3,0.8504460455213982,3.1108560831960643,3.0,1.4653071707061418,0.5932664067256673,5.045454545454546,-0.19746835443037974,-0.6612149532710281
pfim_downsample,G4,64,44,0.08677685950413223,4,0.9281074909905145,3.0400690357033113,3.0,1.5095802274863848,0.6924114628735459,2.840909090909091,0.19879518072289157,-0.5064102564102564
random,G4,64,44,0.14824380165289255,4,0.9294142441386711,0.8738366466599666,1.0,0.349113667639219,0.35838471708449005,5.545454545454546,0.7045009784735812,0.004282655246252677
adbm,G1,65,47,0.3205070167496605,1,0.7542114254827648,3.4824322800420386,2.0,0.8544491242457694,0.8202402897649153,14.085106382978724,-1.0,-0.031616791794437986
bodymassratio,G1,65,47,0.1593481213218651,4,0.8587893458319393,6.302679272399076,4.0,0.536171220280314,0.635414212259809,6.51063829787234,0.7617204301075269,0.057208237986270026
lmatrix,G1,65,47,0.24898143956541421,1,0.7643732231426376,2.9032366008604407,2.0,0.9864622270903761,0.9403233364131902,10.72340425531915,-1.0,-0.031652724395206874
niche,G1,65,47,0.1670439112720688,4,0.844112048183451,3.8271625170293584,2.0,1.257263884381353,0.6708272120129721,6.872340425531915,-0.20861172976985895,-0.46394984326018807
pfim_metaweb,G1,65,47,0.11815301041195111,4,0.8315850490246237,2.6510787329285788,3.0,1.7514742960613416,0.5464685034798675,4.574468085106383,-0.42614601018675724,-0.7494543867306853
pfim_downsample,G1,65,47,0.06835672249886826,4,0.942666582532613,2.8780675054112552,4.0,1.7690200042662632,0.686660735820133,2.234042553191489,0.2146118721461187,-0.6100342075256556
random,G1,65,47,0.14395654142145767,5,0.931059589519814,0.8115298661392334,1.0,0.3925087428531321,0.35835681533147723,5.787234042553192,0.7356970185334408,0.0
adbm,G2,65,20,0.3175,1,0.7762156815910655,3.3688825757575755,2.0,1.013240736525968,0.7194464125071713,5.4,-1.0,-0.3051643192488263
bodymassratio,G2,65,20,0.1375,4,0.9087816071602158,6.381283068783067,1.0,0.5125650427116585,0.8248004490628322,1.8,0.8115942028985508,0.21739130434782608
lmatrix,G2,65,20,0.2475,1,0.7753982739558858,2.844897959183673,2.0,0.8013408446623589,1.1678518804179399,4.0,-1.0,0.25846153846153846
niche,G2,65,20,0.1475,4,0.8843682548563606,6.874999999999999,2.0,0.9927236445027988,0.8265027466649989,2.0,0.07692307692307693,-0.24210526315789474
pfim_metaweb,G2,65,20,0.175,3,0.7922802242263642,3.4594696969696974,2.0,1.4846149779161804,0.5676567244564473,2.55,-0.0963855421686747,-1.0
pfim_downsample,G2,65,20,0.125,3,0.9116251593342464,3.2786458333333344,2.0,1.5491933384829668,0.716717664444177,1.55,0.16455696202531644,-0.6176470588235294
random,G2,65,20,0.135,6,0.9220476532888828,11.54773260529069,1.0,0.5519702373115515,0.5251593677754802,1.75,0.6483516483516484,-0.05263157894736842
adbm,G3,65,28,0.30612244897959184,1,0.7661314571031773,3.418963432400932,2.0,1.0310708006168994,0.7257605631761266,7.607142857142857,-1.0,-0.2736625514403292
bodymassratio,G3,65,28,0.1364795918367347,4,0.9073407470727102,6.225947420634921,1.0,0.4780485234945366,0.9094368073666077,2.857142857142857,0.798941798941799,0.271889400921659
lmatrix,G3,65,28,0.2461734693877551,1,0.7743270791311758,2.9438603724318018,2.0,0.8114552578583732,1.1493770184420853,5.928571428571429,-1.0,0.2257036643653744
niche,G3,65,28,0.08418367346938775,3,0.9343927323196437,3.9166666666666665,3.0,1.2920346231170685,0.3866633594600833,1.3928571428571428,0.6363636363636364,-0.6510067114093959
pfim_metaweb,G3,65,28,0.13010204081632654,3,0.790610335850184,3.112728937728937,2.0,1.6892443153121253,0.7096245515367301,2.6785714285714284,-0.21033210332103322,-0.9037433155080213
pfim_downsample,G3,65,28,0.08035714285714286,3,0.9261433626816961,3.235373737373737,3.0,1.7303340094268624,0.8259619103050732,1.2857142857142858,0.20270270270270271,-0.881578947368421
random,G3,65,28,0.07397959183673469,9,0.9449801765494901,26.65952732644016,3.0,0.6010809247214829,0.6943645085451073,1.1071428571428572,0.8666666666666667,0.04878048780487805
adbm,G4,65,44,0.321797520661157,1,0.7410233709421398,3.419903791009491,2.0,0.8765704753963186,0.8023658709416414,13.181818181818182,-1.0,-0.06764076080110845
bodymassratio,G4,65,44,0.14514462809917356,4,0.8814492468550269,6.371530698728639,1.0,0.5489169083710175,0.6337699025489354,5.409090909090909,0.7753882915173238,0.05017103762827822
lmatrix,G4,65,44,0.2556818181818182,1,0.7580938671739298,2.9031283338629232,2.0,0.9469657787093003,0.9575785328468103,10.272727272727273,-1.0,0.007057615809059412
niche,G4,65,43,0.10924824229313142,4,0.8808693624818418,4.274493315330586,3.0,1.1552860721387122,0.5976572646454993,3.7209302325581395,0.4438095238095238,-0.3720136518771331
pfim_metaweb,G4,65,44,0.1368801652892562,3,0.8504460455213982,3.1108560831960643,3.0,1.4653071707061418,0.5932664067256673,5.045454545454546,-0.19746835443037974,-0.6612149532710281
pfim_downsample,G4,65,44,0.08677685950413223,4,0.9312993189393651,3.2208911891772143,3.0,1.506406715614755,0.6831339108065614,2.840909090909091,0.1976401179941003,-0.5348288075560803
random,G4,65,44,0.0743801652892562,7,0.940529270851197,1.5981139064737329,1.0,0.4629931084070106,0.5980516744732214,2.2954545454545454,0.873015873015873,0.09550561797752809
adbm,G1,66,47,0.30104119511090993,1,0.7611800344754833,4.255024679514818,2.0,0.7981173481376748,0.961530432858377,13.170212765957446,-1.0,0.1538104089219331
bodymassratio,G1,66,47,0.1815301041195111,6,0.8369814777323791,7.629173447129398,3.0,0.6954920112060038,0.6428296112284001,7.553191489361702,0.5947010383100608,-0.03480825958702065
lmatrix,G1,66,47,0.22363060208239022,2,0.7852958622330674,3.184642112059451,2.0,1.1876357351008053,0.8787035139468626,9.53191489361702,-0.8386699507389163,-0.22347754202259576
niche,G1,66,47,0.09506564056133997,4,0.8928547395134395,4.4912400951874645,2.0,1.108145653295841,0.5731771039627698,3.4893617021276597,0.782312925170068,-0.2994161801501251
pfim_metaweb,G1,66,47,0.11815301041195111,4,0.8315850490246237,2.6510787329285788,3.0,1.7514742960613416,0.5464685034798675,4.574468085106383,-0.42614601018675724,-0.7494543867306853
pfim_downsample,G1,66,47,0.06835672249886826,3,0.9282151973011796,2.797250859106528,4.0,1.8424992351642902,0.6680040980871018,2.234042553191489,0.21238938053097345,-0.660455486542443
random,G1,66,47,0.09189678587596198,5,0.9364059390436236,1.1573858035539735,1.0,0.4099442105597796,0.4582639354358612,3.3404255319148937,0.8147612156295224,0.020338983050847456
adbm,G2,66,20,0.2925,1,0.8188215178139067,3.562946775446775,2.0,0.9705951247409785,0.8596796061026981,4.9,-1.0,-0.11619718309859155
bodymassratio,G2,66,20,0.1825,4,0.8800005283421516,4.851810515873015,3.0,0.75043649418398,0.7504364941839801,2.7,0.4423076923076923,0.0
lmatrix,G2,66,20,0.2275,1,0.8357691093077768,3.074421631000578,2.0,1.0246145955917354,1.1352574656071128,3.6,-1.0,0.0905587668593449
niche,G2,66,20,0.1925,3,0.8995591223100948,4.398758417508418,3.0,0.7064442506250556,0.6650194324467331,2.9,0.37142857142857144,0.03664921465968586
pfim_metaweb,G2,66,20,0.175,3,0.7922802242263642,3.4594696969696974,2.0,1.4846149779161804,0.5676567244564473,2.55,-0.0963855421686747,-1.0
pfim_downsample,G2,66,20,0.125,3,0.9245359948741244,3.4716981132075477,2.0,1.4596322536137223,0.6017518285455349,1.55,0.43902439024390244,-0.6347826086956522
random,G2,66,20,0.225,5,0.9036423193902571,1.0980580948631222,1.0,0.3849001794597505,0.334306571414186,3.55,0.5857142857142857,-0.0851063829787234
adbm,G3,66,28,0.2869897959183674,1,0.8026689809987846,3.5678292285200177,2.0,0.9906359930781299,0.8306536889601355,7.071428571428571,-1.0,-0.1404867256637168
bodymassratio,G3,66,28,0.18112244897959184,4,0.8531280803384518,5.001636904761904,4.0,0.7077636722997682,0.7904259335407107,4.107142857142857,0.5173501577287066,0.06485671191553545
lmatrix,G3,66,28,0.2193877551020408,1,0.8082214694899549,3.1975968838713937,2.0,1.0071355698048738,1.1457318885337096,5.178571428571429,-1.0,0.10453920220082531
niche,G3,66,28,0.10076530612244898,4,0.9172175882239054,3.4934329513596234,3.0,1.2799307576801644,0.6028294126476281,1.8571428571428572,0.5368421052631579,-0.4597156398104265
pfim_metaweb,G3,66,28,0.13010204081632654,3,0.790610335850184,3.112728937728937,2.0,1.6892443153121253,0.7096245515367301,2.6785714285714284,-0.21033210332103322,-0.9037433155080213
pfim_downsample,G3,66,28,0.08035714285714286,3,0.9416744839567877,3.0558333333333336,2.0,1.665706170422018,0.7709874072096788,1.2857142857142858,0.29508196721311475,-0.7175141242937854
random,G3,66,28,0.09821428571428571,7,0.9481042643938795,2.116810373727775,1.0,0.500993808793424,0.37848472717566045,1.7857142857142858,0.875,-0.09523809523809523
adbm,G4,66,44,0.30991735537190085,1,0.760009066104099,3.6119978689946697,2.0,0.7822012271084229,0.9359354645478766,12.659090909090908,-1.0,0.14581607290803644
bodymassratio,G4,66,44,0.1678719008264463,5,0.8517509489707437,7.023602949779326,3.0,0.6263699283878984,0.5369663882967456,6.409090909090909,0.6842588343276732,-0.055809698078682524
lmatrix,G4,66,44,0.24018595041322313,1,0.7825986926233784,3.0239970038376542,2.0,1.1294894702907126,0.8670955139569387,9.590909090909092,-1.0,-0.19182677645623666
niche,G4,66,44,0.0981404958677686,4,0.8942210571402116,5.988330956818011,2.0,1.0556578285638683,0.656473863447102,3.340909090909091,0.46313799621928164,-0.32978723404255317
pfim_metaweb,G4,66,44,0.1368801652892562,3,0.8504460455213982,3.1108560831960643,3.0,1.4653071707061418,0.5932664067256673,5.045454545454546,-0.19746835443037974,-0.6612149532710281
pfim_downsample,G4,66,44,0.08677685950413223,4,0.9399599889600709,3.459199949269925,3.0,1.456880816629775,0.6446899757205785,2.840909090909091,0.3712574850299401,-0.49770642201834864
random,G4,66,44,0.08212809917355372,6,0.9396024449461233,1.2592255431558774,1.0,0.49652290298453766,0.4929230849150942,2.6363636363636362,0.8254364089775561,0.02564102564102564
adbm,G1,67,47,0.30647351742870077,1,0.767891990031471,4.100562237257795,2.0,0.7876613004303528,0.9462249973878534,13.425531914893616,-1.0,0.1527713088029809
bodymassratio,G1,67,47,0.17700316885468537,5,0.8510018275483092,7.160672324250286,4.0,0.5889366295647247,0.5931881183968691,7.340425531914893,0.6604450825556353,0.002642007926023778
lmatrix,G1,67,47,0.23404255319148937,2,0.7893227241212374,2.922462384144524,3.0,1.1597204366555547,0.866388375858364,10.02127659574468,-0.9582587954680978,-0.21430422389220005
niche,G1,67,46,0.22589792060491493,5,0.8395156033213843,6.7055990689431,2.0,1.0331894954587448,0.428205196882551,9.41304347826087,-0.08343815513626834,-0.5964788732394366
pfim_metaweb,G1,67,47,0.11815301041195111,4,0.8315850490246237,2.6510787329285788,3.0,1.7514742960613416,0.5464685034798675,4.574468085106383,-0.42614601018675724,-0.7494543867306853
pfim_downsample,G1,67,47,0.06835672249886826,3,0.9403018192993606,2.4257116620752983,3.0,1.7879674917747344,0.6835866569848571,2.234042553191489,0.125,-0.6213903743315508
random,G1,67,47,0.20914440923494795,3,0.9309425906702279,0.6854439509760116,1.0,0.2872075686913506,0.28087083233383353,8.851063829787234,0.5609528257823447,-0.020731707317073172
adbm,G2,67,20,0.3075,1,0.8084449031019466,3.5481357473544968,2.0,0.8972604657770014,0.8656874048120917,5.2,-1.0,-0.032467532467532464
bodymassratio,G2,67,20,0.1575,4,0.8939898159724885,5.647135416666667,1.0,0.7156304060348925,0.6930377206951256,2.2,0.6898395721925134,-0.017543859649122806
lmatrix,G2,67,20,0.25,2,0.8056936976827538,2.8744212962962963,3.0,0.9926042302422133,1.0094292290304716,4.05,-0.821656050955414,0.013559322033898305
niche,G2,67,18,0.15123456790123457,3,0.8978285137193268,4.9375,2.0,0.9068910792104046,0.8527584659500481,1.7777777777777777,0.2727272727272727,-0.06779661016949153
pfim_metaweb,G2,67,20,0.175,3,0.7922802242263642,3.4594696969696974,2.0,1.4846149779161804,0.5676567244564473,2.55,-0.0963855421686747,-1.0
pfim_downsample,G2,67,20,0.125,3,0.8546386623545937,3.469135802469136,2.0,1.493847029440572,0.7622680837992283,1.55,0.0379746835443038,-0.6
random,G2,67,20,0.1725,5,0.9211180500594132,1.2927204092956581,1.0,0.5756916402911678,0.4929330673397249,2.5,0.5959595959595959,0.014925373134328358
adbm,G3,67,28,0.28316326530612246,1,0.7998120459621446,3.7086738107571433,2.0,0.962342600354798,0.8917992017976004,6.964285714285714,-1.0,-0.06442251886244922
bodymassratio,G3,67,28,0.18239795918367346,4,0.8778774325618207,5.624279239279239,4.0,0.6726924333287594,0.6769010294345468,4.142857142857143,0.5939597315436241,0.003003003003003003
lmatrix,G3,67,28,0.21683673469387754,2,0.8096709038582138,2.9210463449593895,3.0,1.062631737918591,1.1061789802896749,5.107142857142857,-0.8546712802768166,0.03139612558450234
niche,G3,67,28,0.05612244897959184,4,0.9290600000643361,3.6666666666666665,2.0,1.709549333174952,0.9395568447865443,0.6071428571428571,0.6129032258064516,-0.5294117647058824
pfim_metaweb,G3,67,28,0.13010204081632654,3,0.790610335850184,3.112728937728937,2.0,1.6892443153121253,0.7096245515367301,2.6785714285714284,-0.21033210332103322,-0.9037433155080213
pfim_downsample,G3,67,28,0.08035714285714286,3,0.9293044656328472,3.012,2.0,1.7133382972178337,0.8347724199692329,1.2857142857142858,0.32608695652173914,-0.57847533632287
random,G3,67,28,0.07142857142857142,8,0.9474596012167881,11.752652533624396,2.0,0.6085806194501846,0.6382847385042254,1.0357142857142858,0.8651685393258427,0.014925373134328358
adbm,G4,67,44,0.32076446280991733,1,0.7643549254658566,4.063625423886713,2.0,0.7693949334412301,0.8954794920374352,13.136363636363637,-1.0,0.12388039134628634
bodymassratio,G4,67,44,0.17355371900826447,5,0.8536996453203939,7.188480118786811,4.0,0.5447769186107227,0.5036975028648023,6.659090909090909,0.6919127086007703,-0.024545454545454544
lmatrix,G4,67,44,0.24793388429752067,2,0.7902361708996022,2.9243707937833188,3.0,1.0667787005117946,0.8650794201116886,9.931818181818182,-0.9557093425605536,-0.14755068817522568
niche,G4,67,44,0.19834710743801653,3,0.8428419312871384,3.8140181985830286,2.0,1.0476596017552033,0.4755721258644422,7.75,0.0042417815482502655,-0.5330438977327545
pfim_metaweb,G4,67,44,0.1368801652892562,3,0.8504460455213982,3.1108560831960643,3.0,1.4653071707061418,0.5932664067256673,5.045454545454546,-0.19746835443037974,-0.6612149532710281
pfim_downsample,G4,67,44,0.08677685950413223,4,0.9284601737834808,3.1399827799473328,3.0,1.5430249556686952,0.6901037678947127,2.840909090909091,0.20461095100864554,-0.5745664739884393
random,G4,67,44,0.1859504132231405,3,0.928715985865028,0.8020624488186574,1.0,0.33266082029733496,0.3683424239176593,7.204545454545454,0.6349319971367215,0.01601423487544484
adbm,G1,68,47,0.28791308284291534,1,0.7770319382244407,3.8341636960609295,2.0,0.7814473661763901,1.0348035838091865,12.553191489361701,-1.0,0.22666666666666666
bodymassratio,G1,68,47,0.17428700769578995,5,0.8438100400842831,6.870065721782257,1.0,0.6718570574655942,0.6032558854783794,7.212765957446808,0.7439500390320063,-0.04004746366063482
lmatrix,G1,68,47,0.20778632865550023,1,0.7917026418754736,3.0742055229059337,2.0,1.2718212628653918,0.908669580985087,8.787234042553191,-1.0,-0.24229320686288186
niche,G1,68,46,0.14508506616257089,4,0.8726519084758865,5.22975998133355,2.0,0.8697178200822135,0.7327254388879497,5.695652173913044,0.32998324958123953,-0.10609697551608258
pfim_metaweb,G1,68,47,0.11815301041195111,4,0.8315850490246237,2.6510787329285788,3.0,1.7514742960613416,0.5464685034798675,4.574468085106383,-0.42614601018675724,-0.7494543867306853
pfim_downsample,G1,68,47,0.06835672249886826,4,0.9399634923347974,2.6324050453514745,3.0,1.7498673662152753,0.6356941009385111,2.234042553191489,0.1657142857142857,-0.6169724770642202
random,G1,68,47,0.14622000905387053,4,0.9329020899211503,0.7953782906258889,1.0,0.28882601529168783,0.3809192981506317,5.8936170212765955,0.7228714524207012,0.04261645193260654
adbm,G2,68,20,0.31,1,0.8094127961461273,3.7599732443482434,2.0,0.8366174766489848,0.9222469625823294,5.25,-1.0,0.09632224168126094
bodymassratio,G2,68,20,0.1725,5,0.9164525710516515,6.865238095238095,1.0,0.6681242977714374,0.6411044649219831,2.5,0.8391959798994975,-0.017094017094017096
lmatrix,G2,68,20,0.2175,1,0.8502127419165999,3.106481481481482,2.0,1.1094688547008502,1.0943235347558524,3.4,-1.0,-0.01195219123505976
niche,G2,68,19,0.16066481994459833,4,0.922412836539518,8.588348765432098,2.0,0.8969568786875234,0.3698756990736571,2.1052631578947367,0.4177215189873418,-0.5454545454545454
pfim_metaweb,G2,68,20,0.175,3,0.7922802242263642,3.4594696969696974,2.0,1.4846149779161804,0.5676567244564473,2.55,-0.0963855421686747,-1.0
pfim_downsample,G2,68,20,0.125,3,0.8759406634094681,3.379746835443038,2.0,1.5327992967804123,0.7283723744002608,1.55,0.22857142857142856,-0.6396396396396397
random,G2,68,20,0.15,7,0.913960314132466,19.622307372235852,3.0,0.6306035352846115,0.44590403603995915,2.05,0.6875,-0.1276595744680851
adbm,G3,68,28,0.29081632653061223,1,0.801798289563158,3.8374754901960797,2.0,0.8597883485141103,0.9528515548180583,7.178571428571429,-1.0,0.08919078558771412
bodymassratio,G3,68,28,0.1875,5,0.8563960328377488,7.000656356292515,1.0,0.6771660002444934,0.6446346840430913,4.285714285714286,0.8719211822660099,-0.01834862385321101
lmatrix,G3,68,28,0.18877551020408162,1,0.8431640029269121,3.165501165501166,2.0,1.2205129306878064,1.1442741880648737,4.321428571428571,-1.0,-0.05362776025236593
niche,G3,68,27,0.2222222222222222,3,0.8269306784203966,4.534924173049173,2.0,0.6995114290104482,0.7734924681537619,5.037037037037037,0.11265164644714037,0.044444444444444446
pfim_metaweb,G3,68,28,0.13010204081632654,3,0.790610335850184,3.112728937728937,2.0,1.6892443153121253,0.7096245515367301,2.6785714285714284,-0.21033210332103322,-0.9037433155080213
pfim_downsample,G3,68,28,0.08035714285714286,3,0.904784060953347,3.391581632653062,2.0,1.738769569526741,0.8774990441440425,1.2857142857142858,0.15517241379310345,-0.7041420118343196
random,G3,68,28,0.21683673469387754,4,0.921492215835774,1.0328431200550188,1.0,0.36398128876680463,0.32303190109445173,5.107142857142857,0.5732758620689655,-0.029585798816568046
adbm,G4,68,44,0.31043388429752067,1,0.7724692139580746,3.656519079856253,2.0,0.7565533221469543,0.9521979292885163,12.681818181818182,-1.0,0.18789407313997478
bodymassratio,G4,68,44,0.1683884297520661,5,0.8614780660887735,6.956703498522222,4.0,0.5874660110012491,0.5432552334981761,6.431818181818182,0.7544194935499283,-0.02531102531102531
lmatrix,G4,68,44,0.23140495867768596,1,0.7852399404879039,3.036944300371412,2.0,1.1780522112112943,0.8481235744465757,9.204545454545455,-1.0,-0.22908979089790898
niche,G4,68,44,0.21797520661157024,3,0.8309132534532739,5.108890091390091,2.0,1.0263578247053584,0.5873736605078343,8.613636363636363,-0.19289749798224373,-0.44549226706903056
pfim_metaweb,G4,68,44,0.1368801652892562,3,0.8504460455213982,3.1108560831960643,3.0,1.4653071707061418,0.5932664067256673,5.045454545454546,-0.19746835443037974,-0.6612149532710281
pfim_downsample,G4,68,44,0.08677685950413223,4,0.9377169798144587,2.959813118999291,3.0,1.4882956675653403,0.6593691724154421,2.840909090909091,0.22289156626506024,-0.5466351829988194
random,G4,68,44,0.24380165289256198,3,0.9271140722089163,0.44102841148042204,1.0,0.2766557750281082,0.22866387313989575,9.75,0.5139694254085398,-0.056210964607911175
adbm,G1,69,47,0.2960615663196016,1,0.7626588440068974,4.198600966832874,2.0,0.8364559099912283,0.9440335487318631,12.936170212765957,-1.0,0.10155970948922491
bodymassratio,G1,69,47,0.18334087822544137,6,0.851339071937867,7.943112649621336,1.0,0.6638156967853519,0.6486469465805397,7.638297872340425,0.6170839469808542,-0.009670079635949944
lmatrix,G1,69,47,0.22181982797645994,2,0.793129416679743,3.131730052010096,2.0,1.1831942241884497,0.9012920121497323,9.446808510638299,-0.8171978352375225,-0.20611758102988634
niche,G1,69,46,0.06758034026465029,5,0.9270249201897616,5.087525462962963,3.0,0.9426833960325607,0.5959621285512714,2.130434782608696,0.7053291536050157,-0.2185430463576159
pfim_metaweb,G1,69,47,0.11815301041195111,4,0.8315850490246237,2.6510787329285788,3.0,1.7514742960613416,0.5464685034798675,4.574468085106383,-0.42614601018675724,-0.7494543867306853
pfim_downsample,G1,69,47,0.06835672249886826,3,0.9324681783229843,2.857905982905983,3.0,1.8606986343118597,0.7369607796724229,2.234042553191489,0.14482758620689656,-0.5886385896180215
random,G1,69,47,0.08012675418741512,6,0.9389435435308134,1.7405955805447655,1.0,0.5170716224076075,0.4833642598563026,2.7872340425531914,0.8270042194092827,-0.034482758620689655
adbm,G2,69,20,0.3025,1,0.7909101601597447,3.6957282913165255,2.0,0.9418740012811865,0.8688139688150724,5.1,-1.0,-0.07876712328767123
bodymassratio,G2,69,20,0.165,4,0.8834396036474836,5.85350529100529,1.0,0.7096482222160351,0.928032337334619,2.35,0.3956043956043956,0.20218579234972678
lmatrix,G2,69,20,0.25,2,0.8092384510907383,3.137847222222222,2.0,0.9711631658670145,0.9819422214752707,4.05,-0.532608695652174,0.008756567425569177
niche,G2,69,16,0.0859375,2,0.9245463677809653,3.0,2.0,1.6126223873515237,0.6436808750231152,0.4375,0.2,-0.7209302325581395
pfim_metaweb,G2,69,20,0.175,3,0.7922802242263642,3.4594696969696974,2.0,1.4846149779161804,0.5676567244564473,2.55,-0.0963855421686747,-1.0
pfim_downsample,G2,69,20,0.125,3,0.9034333619528089,3.5616496598639453,2.0,1.5546196014662745,0.6805570473787206,1.55,0.23529411764705882,-0.9056603773584906
random,G2,69,19,0.10249307479224377,12,0.9411593233887567,7.925026123301985,4.0,0.7932021874974825,0.5268537483680521,1.0,0.7727272727272727,-0.15789473684210525
adbm,G3,69,28,0.29081632653061223,1,0.7916893770378327,3.792764121843069,2.0,0.9913502543910531,0.836741091542294,7.178571428571429,-1.0,-0.146836912362159
bodymassratio,G3,69,28,0.16709183673469388,4,0.8656010493367551,5.824365079365079,4.0,0.6018945787373002,0.895659842585142,3.7142857142857144,0.6007984031936128,0.20766773162939298
lmatrix,G3,69,28,0.22831632653061223,2,0.7975320928048775,3.157823946886447,2.0,1.0176188893017855,1.0509152777913686,5.428571428571429,-0.6638655462184874,0.024484536082474227
niche,G3,69,27,0.09327846364883402,4,0.896792211229738,3.5999999999999996,2.0,1.4246968493647454,0.5436435503357565,1.5555555555555556,0.75,-0.5305164319248826
pfim_metaweb,G3,69,28,0.13010204081632654,3,0.790610335850184,3.112728937728937,2.0,1.6892443153121253,0.7096245515367301,2.6785714285714284,-0.21033210332103322,-0.9037433155080213
pfim_downsample,G3,69,28,0.08035714285714286,3,0.9325854860998286,2.926020408163265,2.0,1.734556917499603,0.7897375600849125,1.2857142857142858,0.1,-0.7016574585635359
random,G3,69,28,0.10331632653061225,8,0.9321514406853437,11.396812203442654,3.0,0.5432306601170144,0.559287369677026,1.9285714285714286,0.8157894736842105,0.013888888888888888
adbm,G4,69,44,0.32954545454545453,1,0.7510976386576336,4.14508627487808,2.0,0.7621119634297173,0.8817481185067677,13.522727272727273,-1.0,0.12547635850388145
bodymassratio,G4,69,44,0.16115702479338842,6,0.8544595683582032,7.654144565247071,3.0,0.6058632831549762,0.6880764711553782,6.113636363636363,0.70704510897111,0.05154639175257732
lmatrix,G4,69,44,0.25516528925619836,2,0.7771670220217818,3.071908421594397,2.0,1.0889807944613425,0.8085774870432921,10.25,-0.853448275862069,-0.21855107608366173
niche,G4,69,44,0.18130165289256198,4,0.8692127289256303,5.614583333333334,3.0,1.0652230245810315,0.41133074142329185,7.0,-0.0599406528189911,-0.6360601001669449
pfim_metaweb,G4,69,44,0.1368801652892562,3,0.8504460455213982,3.1108560831960643,3.0,1.4653071707061418,0.5932664067256673,5.045454545454546,-0.19746835443037974,-0.6612149532710281
pfim_downsample,G4,69,44,0.08677685950413223,4,0.9298489148425795,3.1404222741743504,3.0,1.464525410519486,0.6593691724154421,2.840909090909091,0.13838120104438642,-0.5793269230769231
random,G4,69,44,0.17303719008264462,4,0.9285312764987345,0.813700597736091,1.0,0.29737933303602576,0.32816377443640404,6.636363636363637,0.696165191740413,0.027450980392156862
adbm,G1,70,47,0.28157537347215933,1,0.7748215472796207,3.554059525066373,2.0,0.8932661277806162,0.9278898444108888,12.25531914893617,-1.0,0.02899543378995434
bodymassratio,G1,70,47,0.20280669986419195,4,0.847085218492931,6.194288999798546,4.0,0.5712164254028999,0.5787070051809438,8.553191489361701,0.5836158192090396,0.00482573726541555
lmatrix,G1,70,47,0.20597555454956995,1,0.79532608110817,2.945213827566766,2.0,1.1020877827448914,1.0479279684678364,8.702127659574469,-1.0,-0.03457776553244248
niche,G1,70,47,0.1706654594839294,4,0.8627491124440428,5.811375690091896,3.0,0.8139805595765113,0.43845558369917553,7.042553191489362,0.2355175688509022,-0.358974358974359
pfim_metaweb,G1,70,47,0.11815301041195111,4,0.8315850490246237,2.6510787329285788,3.0,1.7514742960613416,0.5464685034798675,4.574468085106383,-0.42614601018675724,-0.7494543867306853
pfim_downsample,G1,70,47,0.06835672249886826,4,0.9383308672311688,2.626936633222877,3.0,1.7329351748449184,0.6804986914744352,2.234042553191489,0.29411764705882354,-0.585812356979405
random,G1,70,47,0.14576731552738795,4,0.9363535777383427,0.7751942126976158,1.0,0.28384717929813114,0.39680336811558187,5.872340425531915,0.7169811320754716,0.04245709123757904
adbm,G2,70,20,0.305,1,0.8069667216736958,3.553302469135802,2.0,0.940829971253863,0.8357356096580333,5.15,-1.0,-0.11073825503355705
bodymassratio,G2,70,20,0.185,5,0.8727584668923203,6.202569916855631,1.0,0.5888772060846514,0.6626047233568917,2.75,0.6651982378854625,0.05309734513274336
lmatrix,G2,70,20,0.2275,1,0.8257087797791958,2.8330357142857143,2.0,0.944570605036487,1.1352574656071128,3.6,-1.0,0.13780918727915195
niche,G2,70,18,0.08641975308641975,3,0.9182366251711482,3.0208333333333335,2.0,1.2516495718292178,0.9412514976098053,0.6111111111111112,0.4074074074074074,-0.18181818181818182
pfim_metaweb,G2,70,20,0.175,3,0.7922802242263642,3.4594696969696974,2.0,1.4846149779161804,0.5676567244564473,2.55,-0.0963855421686747,-1.0
pfim_downsample,G2,70,20,0.125,3,0.9169019736361798,3.514583333333332,2.0,1.5491933384829668,0.6291180125256394,1.55,0.2857142857142857,-0.7837837837837838
random,G2,70,19,0.09141274238227147,8,0.9445514720370328,33.499999999999986,1.0,0.660439233869799,0.8548940235197879,0.7894736842105263,0.9534883720930233,0.18181818181818182
adbm,G3,70,28,0.2895408163265306,1,0.7931482401272215,3.5859819837929177,2.0,0.9841190147904102,0.8204947925441649,7.142857142857143,-1.0,-0.14971428571428572
bodymassratio,G3,70,28,0.1951530612244898,4,0.8641550391850281,6.124907395955014,1.0,0.5489792610043657,0.66542191834289,4.5,0.5841874084919473,0.0815450643776824
lmatrix,G3,70,28,0.2193877551020408,1,0.8074243033856302,2.8511904761904767,2.0,0.9592168416483965,1.1423000779922052,5.178571428571429,-1.0,0.12189054726368159
niche,G3,70,23,0.06049149338374291,3,0.9520050603686906,4.175,2.0,0.9127412507984346,1.0778882315772482,0.43478260869565216,0.5714285714285714,0.2
pfim_metaweb,G3,70,28,0.13010204081632654,3,0.790610335850184,3.112728937728937,2.0,1.6892443153121253,0.7096245515367301,2.6785714285714284,-0.21033210332103322,-0.9037433155080213
pfim_downsample,G3,70,28,0.08035714285714286,3,0.9415565206490006,3.255160550458715,2.0,1.721857123122088,0.7219847662821455,1.2857142857142858,0.43434343434343436,-0.717391304347826
random,G3,70,28,0.06505102040816327,11,0.9522145535485443,3.337457267788889,1.0,0.5797499833081486,0.7174474207519084,0.8571428571428571,0.8840579710144928,0.12280701754385964
adbm,G4,70,44,0.31043388429752067,1,0.7788750409176842,3.701374267997797,2.0,0.8275301253774419,0.871261595506726,12.681818181818182,-1.0,0.040259389354228584
bodymassratio,G4,70,44,0.18078512396694216,4,0.8609548277465168,6.507579355606494,1.0,0.5242939067135827,0.5263927443553144,6.9772727272727275,0.6568511974872399,0.0012981393336218088
lmatrix,G4,70,44,0.2412190082644628,1,0.7888415324959647,2.9566730611140755,2.0,1.0444814168994008,0.918488444252921,9.636363636363637,-1.0,-0.08587813620071684
niche,G4,70,43,0.056246619794483504,4,0.9250738612724257,4.484375,2.0,1.1667716965563735,0.9167138938626935,1.441860465116279,0.6419753086419753,-0.17777777777777778
pfim_metaweb,G4,70,44,0.1368801652892562,3,0.8504460455213982,3.1108560831960643,3.0,1.4653071707061418,0.5932664067256673,5.045454545454546,-0.19746835443037974,-0.6612149532710281
pfim_downsample,G4,70,44,0.08677685950413223,4,0.9373531021654516,3.2211229768218645,4.0,1.5042873216034311,0.6471596311968201,2.840909090909091,0.312280701754386,-0.5127610208816705
random,G4,70,44,0.05991735537190083,10,0.9483273553541681,231.2956236542549,4.0,0.5493130959305799,0.6234900738946149,1.6590909090909092,0.8828451882845189,0.05263157894736842
adbm,G1,71,47,0.3091896785875962,1,0.7677469207438153,4.161476340478321,2.0,0.8006858515469649,0.9122279812043509,13.553191489361701,-1.0,0.10612991765782251
bodymassratio,G1,71,47,0.17790855590765053,4,0.8511356055770393,5.927051594403023,4.0,0.5578418844407335,0.5876981307097272,7.382978723404255,0.7081424039478322,0.01762255687279718
lmatrix,G1,71,47,0.2322317790855591,2,0.781982362293614,3.0069798461359882,3.0,1.1246572566353963,0.8772782021114385,9.936170212765957,-0.8455971049457177,-0.17852914090251282
niche,G1,71,46,0.07514177693761814,5,0.9185853802282475,4.224933862433862,3.0,1.127446861969736,0.5935528459232027,2.4782608695652173,0.5869017632241813,-0.3610223642172524
pfim_metaweb,G1,71,47,0.11815301041195111,4,0.8315850490246237,2.6510787329285788,3.0,1.7514742960613416,0.5464685034798675,4.574468085106383,-0.42614601018675724,-0.7494543867306853
pfim_downsample,G1,71,47,0.06835672249886826,4,0.9395608100905879,2.5623476140717516,4.0,1.747458526639919,0.615494515744972,2.234042553191489,0.1848341232227488,-0.6579572446555819
random,G1,71,47,0.07288365776369397,8,0.9458188602957935,2.187785758456476,1.0,0.4821659316271365,0.5083509149387336,2.4468085106382977,0.8505154639175257,-0.008902077151335312
adbm,G2,71,20,0.3275,1,0.7900405220642892,3.2439799783549783,2.0,0.8586201362612912,0.8265897273433164,5.6,-1.0,-0.036544850498338874
bodymassratio,G2,71,20,0.155,4,0.9049812166020976,6.02662037037037,5.0,0.5326309338592881,0.701293274578593,2.15,0.7430167597765364,0.12258064516129032
lmatrix,G2,71,20,0.2525,1,0.8190196792706815,2.8948646125116717,2.0,0.9879601702679095,1.0106772400138493,4.1,-1.0,0.01867572156196944
niche,G2,71,18,0.14814814814814814,3,0.8451472685231766,2.6999999999999997,2.0,1.1718198516435374,0.7823888757780089,1.7222222222222223,0.05555555555555555,-0.2911392405063291
pfim_metaweb,G2,71,20,0.175,3,0.7922802242263642,3.4594696969696974,2.0,1.4846149779161804,0.5676567244564473,2.55,-0.0963855421686747,-1.0
pfim_downsample,G2,71,20,0.125,3,0.8972800676573677,3.300695559122524,2.0,1.543748002342624,0.7048702754856087,1.55,0.15492957746478872,-0.6198347107438017
random,G2,71,19,0.09418282548476455,6,0.9541688169008063,9.043478260869565,4.0,0.6606562976012332,0.8029046653098466,0.8421052631578947,0.9444444444444444,0.17647058823529413
adbm,G3,71,28,0.3227040816326531,1,0.7817026048695316,3.3407491059664967,2.0,0.8737618486176542,0.8101856263845953,8.071428571428571,-1.0,-0.06519337016574586
bodymassratio,G3,71,28,0.16071428571428573,4,0.8813522094192285,6.028775864512471,1.0,0.43403446496906034,0.6357725031893202,3.5357142857142856,0.7571157495256167,0.12421052631578948
lmatrix,G3,71,28,0.24872448979591838,1,0.788043928956194,2.974306943056943,2.0,0.9616282325931943,1.0104188530273452,6.0,-1.0,0.037124337065409546
niche,G3,71,27,0.13991769547325103,3,0.882332381387196,4.416666666666667,2.0,1.2335961180572945,0.6860913351750546,2.814814814814815,0.06930693069306931,-0.42618384401114207
pfim_metaweb,G3,71,28,0.13010204081632654,3,0.790610335850184,3.112728937728937,2.0,1.6892443153121253,0.7096245515367301,2.6785714285714284,-0.21033210332103322,-0.9037433155080213
pfim_downsample,G3,71,28,0.08035714285714286,3,0.9258906236654106,3.1287755102040813,3.0,1.6613082586670964,0.8170564003839158,1.2857142857142858,0.3142857142857143,-0.6149732620320856
random,G3,71,28,0.11862244897959184,5,0.9303967493270969,1.3629097873430165,1.0,0.46392354195333435,0.5438745785721761,2.357142857142857,0.7757009345794392,0.03626943005181347
adbm,G4,71,44,0.32489669421487605,1,0.750568993531914,3.426339323667562,2.0,0.8056112948605708,0.8577434520308289,13.318181818181818,-1.0,0.04937151742905274
bodymassratio,G4,71,44,0.1415289256198347,4,0.8659302872123469,6.118269502777709,3.0,0.4896094325573371,0.665144195334972,5.25,0.7669082125603864,0.10464396284829722
lmatrix,G4,71,44,0.26291322314049587,1,0.7345422788933513,2.8275275315130384,2.0,1.003159011381668,0.874314236661524,10.590909090909092,-1.0,-0.09013209013209013
niche,G4,71,44,0.17045454545454544,3,0.8575814890464435,4.659581859634221,4.0,1.1493172897673383,0.3359586537868366,6.5227272727272725,0.22303325223033252,-0.6054114994363021
pfim_metaweb,G4,71,44,0.1368801652892562,3,0.8504460455213982,3.1108560831960643,3.0,1.4653071707061418,0.5932664067256673,5.045454545454546,-0.19746835443037974,-0.6612149532710281
pfim_downsample,G4,71,44,0.08677685950413223,4,0.9349160994982072,3.36805401233701,3.0,1.500039550182597,0.717306274848429,2.840909090909091,0.20615384615384616,-0.5057833859095688
random,G4,71,44,0.14669421487603307,4,0.9277190607382595,0.9728284762111362,1.0,0.47893103830300915,0.33655098130958067,5.4772727272727275,0.6895910780669146,-0.05141657922350472
adbm,G1,72,47,0.28746038931643275,1,0.7816070873299554,4.28445382643926,2.0,0.8131299530957588,1.0001802154260113,12.53191489361702,-1.0,0.17365853658536584
bodymassratio,G1,72,47,0.1892258940697148,5,0.8423941056349723,7.539100686251389,3.0,0.6820290988701119,0.6132816876609608,7.914893617021277,0.5891741845940319,-0.044432254525507406
lmatrix,G1,72,47,0.2068809416025351,2,0.7945534732019097,3.116922238981062,2.0,1.2571545910932111,0.9339364070240531,8.74468085106383,-0.8883861236802413,-0.22593896713615025
niche,G1,72,47,0.1593481213218651,4,0.8631560946799991,5.529337252854653,3.0,0.9913546321536094,0.34084114935626875,6.51063829787234,0.24558196221815967,-0.5210932857991681
pfim_metaweb,G1,72,47,0.11815301041195111,4,0.8315850490246237,2.6510787329285788,3.0,1.7514742960613416,0.5464685034798675,4.574468085106383,-0.42614601018675724,-0.7494543867306853
pfim_downsample,G1,72,47,0.06835672249886826,4,0.9361305837723647,2.838413852160291,4.0,1.901010350856966,0.6616683293331593,2.234042553191489,0.1134020618556701,-0.6739752144899904
random,G1,72,47,0.1738343141693074,4,0.9344060580293713,0.7106015423527219,1.0,0.3455466060817812,0.2656166745285216,7.191489361702128,0.6404494382022472,-0.04781704781704782
adbm,G2,72,20,0.2975,1,0.8115655559276774,3.648426226551225,2.0,0.9577038164287694,0.8612609316388811,5.0,-1.0,-0.10085470085470086
bodymassratio,G2,72,20,0.1725,4,0.8767282134188359,5.417368197278912,1.0,0.6479650611918214,0.8005956283204303,2.5,0.5858585858585859,0.12077294685990338
lmatrix,G2,72,20,0.225,2,0.8372424860000744,3.1946078431372547,3.0,0.9386648059524354,1.134261745631201,3.55,-0.5428571428571428,0.1511627906976744
niche,G2,72,20,0.1975,3,0.8685574497577603,4.476162257495591,2.0,1.0274568261799462,0.3979641052141117,3.0,0.0425531914893617,-0.7567567567567568
pfim_metaweb,G2,72,20,0.175,3,0.7922802242263642,3.4594696969696974,2.0,1.4846149779161804,0.5676567244564473,2.55,-0.0963855421686747,-1.0
pfim_downsample,G2,72,20,0.125,3,0.9349134494073323,3.4977397410577122,2.0,1.4596322536137223,0.6017518285455349,1.55,0.25,-0.7291666666666666
random,G2,72,20,0.2225,5,0.9186550493256269,706.1446348922675,4.0,0.46953868975122465,0.4280853087974211,3.5,0.40331491712707185,-0.1388888888888889
adbm,G3,72,28,0.29846938775510207,1,0.7801837954177847,3.768220015278838,2.0,0.9252726163320586,0.8611532324348773,7.392857142857143,-1.0,-0.059800664451827246
bodymassratio,G3,72,28,0.1760204081632653,4,0.8680521504419437,5.479679232804232,4.0,0.6555587002132961,0.7468834430589667,3.9642857142857144,0.662962962962963,0.06140350877192982
lmatrix,G3,72,28,0.2181122448979592,2,0.8224041611011037,3.169691197691198,3.0,0.9888428606589102,1.1153209578547005,5.142857142857143,-0.6963696369636964,0.09066305818673884
niche,G3,72,28,0.13392857142857142,5,0.8976935427671313,5.5,3.0,1.18286810538306,0.5968366541772944,2.7857142857142856,0.10222222222222223,-0.48704663212435234
pfim_metaweb,G3,72,28,0.13010204081632654,3,0.790610335850184,3.112728937728937,2.0,1.6892443153121253,0.7096245515367301,2.6785714285714284,-0.21033210332103322,-0.9037433155080213
pfim_downsample,G3,72,28,0.08035714285714286,4,0.9279038889636269,3.025129629629629,2.0,1.7090629610540458,0.8434909062982084,1.2857142857142858,0.2037037037037037,-0.6410256410256411
random,G3,72,28,0.12755102040816327,6,0.9277477272789734,1.636472727094274,1.0,0.4272218610025926,0.5136362742468858,2.607142857142857,0.7452830188679245,0.11351351351351352
adbm,G4,72,44,0.31043388429752067,1,0.7746235974612418,4.214041747665101,2.0,0.7694591820996303,0.9440468476862661,12.681818181818182,-1.0,0.16987542468856173
bodymassratio,G4,72,44,0.17613636363636365,5,0.8622676998696553,7.7515010769165595,3.0,0.5703853078104051,0.5531543371760144,6.7727272727272725,0.6817785527462947,-0.010473397570171765
lmatrix,G4,72,44,0.23243801652892562,2,0.7919570211992222,3.099821814216246,3.0,1.1482152073995489,0.8704390172133478,9.25,-0.893353941267388,-0.19792811175639616
niche,G4,72,44,0.15857438016528927,4,0.8641984879815542,5.87864527246979,2.0,1.016966727167996,0.5167460295977012,6.0,0.20112123335669235,-0.38971807628524047
pfim_metaweb,G4,72,44,0.1368801652892562,3,0.8504460455213982,3.1108560831960643,3.0,1.4653071707061418,0.5932664067256673,5.045454545454546,-0.19746835443037974,-0.6612149532710281
pfim_downsample,G4,72,44,0.08677685950413223,4,0.9360554842296508,2.9487632111482185,4.0,1.432589403083573,0.6831339108065615,2.840909090909091,0.2222222222222222,-0.4969173859432799
random,G4,72,44,0.1859504132231405,3,0.93040780905782,0.6379428867054784,1.0,0.24624658691566495,0.3198836997962679,7.204545454545454,0.611749680715198,0.016778523489932886
adbm,G1,73,47,0.28791308284291534,1,0.7858032786497011,4.086661346941764,2.0,0.8378987627572855,0.9711209019474304,12.553191489361701,-1.0,0.12133891213389121
bodymassratio,G1,73,47,0.19013128112267993,4,0.8340179210427571,6.129226222704741,4.0,0.6654843849612331,0.6434383156262703,7.957446808510638,0.595108695652174,-0.014266487213997309
lmatrix,G1,73,47,0.21321865097329107,2,0.8075789914201812,3.2927124316785967,3.0,1.2031312455428547,0.9451791871677147,9.042553191489361,-0.8913963328631875,-0.18353885861772298
niche,G1,73,47,0.21910366681756452,4,0.8373962777654488,2.9999999999999982,2.0,1.0627782838973874,0.578376992521062,9.319148936170214,-0.2534273403838621,-0.5481727574750831
pfim_metaweb,G1,73,47,0.11815301041195111,4,0.8315850490246237,2.6510787329285788,3.0,1.7514742960613416,0.5464685034798675,4.574468085106383,-0.42614601018675724,-0.7494543867306853
pfim_downsample,G1,73,47,0.06835672249886826,4,0.9528380257316751,2.943035800178657,2.0,1.785610051109874,0.6051419282979783,2.234042553191489,0.3333333333333333,-0.6384439359267735
random,G1,73,47,0.2037120869171571,3,0.9303320078395723,0.5794447679778224,1.0,0.271786598108577,0.2803762520735034,8.595744680851064,0.5987493486190725,0.0070830650354153256
adbm,G2,73,20,0.2775,1,0.8125486614088763,3.242592592592592,2.0,1.0432367737048514,0.8816821554092619,4.6,-1.0,-0.1566265060240964
bodymassratio,G2,73,20,0.17,4,0.8858654284564366,6.439814814814815,1.0,0.6774457905440421,0.8119486487876404,2.45,0.751412429378531,0.09090909090909091
lmatrix,G2,73,20,0.2,1,0.860077782389275,3.12156862745098,2.0,1.0163142903856588,1.3028309257354278,3.05,-1.0,0.21085594989561587
niche,G2,73,17,0.08304498269896193,4,0.9422140786710529,3.5,2.0,1.2784097923679332,0.7109327304479814,0.47058823529411764,1.0,-0.38095238095238093
pfim_metaweb,G2,73,20,0.175,3,0.7922802242263642,3.4594696969696974,2.0,1.4846149779161804,0.5676567244564473,2.55,-0.0963855421686747,-1.0
pfim_downsample,G2,73,20,0.125,3,0.9143027535710195,3.499999999999999,2.0,1.4825298434912213,0.642364054837573,1.55,0.31868131868131866,-0.7592592592592593
random,G2,73,18,0.07407407407407407,6,0.9582406225552151,4.875,3.0,0.6806139097297726,0.8134892168199607,0.3888888888888889,0.9333333333333333,0.13043478260869565
adbm,G3,73,28,0.29846938775510207,1,0.8101486489638297,3.446126534284429,2.0,0.9540544452906546,0.8162612759716962,7.392857142857143,-1.0,-0.12721238938053098
bodymassratio,G3,73,28,0.19387755102040816,4,0.8611089090037419,6.167531415343915,1.0,0.5834487420461716,0.6428893049810465,4.464285714285714,0.6888217522658611,0.03780964797913951
lmatrix,G3,73,28,0.2066326530612245,1,0.806392720483068,2.9966183574879226,2.0,0.9529215121341483,1.219764934067369,4.821428571428571,-1.0,0.17702702702702702
niche,G3,73,24,0.16666666666666666,3,0.8764082145815354,3.900955714075754,2.0,0.8242255917447338,0.8877181299606703,3.0416666666666665,0.17757009345794392,0.058823529411764705
pfim_metaweb,G3,73,28,0.13010204081632654,3,0.790610335850184,3.112728937728937,2.0,1.6892443153121253,0.7096245515367301,2.6785714285714284,-0.21033210332103322,-0.9037433155080213
pfim_downsample,G3,73,28,0.08035714285714286,3,0.9239213358567695,3.0761805555555557,2.0,1.7471644020083446,0.8170564003839158,1.2857142857142858,0.08943089430894309,-0.772972972972973
random,G3,73,28,0.15433673469387754,5,0.9224817912711325,1.0516573559612556,1.0,0.3781637733531068,0.4320182297972695,3.357142857142857,0.7706093189964157,0.0045662100456621
adbm,G4,73,44,0.3114669421487603,1,0.7800369898080721,4.0333909551143545,2.0,0.7944475517048372,0.9119981423976954,12.727272727272727,-1.0,0.11141678129298486
bodymassratio,G4,73,44,0.18078512396694216,4,0.8511318716682553,6.17257929453414,1.0,0.5921120482990224,0.5877509360185637,6.9772727272727275,0.6075689016865488,-0.00288421920065925
lmatrix,G4,73,44,0.23760330578512398,2,0.8029428083193199,3.209876818322381,3.0,1.099047814022376,0.8806512734870432,9.477272727272727,-0.8994826311899483,-0.1577639751552795
niche,G4,73,44,0.0996900826446281,3,0.8953213450369919,4.672190493689561,2.0,0.9612370843468857,0.6145238854150585,3.409090909090909,0.6363636363636364,-0.21690767519466073
pfim_metaweb,G4,73,44,0.1368801652892562,3,0.8504460455213982,3.1108560831960643,3.0,1.4653071707061418,0.5932664067256673,5.045454545454546,-0.19746835443037974,-0.6612149532710281
pfim_downsample,G4,73,44,0.08677685950413223,5,0.9342517590060595,3.5549420905020623,3.0,1.4915077151870098,0.6784475611139439,2.840909090909091,0.24260355029585798,-0.5179233621755254
random,G4,73,44,0.10640495867768596,5,0.9391628751214272,1.0307154980766131,1.0,0.3620467173457616,0.36204671734576166,3.7045454545454546,0.7860199714693296,-0.006666666666666667
adbm,G1,74,47,0.3046627433227705,1,0.7702153705316711,3.831089393310362,2.0,0.8623694155281793,0.8672733125014741,13.340425531914894,-1.0,0.004487323311644604
bodymassratio,G1,74,47,0.1842462652784065,5,0.83124528437089,6.852704179604291,3.0,0.6173246442651863,0.5465875549305125,7.680851063829787,0.7905203844879019,-0.038819026790595956
lmatrix,G1,74,47,0.22000905387052966,1,0.7755546842946393,2.910727461838573,2.0,1.0793963542200606,1.0209286859529194,9.361702127659575,-1.0,-0.040116896918172155
niche,G1,74,47,0.05432322317790855,4,0.9276745361125249,4.479166666666666,2.0,0.8864230214445358,0.9621897831217922,1.574468085106383,0.9267015706806283,0.06635071090047394
pfim_metaweb,G1,74,47,0.11815301041195111,4,0.8315850490246237,2.6510787329285788,3.0,1.7514742960613416,0.5464685034798675,4.574468085106383,-0.42614601018675724,-0.7494543867306853
pfim_downsample,G1,74,47,0.06835672249886826,4,0.9409917553295538,2.633453525641026,4.0,1.7558750074796767,0.6520492562027749,2.234042553191489,0.14644351464435146,-0.6666666666666666
random,G1,74,47,0.06382978723404255,7,0.9378521394515891,644.0078244228943,1.0,0.48653363279984113,0.5689213456924789,2.021276595744681,0.8947368421052632,0.036585365853658534
adbm,G2,74,20,0.29,1,0.7784114691054299,2.7674619498148916,2.0,1.0826649825995198,0.7044688514945697,4.85,-1.0,-0.34069400630914826
bodymassratio,G2,74,20,0.185,4,0.8666422137152008,5.309027777777779,1.0,0.614436800955963,0.7129140979749673,2.75,0.6930232558139535,0.06827309236947791
lmatrix,G2,74,20,0.2175,1,0.7437279193276938,2.555555555555556,2.0,0.7203301107803607,1.3677169561496,3.4,-1.0,0.4084033613445378
niche,G2,74,20,0.1725,4,0.9004916497742621,5.027777777777778,1.0,0.8383673772056703,0.6747102065739001,2.5,0.04225352112676056,-0.2072072072072072
pfim_metaweb,G2,74,20,0.175,3,0.7922802242263642,3.4594696969696974,2.0,1.4846149779161804,0.5676567244564473,2.55,-0.0963855421686747,-1.0
pfim_downsample,G2,74,20,0.125,3,0.8994638389089481,3.7405423280423276,3.0,1.543748002342624,0.6805570473787205,1.55,0.10416666666666667,-0.8363636363636363
random,G2,74,20,0.2,4,0.9209005265010958,0.8985745894957776,1.0,0.4214636152117623,0.3627381250550058,3.05,0.6363636363636364,-0.10344827586206896
adbm,G3,74,28,0.2869897959183674,1,0.7692057132218674,2.7410879629629643,2.0,1.0830200454463397,0.6986333252078605,7.071428571428571,-1.0,-0.3150395778364116
bodymassratio,G3,74,28,0.18494897959183673,4,0.8628849318033995,5.323670634920633,4.0,0.5309299792679387,0.7032579313256492,4.214285714285714,0.7293934681181959,0.10799438990182328
lmatrix,G3,74,28,0.2181122448979592,1,0.7410197933097774,2.615384615384615,2.0,0.7736114944633307,1.2949515955569189,5.142857142857143,-1.0,0.32035398230088497
niche,G3,74,27,0.102880658436214,4,0.9124998610744894,4.666666666666666,2.0,1.2838403926680895,0.5123700585739539,1.8148148148148149,0.65,-0.5
pfim_metaweb,G3,74,28,0.13010204081632654,3,0.790610335850184,3.112728937728937,2.0,1.6892443153121253,0.7096245515367301,2.6785714285714284,-0.21033210332103322,-0.9037433155080213
pfim_downsample,G3,74,28,0.08035714285714286,4,0.9349043218647974,3.3690129449838193,2.0,1.7555190911460188,0.7804187965076103,1.2857142857142858,0.3111111111111111,-0.6390243902439025
random,G3,74,28,0.12244897959183673,6,0.9292031459051824,0.9660734505874051,1.0,0.36746545987008206,0.4157397096415491,2.4642857142857144,0.7864077669902912,0.1038961038961039
adbm,G4,74,44,0.31043388429752067,1,0.7551324410667157,2.942710317460318,2.0,0.8582889906533551,0.837561366047858,12.681818181818182,-1.0,-0.018653261013361556
bodymassratio,G4,74,44,0.1802685950413223,4,0.8543646610760521,5.874240113804844,3.0,0.5282112659362437,0.5296090308638763,6.954545454545454,0.7575020275750203,0.0007757951900698216
lmatrix,G4,74,44,0.23398760330578514,1,0.7737628570161027,2.736208236208236,2.0,1.005395301472539,0.990223329563913,9.318181818181818,-1.0,-0.010160506552790457
niche,G4,74,44,0.26911157024793386,3,0.8109839264282661,5.2876753520039355,3.0,0.7755107457413302,0.45930892131912404,10.863636363636363,0.014428412874583796,-0.31470829909613807
pfim_metaweb,G4,74,44,0.1368801652892562,3,0.8504460455213982,3.1108560831960643,3.0,1.4653071707061418,0.5932664067256673,5.045454545454546,-0.19746835443037974,-0.6612149532710281
pfim_downsample,G4,74,44,0.08677685950413223,4,0.9334773839875918,2.9239280397628846,3.0,1.4612540530957159,0.6665875605653302,2.840909090909091,0.28792569659442724,-0.5159386068476978
random,G4,74,44,0.2303719008264463,3,0.9276843096065873,0.7696972542268372,1.0,0.26878353544777,0.2906322660750458,9.159090909090908,0.5006490696668109,-0.005980861244019139
adbm,G1,75,47,0.3042100497962879,1,0.7742797300234625,3.678409417828933,2.0,0.836609886436892,0.9000472334605952,13.319148936170214,-1.0,0.05952654562169616
bodymassratio,G1,75,47,0.18515165233137165,4,0.8477926448025241,6.351765388302201,1.0,0.5849284588252176,0.5618991471792852,7.723404255319149,0.6902625456962446,-0.013674197384066587
lmatrix,G1,75,47,0.2209144409234948,1,0.779894196808861,2.862191613242031,2.0,1.0813832990182872,1.0160058243069512,9.404255319148936,-1.0,-0.04524886877828054
niche,G1,75,47,0.08148483476686283,4,0.9070842292937513,4.54743573950891,2.0,0.9606481529984673,0.48794512551923475,2.851063829787234,0.6482213438735178,-0.3421487603305785
pfim_metaweb,G1,75,47,0.11815301041195111,4,0.8315850490246237,2.6510787329285788,3.0,1.7514742960613416,0.5464685034798675,4.574468085106383,-0.42614601018675724,-0.7494543867306853
pfim_downsample,G1,75,47,0.06835672249886826,4,0.9372784260824194,2.8853248089359202,3.0,1.7844301628574015,0.6455569188661555,2.234042553191489,0.11504424778761062,-0.6584317937701396
random,G1,75,47,0.06518786781349027,8,0.943513295048278,29.723838575855755,3.0,0.5628763576621686,0.5111253050171535,2.0851063829787235,0.8950276243093923,-0.024128686327077747
adbm,G2,75,20,0.3075,1,0.8061198956377789,3.495167169431874,2.0,0.9292583532431825,0.8194439321978051,5.2,-1.0,-0.11292962356792144
bodymassratio,G2,75,20,0.1775,4,0.8804048202909195,6.0651620370370365,4.0,0.6026007108367423,0.6620428017410511,2.6,0.6296296296296297,0.04568527918781726
lmatrix,G2,75,20,0.2275,1,0.8142950948906094,2.8742296918767507,2.0,0.9472582491228426,1.1463997236470689,3.6,-1.0,0.148014440433213
niche,G2,75,19,0.09418282548476455,3,0.93186474836631,4.0,2.0,1.0794113194777446,0.7809978928099778,0.8421052631578947,0.47619047619047616,-0.3076923076923077
pfim_metaweb,G2,75,20,0.175,3,0.7922802242263642,3.4594696969696974,2.0,1.4846149779161804,0.5676567244564473,2.55,-0.0963855421686747,-1.0
pfim_downsample,G2,75,20,0.125,3,0.9016456144870967,3.446134868421052,2.0,1.5546196014662745,0.6928203230275509,1.55,0.22916666666666666,-0.8556701030927835
random,G2,75,20,0.1125,7,0.9470970401956342,20.029039572818363,1.0,0.4969039949999533,0.6744188651854267,1.3,0.7575757575757576,0.23636363636363636
adbm,G3,75,28,0.2857142857142857,1,0.7981999457398093,3.579318181818183,2.0,0.9604445344233594,0.855943274340589,7.035714285714286,-1.0,-0.09050772626931568
bodymassratio,G3,75,28,0.19642857142857142,4,0.8666911409305259,6.078879837257261,4.0,0.5674574507146724,0.6518087193899668,4.535714285714286,0.5698324022346368,0.06086956521739131
lmatrix,G3,75,28,0.20280612244897958,1,0.8153612889246609,2.94015873015873,2.0,1.0324715240355855,1.1789379209659314,4.714285714285714,-1.0,0.09894736842105263
niche,G3,75,27,0.18792866941015088,6,0.8675625942967143,5.361111111111111,3.0,0.9638289992265634,0.6060288021773834,4.111111111111111,0.03812316715542522,-0.3385012919896641
pfim_metaweb,G3,75,28,0.13010204081632654,3,0.790610335850184,3.112728937728937,2.0,1.6892443153121253,0.7096245515367301,2.6785714285714284,-0.21033210332103322,-0.9037433155080213
pfim_downsample,G3,75,28,0.08035714285714286,3,0.9305962258091598,2.946363636363636,3.0,1.700480041962814,0.7614392071658901,1.2857142857142858,0.31868131868131866,-0.5887850467289719
random,G3,75,28,0.24362244897959184,3,0.9197868854990122,0.4578962385396261,1.0,0.3091912535290895,0.3291419522307902,5.857142857142857,0.4989816700610998,-0.013850415512465374
adbm,G4,75,44,0.31663223140495866,1,0.7722063603018557,3.528049625951692,2.0,0.7913629735563993,0.8921408263115759,12.954545454545455,-1.0,0.0982787340366463
bodymassratio,G4,75,44,0.17665289256198347,4,0.8526040322566031,6.351351493644786,4.0,0.5422024709247214,0.5248873736434202,6.795454545454546,0.6661073825503355,-0.010619469026548672
lmatrix,G4,75,44,0.23760330578512398,1,0.7857573917806517,2.8861744662660014,2.0,1.0810899316328124,0.9119864843331165,9.477272727272727,-1.0,-0.12007277137659188
niche,G4,75,44,0.25464876033057854,3,0.8260398540173349,6.18732280296728,2.0,0.8600621511122548,0.5493552477627393,10.227272727272727,-0.1566778217219349,-0.3395910157559504
pfim_metaweb,G4,75,44,0.1368801652892562,3,0.8504460455213982,3.1108560831960643,3.0,1.4653071707061418,0.5932664067256673,5.045454545454546,-0.19746835443037974,-0.6612149532710281
pfim_downsample,G4,75,44,0.08677685950413223,4,0.9404112347515873,3.1386915298095164,3.0,1.4623453187071995,0.6737286147025746,2.840909090909091,0.32,-0.47205707491082044
random,G4,75,44,0.2334710743801653,3,0.9249849282039359,0.5527033336357574,1.0,0.3328482186027768,0.2522457851324495,9.295454545454545,0.5285132382892057,-0.05326231691078562
adbm,G1,76,47,0.29289271163422365,1,0.780236300242975,3.592762777644004,2.0,0.8543307092842073,0.9322810162308484,12.787234042553191,-1.0,0.06997118155619597
bodymassratio,G1,76,47,0.18288818469895882,5,0.844911645443073,6.704194525038478,4.0,0.5999395098430979,0.592537555986263,7.617021276595745,0.6959887403237157,-0.0043949604453559915
lmatrix,G1,76,47,0.2145767315527388,1,0.7976968867287136,3.0439098784001963,2.0,1.1704640589682955,0.9622053325703017,9.106382978723405,-1.0,-0.1396693103911816
niche,G1,76,47,0.19420552286102308,4,0.8480524901331442,6.382318447208895,2.0,1.0367400689386677,0.34084413975712397,8.148936170212766,0.10133843212237094,-0.6378291241268136
pfim_metaweb,G1,76,47,0.11815301041195111,4,0.8315850490246237,2.6510787329285788,3.0,1.7514742960613416,0.5464685034798675,4.574468085106383,-0.42614601018675724,-0.7494543867306853
pfim_downsample,G1,76,47,0.06835672249886826,4,0.9467269080026841,2.783730158730158,4.0,1.7926730727270073,0.6051419282979783,2.234042553191489,0.11312217194570136,-0.6901408450704225
random,G1,76,47,0.14712539610683567,4,0.9375249824960874,0.7902776522569879,1.0,0.3462241474505342,0.2555658783735313,5.9361702127659575,0.7065217391304348,-0.054455445544554455
adbm,G2,76,20,0.3,1,0.7915562737123173,2.9814991181657855,2.0,0.9882348845970289,0.7965569182278239,5.05,-1.0,-0.1933884297520661
bodymassratio,G2,76,20,0.1725,4,0.883905231323361,5.250277777777778,1.0,0.6681242977714376,0.6200673981073723,2.5,0.6994818652849741,-0.03414634146341464
lmatrix,G2,76,20,0.2275,1,0.8054428974209561,2.742857142857143,2.0,0.9364613926917441,1.1486152049360803,3.6,-1.0,0.1556350626118068
niche,G2,76,19,0.08033240997229917,6,0.9474481788969187,4.459259259259259,2.0,1.0328851008972084,0.6684478780941936,0.5789473684210527,0.625,-0.42857142857142855
pfim_metaweb,G2,76,20,0.175,3,0.7922802242263642,3.4594696969696974,2.0,1.4846149779161804,0.5676567244564473,2.55,-0.0963855421686747,-1.0
pfim_downsample,G2,76,20,0.125,3,0.9155663211523132,3.3158584534731315,2.0,1.5491933384829668,0.6155870112510925,1.55,0.3181818181818182,-0.7796610169491526
random,G2,76,19,0.08310249307479224,4,0.9506863172666744,6.0,3.0,1.143041210926598,0.6443486518843546,0.631578947368421,0.6,-0.45454545454545453
adbm,G3,76,28,0.27933673469387754,1,0.7911992106768719,3.0298505028244045,2.0,0.9916065175932401,0.8678824897152384,6.857142857142857,-1.0,-0.11137162954279015
bodymassratio,G3,76,28,0.1951530612244898,4,0.8500586886361415,5.263327922077921,4.0,0.5840134680630832,0.663555186510132,4.5,0.6403100775193798,0.05221932114882506
lmatrix,G3,76,28,0.20153061224489796,1,0.8134950337811385,2.850000000000001,2.0,1.0380661572216756,1.1894943087389747,4.678571428571429,-1.0,0.10290986515259049
niche,G3,76,28,0.11862244897959184,3,0.9051412273641835,4.940067441239316,2.0,0.9834906002964745,0.6858408344267795,2.357142857142857,0.5159817351598174,-0.24836601307189543
pfim_metaweb,G3,76,28,0.13010204081632654,3,0.790610335850184,3.112728937728937,2.0,1.6892443153121253,0.7096245515367301,2.6785714285714284,-0.21033210332103322,-0.9037433155080213
pfim_downsample,G3,76,28,0.08035714285714286,3,0.931829648510685,2.844722222222222,2.0,1.6961722958612933,0.8080527492322751,1.2857142857142858,0.49295774647887325,-0.49107142857142855
random,G3,76,28,0.1326530612244898,6,0.9250277447441364,1.0968573589137003,1.0,0.4567654432782013,0.37974119472688994,2.75,0.7547892720306514,-0.033816425120772944
adbm,G4,76,44,0.3052685950413223,1,0.780892570645791,4.028818896805942,2.0,0.786333118712449,0.9511790163634293,12.454545454545455,-1.0,0.15910067306315337
bodymassratio,G4,76,44,0.1756198347107438,5,0.8534468219673713,7.197470982104316,4.0,0.6433546505663944,0.6292768690865168,6.75,0.6530232558139535,-0.008911274699728787
lmatrix,G4,76,44,0.22933884297520662,2,0.7953110647161582,3.160636432317024,3.0,1.1889621963677535,0.8551090062348237,9.113636363636363,-0.890625,-0.23669201520912547
niche,G4,76,44,0.16425619834710745,4,0.8521342514610214,5.506765432098765,2.0,1.0030425169793724,0.7916816722783855,6.25,-0.15208613728129206,-0.21720881427072403
pfim_metaweb,G4,76,44,0.1368801652892562,3,0.8504460455213982,3.1108560831960643,3.0,1.4653071707061418,0.5932664067256673,5.045454545454546,-0.19746835443037974,-0.6612149532710281
pfim_downsample,G4,76,44,0.08677685950413223,4,0.931047918792241,2.904633412331858,3.0,1.5095802274863848,0.671356703111577,2.840909090909091,0.2602040816326531,-0.5756154747948418
random,G4,76,44,0.14049586776859505,5,0.9275423754863309,1.0051118249629136,1.0,0.35453357143027125,0.3997162427980359,5.204545454545454,0.7494692144373672,0.013079667063020214
adbm,G1,77,47,0.29334540516070623,1,0.7753024063327739,4.0316536987499605,2.0,0.8346787041496374,0.9465252006163462,12.808510638297872,-1.0,0.10070528384784368
bodymassratio,G1,77,47,0.18967858759619738,5,0.83797850035728,6.778579499973522,1.0,0.6062469192697022,0.6200761061380455,7.9361702127659575,0.7176389368312047,0.008004131164471986
lmatrix,G1,77,47,0.20823902218198279,2,0.8043221321151652,3.0564581598063043,3.0,1.1756152330299914,0.997675032118755,8.808510638297872,-0.9380603096984516,-0.12344248044045204
niche,G1,77,44,0.05268595041322314,4,0.9156222889820915,5.0,2.0,1.4435669179374697,0.9104460208818744,1.3409090909090908,0.7258064516129032,-0.3425925925925926
pfim_metaweb,G1,77,47,0.11815301041195111,4,0.8315850490246237,2.6510787329285788,3.0,1.7514742960613416,0.5464685034798675,4.574468085106383,-0.42614601018675724,-0.7494543867306853
pfim_downsample,G1,77,47,0.06835672249886826,4,0.9373717635581763,2.7167272727272724,3.0,1.8287308302397118,0.6711495538033803,2.234042553191489,0.2777777777777778,-0.6195652173913043
random,G1,77,47,0.05296514259846084,9,0.9562555103362371,231.76103960907088,4.0,0.5734643144457223,0.5154768315076416,1.5106382978723405,0.8847736625514403,-0.05660377358490566
adbm,G2,77,20,0.3075,1,0.7775519121538486,2.9670231729055256,2.0,1.0054971345816002,0.7428430438082175,5.2,-1.0,-0.2534562211981567
bodymassratio,G2,77,20,0.165,4,0.8840957821774112,5.308427640603566,5.0,0.7028047815149006,0.6818624830548238,2.35,0.7126436781609196,-0.014925373134328358
lmatrix,G2,77,20,0.225,1,0.7837301619007653,2.6200000000000006,2.0,0.7714866705983852,1.2745318548364544,3.55,-1.0,0.32781456953642385
niche,G2,77,20,0.19,3,0.8886015476680067,4.856523334160053,3.0,0.756947700091339,0.4645157632410989,2.85,0.42995169082125606,-0.17575757575757575
pfim_metaweb,G2,77,20,0.175,3,0.7922802242263642,3.4594696969696974,2.0,1.4846149779161804,0.5676567244564473,2.55,-0.0963855421686747,-1.0
pfim_downsample,G2,77,20,0.125,3,0.8914228846479951,3.85928445452255,2.0,1.53828339049529,0.6928203230275509,1.55,0.14606741573033707,-0.8421052631578947
random,G2,77,20,0.1475,9,0.9213639441089879,2.1166417414045786,1.0,0.4464048383122396,0.4853498665517407,2.0,0.7567567567567568,0.13333333333333333
adbm,G3,77,28,0.27933673469387754,1,0.7814956979163008,3.022048982722357,2.0,1.0668990639898661,0.7695294582463822,6.857142857142857,-1.0,-0.25013865779256794
bodymassratio,G3,77,28,0.1875,3,0.8592702188413276,5.267393162393163,1.0,0.5833558286703797,0.7523653247768651,4.285714285714286,0.6864,0.10966057441253264
lmatrix,G3,77,28,0.19770408163265307,1,0.7868897277520293,2.741071428571429,2.0,0.8145476530800659,1.3752975411820951,4.571428571428571,-1.0,0.3382157123834887
niche,G3,77,27,0.09327846364883402,3,0.8998249781845453,3.338149350649351,3.0,1.4118707539355264,0.6732042922948626,1.5555555555555556,0.6385542168674698,-0.4517374517374517
pfim_metaweb,G3,77,28,0.13010204081632654,3,0.790610335850184,3.112728937728937,2.0,1.6892443153121253,0.7096245515367301,2.6785714285714284,-0.21033210332103322,-0.9037433155080213
pfim_downsample,G3,77,28,0.08035714285714286,3,0.9146282009549703,3.2330658105939,3.0,1.6788307817589705,0.8347724199692329,1.2857142857142858,0.4126984126984127,-0.6813186813186813
random,G3,77,28,0.06887755102040816,10,0.9592875605159685,5.0694639758950615,3.0,0.629992633193732,0.629992633193732,0.9642857142857143,0.875,-0.06666666666666667
adbm,G4,77,44,0.309400826446281,1,0.7606311912313178,3.1795132663498618,2.0,0.8322966593689136,0.8770758633442836,12.636363636363637,-1.0,0.04021094264996704
bodymassratio,G4,77,44,0.17613636363636365,4,0.8529434863968676,6.206695778720944,5.0,0.5353690709289257,0.5690260319841473,6.7727272727272725,0.7152428810720268,0.01991701244813278
lmatrix,G4,77,44,0.23140495867768596,1,0.7745330116977404,2.8589056067771237,2.0,1.059341427307939,0.9593280331945376,9.204545454545455,-1.0,-0.06822316555488174
niche,G4,77,44,0.06766528925619834,5,0.9198007910655687,4.438823755745513,5.0,1.3829425762253793,0.44939518315483046,2.0,0.36416184971098264,-0.7112299465240641
pfim_metaweb,G4,77,44,0.1368801652892562,3,0.8504460455213982,3.1108560831960643,3.0,1.4653071707061418,0.5932664067256673,5.045454545454546,-0.19746835443037974,-0.6612149532710281
pfim_downsample,G4,77,44,0.08677685950413223,4,0.9394036161680098,3.249311542580191,3.0,1.4546892681777204,0.7015663388044643,2.840909090909091,0.26854219948849106,-0.49876543209876545
random,G4,77,44,0.07386363636363637,8,0.9389745551203722,101.02024419420259,4.0,0.608639238676533,0.47909368130871083,2.272727272727273,0.8575498575498576,-0.12538226299694188
adbm,G1,78,47,0.3046627433227705,1,0.7717694212494441,3.752757496247027,2.0,0.8207950983605897,0.9168357222561501,13.340425531914894,-1.0,0.08689411504913326
bodymassratio,G1,78,47,0.1751923947487551,5,0.850184175561561,6.567678206866831,3.0,0.6183346874446073,0.5379150113756936,7.25531914893617,0.6826196473551638,-0.048903878583473864
lmatrix,G1,78,47,0.23042100497962878,1,0.7860576531320326,3.041828425407965,2.0,1.0789543028164903,0.9627507842791565,9.851063829787234,-1.0,-0.0807061790668348
niche,G1,78,47,0.22906292440018108,4,0.8416090012545815,5.701784474589281,2.0,0.9111607562451998,0.5047616403996453,9.787234042553191,-0.11412708204811844,-0.4431664411366712
pfim_metaweb,G1,78,47,0.11815301041195111,4,0.8315850490246237,2.6510787329285788,3.0,1.7514742960613416,0.5464685034798675,4.574468085106383,-0.42614601018675724,-0.7494543867306853
pfim_downsample,G1,78,47,0.06835672249886826,3,0.9429194637356838,2.4445301783264743,3.0,1.7713995236853932,0.5946091219080425,2.234042553191489,0.19642857142857142,-0.6817625458996328
random,G1,78,47,0.23087369850611136,3,0.9362676768776572,0.5038941760753007,1.0,0.26346207731900706,0.2453178894631632,9.872340425531915,0.547104580812446,-0.010011123470522803
adbm,G2,78,20,0.305,1,0.7949146941428216,3.160055304172951,2.0,0.9542646822288965,0.8323438115329383,5.15,-1.0,-0.12727272727272726
bodymassratio,G2,78,20,0.15,5,0.8834542399937186,6.608333333333334,4.0,0.5722633835193014,1.002919714242558,2.05,0.6690647482014388,0.30851063829787234
lmatrix,G2,78,20,0.2375,1,0.821381247009194,3.047222222222222,2.0,0.9262024609597272,1.1984827848435742,3.8,-1.0,0.22142857142857142
niche,G2,78,20,0.17,5,0.8949767657755708,5.258251448727639,3.0,0.9889205938771598,0.6569744063557171,2.45,0.015625,-0.34814814814814815
pfim_metaweb,G2,78,20,0.175,3,0.7922802242263642,3.4594696969696974,2.0,1.4846149779161804,0.5676567244564473,2.55,-0.0963855421686747,-1.0
pfim_downsample,G2,78,20,0.125,3,0.9290427370602075,3.5117394179894172,2.0,1.4825298434912213,0.6291180125256394,1.55,0.14285714285714285,-0.8367346938775511
random,G2,78,20,0.1575,7,0.9297120564507682,2.0590681088106626,1.0,0.49690399499995336,0.5476826086392227,2.2,0.7142857142857143,-0.038461538461538464
adbm,G3,78,28,0.3048469387755102,1,0.7854442582042072,3.340077359173334,2.0,0.9298777280466444,0.8219301344634239,7.571428571428571,-1.0,-0.10344827586206896
bodymassratio,G3,78,28,0.16964285714285715,5,0.8651354596015631,6.596391706484181,3.0,0.5860804592452654,0.7764355476398948,3.7857142857142856,0.6889763779527559,0.12559618441971382
lmatrix,G3,78,28,0.2308673469387755,1,0.8189819406899214,3.0882783882783893,2.0,0.9596168913373696,1.1238272649293737,5.5,-1.0,0.12524334847501623
niche,G3,78,27,0.1440329218106996,4,0.8852285075998891,4.3999999999999995,3.0,1.161712588443272,0.5720326477383026,2.925925925925926,0.16455696202531644,-0.5043731778425656
pfim_metaweb,G3,78,28,0.13010204081632654,3,0.790610335850184,3.112728937728937,2.0,1.6892443153121253,0.7096245515367301,2.6785714285714284,-0.21033210332103322,-0.9037433155080213
pfim_downsample,G3,78,28,0.08035714285714286,3,0.8830972001125916,3.29090909090909,2.0,1.8802756902218196,0.9021642422935856,1.2857142857142858,0.008130081300813009,-0.797979797979798
random,G3,78,28,0.17091836734693877,4,0.922365212567343,1.5096505914365608,1.0,0.3830091890241349,0.3830091890241349,3.8214285714285716,0.6940298507462687,-0.013574660633484163
adbm,G4,78,44,0.3259297520661157,1,0.7614174066998161,3.6148284991993873,2.0,0.7878993949007875,0.8752014788946539,13.363636363636363,-1.0,0.08519108280254777
bodymassratio,G4,78,44,0.1559917355371901,5,0.8772540870449059,6.638440667936183,4.0,0.5617249472466375,0.5197294600497592,5.886363636363637,0.7816826411075612,-0.02354145342886387
lmatrix,G4,78,44,0.256198347107438,1,0.7774077714793307,3.032696020782893,2.0,0.9960142479218144,0.9125930911890077,10.295454545454545,-1.0,-0.06037473976405274
niche,G4,78,44,0.22004132231404958,3,0.8336298061673417,6.532987862173494,1.0,0.8603500315428376,0.3705830010931658,8.704545454545455,0.17290552584670232,-0.4020501138952164
pfim_metaweb,G4,78,44,0.1368801652892562,3,0.8504460455213982,3.1108560831960643,3.0,1.4653071707061418,0.5932664067256673,5.045454545454546,-0.19746835443037974,-0.6612149532710281
pfim_downsample,G4,78,44,0.08677685950413223,4,0.9430139777186644,3.1961359364991924,3.0,1.4936452428119544,0.7015663388044644,2.840909090909091,0.17142857142857143,-0.5296912114014252
random,G4,78,44,0.2453512396694215,3,0.9268129957702197,0.6845965592498892,1.0,0.24269058084587541,0.3000472809485407,9.818181818181818,0.5023474178403756,0.010882708585247884
adbm,G1,79,47,0.2919873245812585,1,0.7690335564223343,3.603421891898526,2.0,0.7812328301308868,0.993871533771719,12.74468085106383,-1.0,0.18662253167446638
bodymassratio,G1,79,47,0.19058397464916252,5,0.8394636543613694,7.467142587285458,1.0,0.6357829410479783,0.6293581949363125,7.9787234042553195,0.5728402932738285,-0.004301691998852882
lmatrix,G1,79,47,0.2145767315527388,1,0.7859376837868843,3.2406875975264406,2.0,1.227160670889608,0.9208900948759295,9.106382978723405,-1.0,-0.21789607815375903
niche,G1,79,47,0.15029425079221367,4,0.8677250874707068,6.129266060317424,2.0,0.8743709583955603,0.692527059761765,6.085106382978723,0.2506948304613674,-0.17542823390431186
pfim_metaweb,G1,79,47,0.11815301041195111,4,0.8315850490246237,2.6510787329285788,3.0,1.7514742960613416,0.5464685034798675,4.574468085106383,-0.42614601018675724,-0.7494543867306853
pfim_downsample,G1,79,47,0.06835672249886826,3,0.941191659422025,2.7677804265105848,4.0,1.7450463619365328,0.6616683293331593,2.234042553191489,0.13043478260869565,-0.6638655462184874
random,G1,79,47,0.2114078768673608,3,0.929629819442512,0.5586246888309728,1.0,0.339940176951558,0.2940982944128228,8.957446808510639,0.5555555555555556,-0.007921998781230956
adbm,G2,79,20,0.3,1,0.7922086257234555,3.2834343434343434,2.0,0.9489914621963874,0.8752610304046613,5.05,-1.0,-0.07903780068728522
bodymassratio,G2,79,20,0.1725,3,0.8882560733168341,5.018518518518517,1.0,0.8436252987820677,0.8330762711662697,2.5,0.6071428571428571,-0.007633587786259542
lmatrix,G2,79,20,0.22,1,0.8091624270171635,3.1574074074074074,2.0,1.136124376725999,1.1480262768414315,3.45,-1.0,0.009560229445506692
niche,G2,79,18,0.18518518518518517,2,0.8955688069927756,4.2734375,2.0,0.9923234766712622,0.544491127783818,2.388888888888889,0.175,-0.25252525252525254
pfim_metaweb,G2,79,20,0.175,3,0.7922802242263642,3.4594696969696974,2.0,1.4846149779161804,0.5676567244564473,2.55,-0.0963855421686747,-1.0
pfim_downsample,G2,79,20,0.125,3,0.9237762416521865,3.348623853211008,2.0,1.565415700633373,0.6155870112510925,1.55,0.22077922077922077,-0.8518518518518519
random,G2,79,20,0.145,7,0.9326103278234804,7.795353190580746,1.0,0.47333292493328255,0.6218983995601133,1.95,0.7307692307692307,0.1724137931034483
adbm,G3,79,28,0.29464285714285715,1,0.791989205569428,3.38208604845447,2.0,0.9456185647247233,0.8619265568376668,7.285714285714286,-1.0,-0.08067324434126523
bodymassratio,G3,79,28,0.18239795918367346,3,0.8412917562381961,5.107431457431457,1.0,0.6975632391464295,0.8122999650731291,4.142857142857143,0.6865671641791045,0.07411907654921021
lmatrix,G3,79,28,0.2066326530612245,1,0.8094894220208864,3.1481227106227117,2.0,1.1175144451987211,1.1931696449562241,4.821428571428571,-1.0,0.05512909979064899
niche,G3,79,27,0.23319615912208505,3,0.8495963150928983,5.405228758169935,2.0,0.8096223944611395,0.6410934397647888,5.333333333333333,-0.12721893491124261,-0.24050632911392406
pfim_metaweb,G3,79,28,0.13010204081632654,3,0.790610335850184,3.112728937728937,2.0,1.6892443153121253,0.7096245515367301,2.6785714285714284,-0.21033210332103322,-0.9037433155080213
pfim_downsample,G3,79,28,0.08035714285714286,3,0.9217997358426747,3.0141846707818933,3.0,1.6568986735612463,0.8606629658238704,1.2857142857142858,0.15463917525773196,-0.5828877005347594
random,G3,79,28,0.22959183673469388,4,0.9238818176093406,0.7083976043238585,1.0,0.2624495074132781,0.2519970532774928,5.464285714285714,0.5694716242661448,-0.0136986301369863
adbm,G4,79,44,0.3130165289256198,1,0.764660210336296,3.570360478907731,2.0,0.773787172878765,0.9257120987520732,12.795454545454545,-1.0,0.14614850798056905
bodymassratio,G4,79,44,0.18181818181818182,4,0.8546634203091061,6.887999524464536,4.0,0.5997819371180023,0.5869214122742895,7.0227272727272725,0.8018707482993197,-0.007077856420626896
lmatrix,G4,79,44,0.22210743801652894,1,0.7799533075913337,3.1292105673764703,2.0,1.184064983825632,0.9204974645678142,8.795454545454545,-1.0,-0.18681318681318682
niche,G4,79,44,0.20041322314049587,4,0.8383636583054586,5.5472045400375505,2.0,0.9374603960208513,0.5398682327431332,7.840909090909091,0.06654170571696345,-0.399098083427283
pfim_metaweb,G4,79,44,0.1368801652892562,3,0.8504460455213982,3.1108560831960643,3.0,1.4653071707061418,0.5932664067256673,5.045454545454546,-0.19746835443037974,-0.6612149532710281
pfim_downsample,G4,79,44,0.08677685950413223,4,0.9354108711947543,3.210802622278524,3.0,1.5106365832568895,0.6321970005572465,2.840909090909091,0.28415300546448086,-0.5727272727272728
random,G4,79,44,0.1787190082644628,4,0.9304655742085552,0.8359637171686618,1.0,0.32052967669983645,0.32978267914309395,6.886363636363637,0.6064959400374765,-0.019425019425019424
adbm,G1,80,47,0.3123585332729742,1,0.7594949095931375,3.3061314351070297,2.0,0.825386231509994,0.867452011126573,13.702127659574469,-1.0,0.038457348295021246
bodymassratio,G1,80,47,0.18650973291081938,4,0.8513494058590982,6.091583194724807,4.0,0.536767688947557,0.5538875368929226,7.787234042553192,0.7554148617127624,0.009382996872334376
lmatrix,G1,80,47,0.22046174739701221,1,0.7821141612700112,2.7934332631284273,2.0,1.072309664703563,0.9853205526780412,9.382978723404255,-1.0,-0.05642073015062548
niche,G1,80,46,0.07372400756143667,5,0.9003408282330351,5.199999999999999,2.0,1.361214087263767,0.7776227891034956,2.4130434782608696,0.37373737373737376,-0.4075
pfim_metaweb,G1,80,47,0.11815301041195111,4,0.8315850490246237,2.6510787329285788,3.0,1.7514742960613416,0.5464685034798675,4.574468085106383,-0.42614601018675724,-0.7494543867306853
pfim_downsample,G1,80,47,0.06835672249886826,4,0.9397218925162429,2.617076105712469,3.0,1.7773343847063243,0.7426544874933522,2.234042553191489,0.15555555555555556,-0.5991820040899796
random,G1,80,47,0.057492077863286556,11,0.9492994296701369,161.8205486825449,3.0,0.5228859954242729,0.6120782570536601,1.7234042553191489,0.8991596638655462,-0.02459016393442623
adbm,G2,80,20,0.3,1,0.7766804277789402,3.2017740429505133,2.0,0.9837866929929178,0.8324556781837402,5.05,-1.0,-0.15210355987055016
bodymassratio,G2,80,20,0.155,4,0.8890156039211279,4.773809523809525,2.0,0.7393103332708799,0.7539806188794731,2.15,0.8758620689655172,0.009345794392523364
lmatrix,G2,80,20,0.2275,1,0.7905065699765281,2.6875,2.0,0.9364613926917441,1.2131998054643331,3.6,-1.0,0.19663865546218487
niche,G2,80,19,0.13019390581717452,4,0.9112867957895354,5.133333333333333,2.0,0.9076351798144665,0.9175835983586793,1.5263157894736843,0.28125,0.009174311926605505
pfim_metaweb,G2,80,20,0.175,3,0.7922802242263642,3.4594696969696974,2.0,1.4846149779161804,0.5676567244564473,2.55,-0.0963855421686747,-1.0
pfim_downsample,G2,80,20,0.125,3,0.9050210974868621,3.456215277777778,2.0,1.5327992967804123,0.6680687011630497,1.55,0.14814814814814814,-0.8627450980392157
random,G2,80,20,0.16,6,0.9200664254405543,41.24084190734602,1.0,0.481994895146586,0.532651016391744,2.25,0.7606837606837606,0.02702702702702703
adbm,G3,80,28,0.29846938775510207,1,0.7870555741131873,3.291541122809397,2.0,0.9590439310300667,0.8123539166765792,7.392857142857143,-1.0,-0.13454146073585943
bodymassratio,G3,80,28,0.1747448979591837,4,0.8772632052615829,5.513754960317461,4.0,0.5078032392379824,0.7195641790056948,3.9285714285714284,0.7077464788732394,0.13592233009708737
lmatrix,G3,80,28,0.22193877551020408,1,0.7896277628247842,2.7815192743764174,2.0,0.9000814689862938,1.177112264204804,5.25,-1.0,0.18337408312958436
niche,G3,80,28,0.3163265306122449,3,0.8193140126346383,6.786819880300553,3.0,0.7922403766720134,0.4342542044367456,7.892857142857143,-0.22777777777777777,-0.4957410562180579
pfim_metaweb,G3,80,28,0.13010204081632654,3,0.790610335850184,3.112728937728937,2.0,1.6892443153121253,0.7096245515367301,2.6785714285714284,-0.21033210332103322,-0.9037433155080213
pfim_downsample,G3,80,28,0.08035714285714286,3,0.9259870166165373,2.669724770642202,2.0,1.738769569526741,0.8940181229744035,1.2857142857142858,0.20634920634920634,-0.5043478260869565
random,G3,80,28,0.20790816326530612,4,0.916264967466548,0.9272986223222617,1.0,0.36530791295100323,0.35002993474946986,4.857142857142857,0.5353535353535354,0.008595988538681949
adbm,G4,80,44,0.3181818181818182,1,0.7641328219996741,3.3082033656105616,2.0,0.8045905313346854,0.8673259999147634,13.022727272727273,-1.0,0.0597135909213726
bodymassratio,G4,80,44,0.17820247933884298,4,0.8529707980876517,6.235068175285426,3.0,0.49504966760444424,0.5056339145511513,6.863636363636363,0.6905158069883528,0.006145741878841089
lmatrix,G4,80,44,0.2412190082644628,1,0.7861488881548416,2.9055252166396,2.0,1.0317541108475579,0.9281030340612741,9.636363636363637,-1.0,-0.0716365754222481
niche,G4,80,44,0.2143595041322314,4,0.8403724327830989,6.74807748112536,1.0,0.9032396719728035,0.4099272135757037,8.454545454545455,0.07685702018033491,-0.553421368547419
pfim_metaweb,G4,80,44,0.1368801652892562,3,0.8504460455213982,3.1108560831960643,3.0,1.4653071707061418,0.5932664067256673,5.045454545454546,-0.19746835443037974,-0.6612149532710281
pfim_downsample,G4,80,44,0.08677685950413223,4,0.9360543092288004,3.2453793595129428,3.0,1.5011026199324986,0.5740067346966297,2.840909090909091,0.29949238578680204,-0.6199524940617577
random,G4,80,44,0.15134297520661158,4,0.9377856546791121,0.7838275296033596,1.0,0.35469380963065134,0.3472221593903041,5.681818181818182,0.6915254237288135,-0.014492753623188406
adbm,G1,81,47,0.31643277501131734,1,0.772631121896744,4.167797720326029,2.0,0.7920674210486742,0.9095497688701957,13.893617021276595,-1.0,0.12014176018901358
bodymassratio,G1,81,47,0.1738343141693074,4,0.8525011811384355,6.439464754094876,4.0,0.6105508694816417,0.5954283681476369,7.191489361702128,0.6696629213483146,-0.009370816599732263
lmatrix,G1,81,47,0.23313716613852423,2,0.7925003227468164,3.137398927459128,2.0,1.155945582928215,0.851652787551287,9.97872340425532,-0.8053289831430125,-0.22490334622050392
niche,G1,81,47,0.05115436849253056,4,0.9375294322441309,5.0,2.0,1.302813886106825,0.5530149996416255,1.425531914893617,0.6477272727272727,-0.5179153094462541
pfim_metaweb,G1,81,47,0.11815301041195111,4,0.8315850490246237,2.6510787329285788,3.0,1.7514742960613416,0.5464685034798675,4.574468085106383,-0.42614601018675724,-0.7494543867306853
pfim_downsample,G1,81,47,0.06835672249886826,3,0.9373370260085053,2.5038690476190473,4.0,1.7690200042662632,0.695801488676899,2.234042553191489,0.1,-0.6377277599142551
random,G1,81,47,0.05975554549569941,7,0.9453585177072267,18.945616559319564,4.0,0.5283230494122552,0.5015621184158309,1.8297872340425532,0.9271523178807947,-0.02962962962962963
adbm,G2,81,20,0.3425,1,0.7938902370123705,3.344783950617283,2.0,0.8581565682148237,0.7743312648999123,5.9,-1.0,-0.10499139414802065
bodymassratio,G2,81,20,0.1675,5,0.8913633842379649,6.1899999999999995,1.0,0.5328874179845269,0.6588197410850636,2.4,0.5882352941176471,0.10666666666666667
lmatrix,G2,81,20,0.2575,1,0.8077934731870914,2.870833333333333,2.0,0.9286153272073232,1.0085190113559228,4.2,-1.0,0.06403940886699508
niche,G2,81,20,0.24,4,0.8536993227046952,5.930555555555556,2.0,0.9331649284160497,0.6813085105513563,3.85,-0.24,-0.24087591240875914
pfim_metaweb,G2,81,20,0.175,3,0.7922802242263642,3.4594696969696974,2.0,1.4846149779161804,0.5676567244564473,2.55,-0.0963855421686747,-1.0
pfim_downsample,G2,81,20,0.125,3,0.926972095331779,3.6242827334376626,3.0,1.4825298434912213,0.5875909783980153,1.55,0.5405405405405406,-0.6183206106870229
random,G2,81,20,0.2325,4,0.9097960606371537,0.7440032830146244,1.0,0.4316610314617264,0.4589905908489906,3.7,0.4868421052631579,0.020134228187919462
adbm,G3,81,28,0.3227040816326531,1,0.7793277782078812,3.400652918510061,2.0,0.8881799384656536,0.7989087261862572,8.071428571428571,-1.0,-0.09399773499433749
bodymassratio,G3,81,28,0.17219387755102042,4,0.8769084468251481,6.216393298059965,1.0,0.5646426461829935,0.6210780518189741,3.857142857142857,0.6370235934664247,0.03910614525139665
lmatrix,G3,81,28,0.23979591836734693,1,0.7963973435650025,2.852362914862916,2.0,0.9616839960075172,1.0538062059707505,5.75,-1.0,0.06714200831847891
niche,G3,81,27,0.09876543209876543,3,0.9086282287091081,4.152028218694886,2.0,0.9360565811300742,0.7783117824941562,1.7037037037037037,0.5588235294117647,-0.15976331360946747
pfim_metaweb,G3,81,28,0.13010204081632654,3,0.790610335850184,3.112728937728937,2.0,1.6892443153121253,0.7096245515367301,2.6785714285714284,-0.21033210332103322,-0.9037433155080213
pfim_downsample,G3,81,28,0.08035714285714286,3,0.9204896883782229,3.105729166666666,3.0,1.6875238147991878,0.8170564003839158,1.2857142857142858,0.2396694214876033,-0.6842105263157895
random,G3,81,27,0.11659807956104253,7,0.9347120918902613,35.848959388490975,4.0,0.5264168682620682,0.48015169282582226,2.185185185185185,0.8591549295774648,-0.032679738562091505
adbm,G4,81,44,0.3378099173553719,1,0.7634554807806302,4.231613746751575,2.0,0.7441874737776897,0.8688325185079426,13.886363636363637,-1.0,0.13672154617036505
bodymassratio,G4,81,44,0.16167355371900827,6,0.8556289266800696,8.239599814249427,4.0,0.5542461288892926,0.6072649029753078,6.136363636363637,0.6775769418661456,0.033685268979386625
lmatrix,G4,81,44,0.2556818181818182,2,0.7795608650846276,3.1596361779672293,2.0,1.081741028168996,0.796922014440686,10.272727272727273,-0.8290691344583561,-0.21974041654089949
niche,G4,81,44,0.18801652892561985,3,0.8583865240826247,4.669204605021252,3.0,1.0077671748815367,0.5037302962116907,7.295454545454546,-0.010214504596527068,-0.4527503526093089
pfim_metaweb,G4,81,44,0.1368801652892562,3,0.8504460455213982,3.1108560831960643,3.0,1.4653071707061418,0.5932664067256673,5.045454545454546,-0.19746835443037974,-0.6612149532710281
pfim_downsample,G4,81,44,0.08677685950413223,4,0.931310288985442,3.394581686531897,3.0,1.504287321603431,0.6854650709920026,2.840909090909091,0.1656441717791411,-0.5330073349633252
random,G4,81,44,0.14979338842975207,5,0.927811820877473,1.0562951679877175,1.0,0.39172933346453426,0.33420693163385584,5.613636363636363,0.7070707070707071,-0.04592314901593252
adbm,G1,82,47,0.30692621095518335,1,0.7590433545719509,4.270712913647198,2.0,0.7645542123528282,0.9754131013016528,13.446808510638299,-1.0,0.19900271985494106
bodymassratio,G1,82,47,0.16613852421910366,5,0.8474868350712319,6.753971099056798,3.0,0.6811420424077177,0.6139700510738509,6.829787234042553,0.6644762272902976,-0.04341637010676157
lmatrix,G1,82,47,0.23902218198279765,2,0.7916349270405949,3.339845310916299,2.0,1.1343777250733074,0.8313588268022805,10.25531914893617,-0.8288238542241856,-0.22073279714030383
niche,G1,82,46,0.11058601134215501,4,0.8840472458629197,4.769699089568966,2.0,1.023419563216063,0.5754844713512454,4.108695652173913,0.47678369195922987,-0.32051282051282054
pfim_metaweb,G1,82,47,0.11815301041195111,4,0.8315850490246237,2.6510787329285788,3.0,1.7514742960613416,0.5464685034798675,4.574468085106383,-0.42614601018675724,-0.7494543867306853
pfim_downsample,G1,82,47,0.06835672249886826,4,0.9366159141945289,2.562038308913309,4.0,1.7618621638591156,0.7398131110521761,2.234042553191489,0.10344827586206896,-0.588865096359743
random,G1,82,47,0.10276143051154368,6,0.9365402858109318,0.9210218821649663,1.0,0.33530164599171736,0.5095813078982311,3.851063829787234,0.7887323943661971,0.11740890688259109
adbm,G2,82,20,0.3225,1,0.7876085799194863,3.5564041146761736,2.0,0.8962584198556282,0.8039937758109607,5.5,-1.0,-0.1
bodymassratio,G2,82,20,0.1575,4,0.9054930820116525,5.533854166666666,5.0,0.6853413386003391,0.7794893618567065,2.2,0.6483516483516484,0.07514450867052024
lmatrix,G2,82,20,0.25,2,0.8197243127544185,3.3287540584415583,3.0,0.8729864049101194,1.0052493799000692,4.05,-0.475,0.10085470085470086
niche,G2,82,19,0.12465373961218837,4,0.8957143012202036,3.3125,2.0,1.0551851201851181,0.9463234757276741,1.4210526315789473,0.17073170731707318,-0.05263157894736842
pfim_metaweb,G2,82,20,0.175,3,0.7922802242263642,3.4594696969696974,2.0,1.4846149779161804,0.5676567244564473,2.55,-0.0963855421686747,-1.0
pfim_downsample,G2,82,20,0.125,3,0.9065448100385801,3.4298654244306404,3.0,1.5437480023426242,0.6291180125256394,1.55,0.20454545454545456,-0.7520661157024794
random,G2,82,20,0.1425,6,0.9290718756105721,19.216282343935806,1.0,0.5492096786841588,0.5250831981107371,1.9,0.7719298245614035,0.009174311926605505
adbm,G3,82,28,0.3086734693877551,1,0.7755584973398502,3.6231665903540904,2.0,0.9347953548425146,0.8017428215347245,7.678571428571429,-1.0,-0.12347641759406465
bodymassratio,G3,82,28,0.17346938775510204,4,0.8911917278932174,5.702210627735319,6.0,0.6053607332216628,0.7342694385276842,3.892857142857143,0.6347517730496454,0.09060955518945635
lmatrix,G3,82,28,0.23979591836734693,2,0.8064300861263639,3.331964050442312,3.0,0.8683044887268918,1.0646647629458508,5.75,-0.5621621621621622,0.14042553191489363
niche,G3,82,25,0.1952,3,0.8725616393825919,5.5594616909551124,2.0,1.0437417743468052,0.5334432694855037,3.92,-0.13310580204778158,-0.5802469135802469
pfim_metaweb,G3,82,28,0.13010204081632654,3,0.790610335850184,3.112728937728937,2.0,1.6892443153121253,0.7096245515367301,2.6785714285714284,-0.21033210332103322,-0.9037433155080213
pfim_downsample,G3,82,28,0.08035714285714286,3,0.9342658469244185,3.1017783656672546,3.0,1.6391417116842224,0.808052749232275,1.2857142857142858,0.2932330827067669,-0.6721311475409836
random,G3,82,28,0.14158163265306123,5,0.9252653400277009,0.9035922136605603,1.0,0.40895270801459127,0.457889852005942,3.0,0.6932907348242812,0.030837004405286344
adbm,G4,82,44,0.318698347107438,1,0.7704545132911741,4.186018703236114,2.0,0.7405438307413214,0.9482549769656548,13.045454545454545,-1.0,0.20577216594977105
bodymassratio,G4,82,44,0.16270661157024793,5,0.857864091739772,6.752019442913308,3.0,0.6158593156829594,0.5594955997171727,6.181818181818182,0.7192307692307692,-0.034450212364322795
lmatrix,G4,82,44,0.25361570247933884,2,0.7834432521699887,3.3557551102752106,3.0,1.0963296009100905,0.7933130247803856,10.181818181818182,-0.8300418910831837,-0.224352407434509
niche,G4,82,44,0.06663223140495868,3,0.930315417929699,3.94047619047619,3.0,1.184750278780514,0.5010627182575773,1.9545454545454546,0.5769230769230769,-0.4626865671641791
pfim_metaweb,G4,82,44,0.1368801652892562,3,0.8504460455213982,3.1108560831960643,3.0,1.4653071707061418,0.5932664067256673,5.045454545454546,-0.19746835443037974,-0.6612149532710281
pfim_downsample,G4,82,44,0.08677685950413223,4,0.9361803767980315,3.0845131961067604,3.0,1.511692200856462,0.6593691724154422,2.840909090909091,0.19553072625698323,-0.5650118203309693
random,G4,82,44,0.060950413223140494,10,0.9489668235510831,121.6168650525811,1.0,0.5071589865471542,0.6620319062786582,1.7045454545454546,0.854251012145749,0.09956709956709957
adbm,G1,83,47,0.28564961521050247,1,0.7794726757359617,3.7302196066057056,2.0,0.8569984193303372,0.950166428130848,12.446808510638299,-1.0,0.08095569473440037
bodymassratio,G1,83,47,0.19420552286102308,4,0.8426971546575021,6.5164499600344925,1.0,0.59422115230606,0.5542338616467865,8.148936170212766,0.6441484300666033,-0.024242424242424242
lmatrix,G1,83,47,0.20597555454956995,1,0.8022164115734098,3.0522445474781854,2.0,1.1649126893222435,1.0189735387951881,8.702127659574469,-1.0,-0.09759909077994033
niche,G1,83,47,0.09325486645540969,5,0.891804245637898,5.648017817811019,2.0,1.0843805719022095,0.2672319409901456,3.404255319148936,0.6242236024844721,-0.5056179775280899
pfim_metaweb,G1,83,47,0.11815301041195111,4,0.8315850490246237,2.6510787329285788,3.0,1.7514742960613416,0.5464685034798675,4.574468085106383,-0.42614601018675724,-0.7494543867306853
pfim_downsample,G1,83,47,0.06835672249886826,3,0.9349720656470779,2.3962037037037036,3.0,1.7414218500351908,0.6742803364178659,2.234042553191489,0.056818181818181816,-0.6271576524741082
random,G1,83,47,0.07786328655500227,7,0.9354459812251237,61.72558646770204,4.0,0.5790371791480677,0.5105049607754737,2.6808510638297873,0.8207171314741036,0.0
adbm,G2,83,20,0.2925,1,0.794045568333581,3.2068121693121685,2.0,0.987871048268936,0.8488780512918603,4.9,-1.0,-0.1399662731871838
bodymassratio,G2,83,20,0.1675,5,0.8936256545244853,6.948139880952381,1.0,0.614626335361128,0.8002473501140163,2.4,0.6686390532544378,0.13333333333333333
lmatrix,G2,83,20,0.23,1,0.8269612039995132,3.1720899470899475,2.0,1.0279159899814074,1.1138548244244144,3.65,-1.0,0.07047619047619047
niche,G2,83,19,0.16066481994459833,3,0.9031231464445435,4.898148148148148,2.0,0.728208772888026,1.003610209314053,2.1052631578947367,0.13274336283185842,0.2440944881889764
pfim_metaweb,G2,83,20,0.175,3,0.7922802242263642,3.4594696969696974,2.0,1.4846149779161804,0.5676567244564473,2.55,-0.0963855421686747,-1.0
pfim_downsample,G2,83,20,0.125,3,0.882915885900052,3.574731691919192,2.0,1.52729551133609,0.6553424175273003,1.55,0.09803921568627451,-0.8918918918918919
random,G2,83,20,0.1675,4,0.933395302586306,67.2084538047103,3.0,0.43608768427115885,0.44671257152704497,2.4,0.6974789915966386,0.03896103896103896
adbm,G3,83,28,0.26785714285714285,1,0.7919373596608106,3.30998581011352,2.0,1.0551851201851181,0.8735717326107003,6.535714285714286,-1.0,-0.1602409638554217
bodymassratio,G3,83,28,0.18622448979591838,5,0.8700607261218885,6.862504008337341,4.0,0.5820679129278444,0.8075352470872433,4.25,0.6491228070175439,0.14762516046213095
lmatrix,G3,83,28,0.19770408163265307,1,0.8154987151053497,3.0384615384615397,2.0,1.1086572510459483,1.2177563751745026,4.571428571428571,-1.0,0.07636363636363637
niche,G3,83,28,0.09948979591836735,6,0.9281998497554449,5.435540069686411,3.0,1.1533501096872627,0.7527192771385982,1.8214285714285714,0.5572519083969466,-0.21008403361344538
pfim_metaweb,G3,83,28,0.13010204081632654,3,0.790610335850184,3.112728937728937,2.0,1.6892443153121253,0.7096245515367301,2.6785714285714284,-0.21033210332103322,-0.9037433155080213
pfim_downsample,G3,83,28,0.08035714285714286,3,0.9225783451379531,2.9866957470010904,3.0,1.7218571231220878,0.8347724199692329,1.2857142857142858,0.2972972972972973,-0.6756756756756757
random,G3,83,28,0.10459183673469388,6,0.9426840599421605,1.478573649799837,1.0,0.5332903677583977,0.5570539644876035,1.9642857142857142,0.8509316770186336,0.024390243902439025
adbm,G4,83,44,0.29080578512396693,1,0.7809314591977267,3.593626185445007,2.0,0.8522258566836857,0.9418501405861878,11.818181818181818,-1.0,0.08162676665705221
bodymassratio,G4,83,44,0.1890495867768595,4,0.8535507972816139,6.49472279035832,4.0,0.6006860994808279,0.6006860994808279,7.340909090909091,0.6404771698889345,0.0
lmatrix,G4,83,44,0.21229338842975207,1,0.7962947513991996,2.9565568669641062,2.0,1.1681719875349688,0.988475992810103,8.363636363636363,-1.0,-0.12366048647729205
niche,G4,83,42,0.09523809523809523,3,0.8836774732748709,3.933338844797178,2.0,0.9089661776959151,1.1153037429437733,3.0238095238095237,0.3460620525059666,0.1630558722919042
pfim_metaweb,G4,83,44,0.1368801652892562,3,0.8504460455213982,3.1108560831960643,3.0,1.4653071707061418,0.5932664067256673,5.045454545454546,-0.19746835443037974,-0.6612149532710281
pfim_downsample,G4,83,44,0.08677685950413223,3,0.9294028968738342,3.0955951986722727,2.0,1.5169592701886478,0.6784475611139439,2.840909090909091,0.2198952879581152,-0.5681544028950543
random,G4,83,44,0.08316115702479339,7,0.9378234846107,1.1802354354880757,1.0,0.41652941283689604,0.5367819655290998,2.6818181818181817,0.8348214285714286,0.1026252983293556
adbm,G1,84,47,0.2688999547306474,1,0.7732327879205446,3.2772930448998654,2.0,0.8816230051551055,1.0179024597417685,11.659574468085106,-1.0,0.11719038817005545
bodymassratio,G1,84,47,0.19284744228157538,5,0.8359015867814682,6.670888547365599,4.0,0.6941310636506671,0.7505465653622725,8.085106382978724,0.5140532544378699,0.03759765625
lmatrix,G1,84,47,0.20009053870529653,1,0.7825588679290953,2.9056714890048223,2.0,1.3161598628440982,0.9489297245258534,8.425531914893616,-1.0,-0.24707943925233644
niche,G1,84,46,0.1337429111531191,3,0.8641267739917842,4.917109411788792,2.0,0.9734376283778122,0.6836028760802735,5.173913043478261,0.2959604286892003,-0.258777633289987
pfim_metaweb,G1,84,47,0.11815301041195111,4,0.8315850490246237,2.6510787329285788,3.0,1.7514742960613416,0.5464685034798675,4.574468085106383,-0.42614601018675724,-0.7494543867306853
pfim_downsample,G1,84,47,0.06835672249886826,5,0.9358288588241271,3.2788940746753243,3.0,1.7926730727270073,0.6520492562027751,2.234042553191489,0.011673151750972763,-0.6910755148741419
random,G1,84,47,0.15255771842462654,4,0.934752193722798,0.8316956753867103,1.0,0.321626085077731,0.36125506829187837,6.191489361702128,0.6869220607661823,0.0024096385542168677
adbm,G2,84,20,0.2825,1,0.8087620140935676,3.202020202020202,2.0,1.0114936057425792,0.8956503297904417,4.7,-1.0,-0.11452991452991453
bodymassratio,G2,84,20,0.18,4,0.8672316458826561,5.695277777777777,1.0,0.6523810540137774,1.0051847398730018,2.65,0.48792270531400966,0.27906976744186046
lmatrix,G2,84,20,0.2075,1,0.8337042586601694,2.9117647058823533,2.0,1.165562080803446,1.152378056654871,3.2,-1.0,-0.009823182711198428
niche,G2,84,20,0.21,4,0.8282457017391396,4.2376271110275425,2.0,1.3191150241094838,0.3672342058259703,3.25,-0.1896551724137931,-0.865979381443299
pfim_metaweb,G2,84,20,0.175,3,0.7922802242263642,3.4594696969696974,2.0,1.4846149779161804,0.5676567244564473,2.55,-0.0963855421686747,-1.0
pfim_downsample,G2,84,20,0.125,3,0.9107827618485737,3.5281063321385906,3.0,1.4711255984163247,0.6805570473787205,1.55,0.2549019607843137,-0.801980198019802
random,G2,84,20,0.21,4,0.8999708327659003,1.4304204368519586,1.0,0.5273292545818,0.4543881076053971,3.25,0.4148936170212766,-0.05185185185185185
adbm,G3,84,28,0.274234693877551,1,0.8022857536262405,3.429796174880209,2.0,1.0044421896420883,0.9044010335539316,6.714285714285714,-1.0,-0.09223300970873786
bodymassratio,G3,84,28,0.1951530612244898,4,0.8659434729571729,5.825769128633711,1.0,0.5797499833081486,0.6999445427154992,4.5,0.6296296296296297,0.08093994778067885
lmatrix,G3,84,28,0.20408163265306123,1,0.8132578731866525,2.8364389233954452,2.0,1.0744076748850278,1.1713793704985715,4.75,-1.0,0.06629834254143646
niche,G3,84,26,0.07988165680473373,3,0.9053137575518742,3.0,2.0,1.4147566402621972,1.0274690894459082,1.1153846153846154,0.20754716981132076,-0.26744186046511625
pfim_metaweb,G3,84,28,0.13010204081632654,3,0.790610335850184,3.112728937728937,2.0,1.6892443153121253,0.7096245515367301,2.6785714285714284,-0.21033210332103322,-0.9037433155080213
pfim_downsample,G3,84,28,0.08035714285714286,4,0.9342775647277809,3.2994977868573367,3.0,1.7429720398728983,0.8347724199692329,1.2857142857142858,0.14893617021276595,-0.6853932584269663
random,G3,84,28,0.11096938775510204,7,0.9379713510255682,43.619848484112346,2.0,0.5280318117148814,0.4903615863839435,2.142857142857143,0.8083832335329342,-0.041666666666666664
adbm,G4,84,44,0.3140495867768595,1,0.7608188854616387,3.36321043056319,2.0,0.793258979165568,0.904860735039598,12.840909090909092,-1.0,0.10878076062639822
bodymassratio,G4,84,44,0.18181818181818182,4,0.8659630267859447,6.420879597893667,1.0,0.5289579488276048,0.5583665962555009,7.0227272727272725,0.6641036017806556,0.017973856209150325
lmatrix,G4,84,44,0.23915289256198347,1,0.7774328796634058,2.87492793247942,2.0,1.0944307280114787,0.8899475569009411,9.545454545454545,-1.0,-0.1431111111111111
niche,G4,84,44,0.1534090909090909,4,0.8626219117138203,6.958730158730159,2.0,1.015966578276228,0.4761850074197545,5.7727272727272725,0.11007751937984496,-0.4796846573681019
pfim_metaweb,G4,84,44,0.1368801652892562,3,0.8504460455213982,3.1108560831960643,3.0,1.4653071707061418,0.5932664067256673,5.045454545454546,-0.19746835443037974,-0.6612149532710281
pfim_downsample,G4,84,44,0.08677685950413223,4,0.9362959509612342,3.3995634826165233,3.0,1.4861504456754548,0.6760922050469556,2.840909090909091,0.16753926701570682,-0.5656441717791411
random,G4,84,44,0.17510330578512398,4,0.9280347440535106,0.7085291934871724,1.0,0.26493429219091236,0.3513853654920082,6.7272727272727275,0.6500672947510094,0.025848142164781908
adbm,G1,85,47,0.2960615663196016,1,0.7770804343279893,3.8380587644803525,2.0,0.83712677511303,0.9494886123849198,12.936170212765957,-1.0,0.10686110447047574
bodymassratio,G1,85,47,0.18288818469895882,5,0.8500326136298572,6.975607270149124,1.0,0.6082195029068532,0.6072512459331634,7.617021276595745,0.6533144275079759,-0.0005977286312014345
lmatrix,G1,85,47,0.21865097329108193,1,0.796513267182935,2.9926093751363383,2.0,1.1674730474645796,0.9782964232935172,9.297872340425531,-1.0,-0.13378561736770692
niche,G1,85,47,0.10638297872340426,4,0.8868179178927634,6.471870673906136,1.0,0.9278305692406299,0.63929308785088,4.0212765957446805,0.44468546637744033,-0.24067164179104478
pfim_metaweb,G1,85,47,0.11815301041195111,4,0.8315850490246237,2.6510787329285788,3.0,1.7514742960613416,0.5464685034798675,4.574468085106383,-0.42614601018675724,-0.7494543867306853
pfim_downsample,G1,85,47,0.06835672249886826,5,0.9499549490457767,2.452405548996458,4.0,1.7773343847063243,0.5874823493838988,2.234042553191489,0.14432989690721648,-0.6775599128540305
random,G1,85,47,0.10909913988229969,5,0.9381460970377766,1.148995181502874,1.0,0.3392927782300833,0.39134726404541137,4.148936170212766,0.8106508875739645,0.028187919463087248
adbm,G2,85,20,0.2925,1,0.8034823257458786,3.3144134671912457,2.0,0.9465290266079511,0.9317910599676621,4.9,-1.0,-0.016216216216216217
bodymassratio,G2,85,20,0.1625,4,0.862740896332477,5.0566666666666675,4.0,0.778886763573665,0.9142629129158385,2.3,0.7707006369426752,0.09019607843137255
lmatrix,G2,85,20,0.21,1,0.8213221737495238,3.0773109243697476,2.0,1.1130190088220793,1.1907267906664152,3.25,-1.0,0.060240963855421686
niche,G2,85,20,0.0625,3,0.9486209317271446,3.0,3.0,1.465390194130093,0.5730803195291032,0.3,1.0,-0.5675675675675675
pfim_metaweb,G2,85,20,0.175,3,0.7922802242263642,3.4594696969696974,2.0,1.4846149779161804,0.5676567244564473,2.55,-0.0963855421686747,-1.0
pfim_downsample,G2,85,20,0.125,3,0.9139844305095448,3.6353909465020573,3.0,1.5106638484977044,0.6155870112510925,1.55,0.1743119266055046,-0.9223300970873787
random,G2,85,20,0.115,7,0.9543716009283161,11.455889620118132,4.0,0.7739156146307533,0.4014697899463647,1.35,0.803921568627451,-0.1794871794871795
adbm,G3,85,28,0.30739795918367346,1,0.7838949732078231,3.525183150183152,2.0,0.8563012542034775,0.9056718299416993,7.642857142857143,-1.0,0.05072886297376093
bodymassratio,G3,85,28,0.19260204081632654,4,0.8450392858590006,5.664898875375066,1.0,0.5999922571663959,0.6330423820612509,4.428571428571429,0.7598736176935229,0.019753086419753086
lmatrix,G3,85,28,0.21301020408163265,1,0.8186089714337887,3.0455957086391865,2.0,1.0579294232052574,1.1172819983342928,5.0,-1.0,0.042582417582417584
niche,G3,85,28,0.10586734693877552,4,0.9108178761694844,5.278304253800285,2.0,1.0325893990753483,0.49000372880431814,2.0,0.5125,-0.3977272727272727
pfim_metaweb,G3,85,28,0.13010204081632654,3,0.790610335850184,3.112728937728937,2.0,1.6892443153121253,0.7096245515367301,2.6785714285714284,-0.21033210332103322,-0.9037433155080213
pfim_downsample,G3,85,28,0.08035714285714286,3,0.9164869681928232,2.5008080808080813,2.0,1.7638342073763937,0.9261728065931383,1.2857142857142858,0.027777777777777776,-0.5042735042735043
random,G3,85,28,0.13520408163265307,6,0.9201909421668953,1.1061715891030968,1.0,0.5492022303340884,0.4678952223640015,2.8214285714285716,0.5797665369649806,-0.037037037037037035
adbm,G4,85,44,0.31456611570247933,1,0.7759301205183434,3.373509721604201,2.0,0.7938962403171537,0.9034650121407838,12.863636363636363,-1.0,0.10734304932735426
bodymassratio,G4,85,44,0.17458677685950413,4,0.8430972476926284,6.014495742002551,4.0,0.5696991030192832,0.5492717202030665,6.704545454545454,0.7181571815718157,-0.011939069575957185
lmatrix,G4,85,44,0.23915289256198347,1,0.7893372229554642,2.9841582029082034,2.0,1.0925099910216731,0.9035318334450617,9.545454545454545,-1.0,-0.13398985377499253
niche,G4,85,43,0.09464575446187128,6,0.8992633947220185,4.873961122266846,2.0,1.1592122253837327,0.49549339311832064,3.0930232558139537,0.5180180180180181,-0.4580152671755725
pfim_metaweb,G4,85,44,0.1368801652892562,3,0.8504460455213982,3.1108560831960643,3.0,1.4653071707061418,0.5932664067256673,5.045454545454546,-0.19746835443037974,-0.6612149532710281
pfim_downsample,G4,85,44,0.08677685950413223,4,0.9378224675669364,3.205221364671436,4.0,1.4721303074968257,0.6760922050469554,2.840909090909091,0.2,-0.518925518925519
random,G4,85,44,0.09917355371900827,5,0.931731676888037,1.0636492967636002,1.0,0.42827813115163726,0.4196357393582797,3.3863636363636362,0.8155802861685215,-0.01217391304347826
adbm,G1,86,47,0.29289271163422365,1,0.7810071094153013,3.4187468774667327,2.0,0.8668609077519712,0.9161448397170037,12.787234042553191,-1.0,0.04401792897368119
bodymassratio,G1,86,47,0.19420552286102308,4,0.835904876212828,6.111883791789477,1.0,0.5817961171114254,0.5709309086832859,8.148936170212766,0.6979100696643445,-0.006305832895428271
lmatrix,G1,86,47,0.20914440923494795,1,0.803118043302235,2.9315006661772314,2.0,1.1289197181346984,1.023559796669668,8.851063829787234,-1.0,-0.06986415303576379
niche,G1,86,46,0.2613421550094518,3,0.8065485561057965,4.97530652136431,2.0,0.9586659042723092,0.46578618645516495,11.043478260869565,-0.24947081947384336,-0.5166612746683921
pfim_metaweb,G1,86,47,0.11815301041195111,4,0.8315850490246237,2.6510787329285788,3.0,1.7514742960613416,0.5464685034798675,4.574468085106383,-0.42614601018675724,-0.7494543867306853
pfim_downsample,G1,86,47,0.06835672249886826,4,0.9353429194496826,2.646632310642378,3.0,1.7510705433689697,0.5946091219080426,2.234042553191489,0.28078817733990147,-0.6593673965936739
random,G1,86,47,0.24038026256224537,3,0.9314643435487324,0.7311031344880874,1.0,0.2282255762491634,0.27182168790081357,10.319148936170214,0.5233684210526316,0.011247991430101767
adbm,G2,86,20,0.2925,1,0.7903244131739537,2.801336318002985,2.0,1.0230511610924578,0.7508167372285737,4.9,-1.0,-0.2480252764612954
bodymassratio,G2,86,20,0.19,3,0.8781739947390922,5.6499999999999995,4.0,0.5022184347217549,0.6073371667978816,2.85,0.676595744680851,0.07207207207207207
lmatrix,G2,86,20,0.2125,1,0.7853513357756918,2.6545454545454543,2.0,0.8323280526642525,1.2793984199154582,3.3,-1.0,0.2924187725631769
niche,G2,86,20,0.125,3,0.8823375828176899,4.333333333333333,2.0,1.4127241321943256,0.751139485259422,1.55,0.14705882352941177,-0.5272727272727272
pfim_metaweb,G2,86,20,0.175,3,0.7922802242263642,3.4594696969696974,2.0,1.4846149779161804,0.5676567244564473,2.55,-0.0963855421686747,-1.0
pfim_downsample,G2,86,20,0.125,3,0.9150752755449318,3.4980709876543212,2.0,1.4768387290354177,0.6680687011630497,1.55,0.08943089430894309,-0.9354838709677419
random,G2,86,20,0.1175,10,0.9523215697741257,1.5991621204148652,1.0,0.5216249949830849,0.44254888446521606,1.4,0.7752808988764045,-0.08196721311475409
adbm,G3,86,28,0.27040816326530615,1,0.7919427261979288,2.9589703425229748,2.0,1.035872795574315,0.8309982711512596,6.607142857142857,-1.0,-0.16991963260619977
bodymassratio,G3,86,28,0.20153061224489796,3,0.8547853114189811,5.66237962962963,1.0,0.5418615276515999,0.5812175662907073,4.678571428571429,0.69164265129683,0.02402022756005057
lmatrix,G3,86,28,0.19005102040816327,1,0.7996436917251195,2.7566137566137567,2.0,0.9445309201323661,1.291913542169168,4.357142857142857,-1.0,0.21568627450980393
niche,G3,86,27,0.05898491083676269,4,0.944749627448027,4.666666666666667,2.0,1.2222711777536863,0.8216351046067247,0.6296296296296297,0.7777777777777778,-0.35802469135802467
pfim_metaweb,G3,86,28,0.13010204081632654,3,0.790610335850184,3.112728937728937,2.0,1.6892443153121253,0.7096245515367301,2.6785714285714284,-0.21033210332103322,-0.9037433155080213
pfim_downsample,G3,86,28,0.08035714285714286,3,0.9097509886600691,3.0173611111111107,3.0,1.8249903695933214,0.9340385342902586,1.2857142857142858,0.010101010101010102,-0.6085106382978723
random,G3,86,27,0.056241426611796985,8,0.9666901837465266,5.4944444444444445,4.0,0.844333956848155,0.761224522719704,0.5555555555555556,0.9111111111111111,-0.037037037037037035
adbm,G4,86,44,0.30165289256198347,1,0.7708292135224718,3.39870531370185,2.0,0.8426463881438733,0.89166598640412,12.295454545454545,-1.0,0.04358419057931781
bodymassratio,G4,86,44,0.18698347107438015,4,0.8515040811514599,6.230547274615513,3.0,0.5384072780304712,0.5020849565312029,7.25,0.6738461538461539,-0.021509581540868204
lmatrix,G4,86,44,0.22727272727272727,1,0.7875894304832322,2.949597569827832,2.0,1.0576410786097479,0.9752757511071802,9.022727272727273,-1.0,-0.05497861942577886
niche,G4,86,44,0.13068181818181818,5,0.8764967951019899,4.744620360170641,2.0,1.1259145840565734,0.4161846393372902,4.7727272727272725,0.22807017543859648,-0.5710843373493976
pfim_metaweb,G4,86,44,0.1368801652892562,3,0.8504460455213982,3.1108560831960643,3.0,1.4653071707061418,0.5932664067256673,5.045454545454546,-0.19746835443037974,-0.6612149532710281
pfim_downsample,G4,86,44,0.08677685950413223,5,0.9269712227349866,3.182415885374752,3.0,1.5347321024096505,0.6689763817629453,2.840909090909091,0.16463414634146342,-0.576271186440678
random,G4,86,44,0.13481404958677687,5,0.9360259233028878,1.199114261466011,1.0,0.3802743993420302,0.41197570673532363,4.954545454545454,0.7262931034482759,0.04608294930875576
adbm,G1,87,47,0.30692621095518335,1,0.7632030105790033,3.3433100339292667,2.0,0.8003357887938147,0.9363980926009635,13.446808510638299,-1.0,0.1288888888888889
bodymassratio,G1,87,47,0.1797193300135808,5,0.8486304594188097,6.477880789527708,1.0,0.611589310411445,0.5974771099116157,7.468085106382978,0.7342095655348667,-0.008168028004667444
lmatrix,G1,87,47,0.22227252150294252,1,0.7908080396028173,2.996444544877206,2.0,1.1225065844259454,0.9698014494285566,9.46808510638298,-1.0,-0.10642250530785563
niche,G1,87,46,0.07325141776937619,4,0.9091928970838837,3.9073871266268934,2.0,1.2169892283107886,0.7517204224171476,2.391304347826087,0.5659340659340659,-0.3183098591549296
pfim_metaweb,G1,87,47,0.11815301041195111,4,0.8315850490246237,2.6510787329285788,3.0,1.7514742960613416,0.5464685034798675,4.574468085106383,-0.42614601018675724,-0.7494543867306853
pfim_downsample,G1,87,47,0.06835672249886826,4,0.9413457176492549,2.7521953795763316,3.0,1.7570740708351111,0.6189068972159316,2.234042553191489,0.22957198443579765,-0.6738882554161916
random,G1,87,47,0.08103214124038026,6,0.9388926623507469,1.1740028640508549,1.0,0.47615876434061194,0.47929603272292187,2.8297872340425534,0.8218181818181818,0.0021598272138228943
adbm,G2,87,20,0.31,1,0.8075547254422941,3.2637566137566134,2.0,0.9398935935197628,0.8150643652447072,5.25,-1.0,-0.136986301369863
bodymassratio,G2,87,20,0.18,5,0.8735641620983542,6.116071428571429,1.0,0.6523810540137776,0.7343781322082152,2.65,0.8095238095238095,0.05263157894736842
lmatrix,G2,87,20,0.215,1,0.830317507355274,3.0125,2.0,1.0237564147675828,1.1956197988830966,3.35,-1.0,0.13320079522862824
niche,G2,87,16,0.0703125,2,0.9551455795173378,2.5,2.0,1.070363962559315,1.2090196007764835,0.1875,1.0,0.0
pfim_metaweb,G2,87,20,0.175,3,0.7922802242263642,3.4594696969696974,2.0,1.4846149779161804,0.5676567244564473,2.55,-0.0963855421686747,-1.0
pfim_downsample,G2,87,20,0.125,3,0.9215248189705906,3.331818181818181,2.0,1.4994735918420101,0.6155870112510925,1.55,0.2345679012345679,-0.7017543859649122
random,G2,87,20,0.065,5,0.9563955058508474,9.0,2.0,0.868135528687438,0.868135528687438,0.35,0.9130434782608695,0.0
adbm,G3,87,28,0.29336734693877553,1,0.7994397054127106,3.386403283919309,2.0,0.9226016078503732,0.8705630345928248,7.25,-1.0,-0.04799548277809147
bodymassratio,G3,87,28,0.18239795918367346,5,0.8521201757186156,6.183125275573192,5.0,0.6934800493285129,0.731350510930706,4.142857142857143,0.7004991680532446,0.02483660130718954
lmatrix,G3,87,28,0.2066326530612245,1,0.813317168405272,3.139972527472528,2.0,1.041675345863011,1.1894546631757017,4.821428571428571,-1.0,0.10883856829802775
niche,G3,87,28,0.13520408163265307,4,0.8814960245906583,3.5725592580782317,3.0,1.0302442243442862,0.4623390175972103,2.8214285714285716,0.3392070484581498,-0.48148148148148145
pfim_metaweb,G3,87,28,0.13010204081632654,3,0.790610335850184,3.112728937728937,2.0,1.6892443153121253,0.7096245515367301,2.6785714285714284,-0.21033210332103322,-0.9037433155080213
pfim_downsample,G3,87,28,0.08035714285714286,3,0.902059438935355,3.1697530864197523,3.0,1.7679771002412885,0.885797092081585,1.2857142857142858,0.14583333333333334,-0.6035242290748899
random,G3,87,28,0.17091836734693877,4,0.9228665624935696,0.9243250156976502,1.0,0.43815002699112426,0.347594723582526,3.8214285714285716,0.6232686980609419,-0.03202846975088968
adbm,G4,87,44,0.3181818181818182,1,0.766917340377469,3.3215683664694504,2.0,0.7910570388587976,0.8897454081447487,13.022727272727273,-1.0,0.09534851998363116
bodymassratio,G4,87,44,0.1725206611570248,5,0.8478731021343372,6.339986523096458,4.0,0.5496768427904933,0.5422847639444185,6.613636363636363,0.8230563002680965,-0.003930817610062893
lmatrix,G4,87,44,0.23398760330578514,1,0.7884443667691636,2.994325521471585,2.0,1.0686543320463944,0.9451033087783377,9.318181818181818,-1.0,-0.0867370353373107
niche,G4,87,44,0.1802685950413223,4,0.8622538172930387,5.472465577902142,2.0,0.9479102720223647,0.5776804943516428,6.954545454545454,0.1376037959667853,-0.2734584450402145
pfim_metaweb,G4,87,44,0.1368801652892562,3,0.8504460455213982,3.1108560831960643,3.0,1.4653071707061418,0.5932664067256673,5.045454545454546,-0.19746835443037974,-0.6612149532710281
pfim_downsample,G4,87,44,0.08677685950413223,4,0.9394625060554928,2.8678254792731828,3.0,1.4677894768753053,0.7106032800151694,2.840909090909091,0.13812154696132597,-0.5107102593010147
random,G4,87,44,0.21487603305785125,3,0.9267548320987476,0.8576491520031196,1.0,0.2751083452456118,0.31314351658434236,8.477272727272727,0.5349087003222341,0.008253094910591471
adbm,G1,88,47,0.2829334540516071,1,0.7758602111956476,3.271530987868135,2.0,0.8800418646168267,0.9580274807713209,12.319148936170214,-1.0,0.06941302536016192
bodymassratio,G1,88,47,0.18515165233137165,4,0.8452823776878308,6.283294986945071,4.0,0.6343709341339905,0.6605308561010473,7.723404255319149,0.6486195769092865,0.016248967226659323
lmatrix,G1,88,47,0.2100497962879131,1,0.7800632341047533,2.853068379128825,2.0,1.211771151520425,0.9826672764237977,8.893617021276595,-1.0,-0.15689823193651678
niche,G1,88,45,0.06419753086419754,6,0.9152194270362672,4.107142857142857,2.0,1.4466019987050145,0.7606160974944043,1.9111111111111112,0.45365853658536587,-0.4560260586319218
pfim_metaweb,G1,88,47,0.11815301041195111,4,0.8315850490246237,2.6510787329285788,3.0,1.7514742960613416,0.5464685034798675,4.574468085106383,-0.42614601018675724,-0.7494543867306853
pfim_downsample,G1,88,47,0.06835672249886826,3,0.9410111322347399,2.811113962490109,4.0,1.7903218282369968,0.598140666035647,2.234042553191489,0.23404255319148937,-0.6718192627824019
random,G1,88,46,0.0723062381852552,7,0.9371134161502649,1.4178575061673513,1.0,0.4702956404988624,0.6588647380225883,2.347826086956522,0.8484848484848485,0.10513447432762836
adbm,G2,88,20,0.29,1,0.7944945613787667,3.180941770647653,2.0,0.960122340286469,0.8890514137531017,4.85,-1.0,-0.07046979865771812
bodymassratio,G2,88,20,0.1625,4,0.8873862784894948,5.911346726190477,1.0,0.6834794743374143,0.8463378526464321,2.3,0.6987951807228916,0.11627906976744186
lmatrix,G2,88,20,0.225,1,0.8129501724525072,2.9573529411764707,2.0,1.0460482895361882,1.1296695739590337,3.55,-1.0,0.06566604127579738
niche,G2,88,20,0.2375,3,0.8338890408653481,3.833333333333333,2.0,1.0753775143488489,0.7571402831500691,3.8,-0.6089385474860335,-0.3464373464373464
pfim_metaweb,G2,88,20,0.175,3,0.7922802242263642,3.4594696969696974,2.0,1.4846149779161804,0.5676567244564473,2.55,-0.0963855421686747,-1.0
pfim_downsample,G2,88,20,0.125,3,0.9149719433196757,3.3744212962962963,3.0,1.5491933384829668,0.6291180125256394,1.55,0.2619047619047619,-0.8301886792452831
random,G2,88,20,0.2425,4,0.9039626766239949,0.566490976550519,1.0,0.5018272154563328,0.30855404425063937,3.9,0.50920245398773,-0.12605042016806722
adbm,G3,88,28,0.29081632653061223,1,0.7933545457592347,3.3852214336589337,2.0,0.9230755346729311,0.8834991001230005,7.178571428571429,-1.0,-0.03707995365005794
bodymassratio,G3,88,28,0.1875,4,0.8614603855336087,5.942284752284753,4.0,0.603731294205118,0.6467158345226464,4.285714285714286,0.7245901639344262,0.026737967914438502
lmatrix,G3,88,28,0.21173469387755103,1,0.8054655568640192,2.964742664742666,2.0,1.0437544198094133,1.1549426237264089,4.964285714285714,-1.0,0.08033240997229917
niche,G3,88,27,0.13580246913580246,3,0.8895950149023742,4.888888888888889,2.0,1.050837464590338,0.5506743251079729,2.7037037037037037,0.29914529914529914,-0.4069400630914827
pfim_metaweb,G3,88,28,0.13010204081632654,3,0.790610335850184,3.112728937728937,2.0,1.6892443153121253,0.7096245515367301,2.6785714285714284,-0.21033210332103322,-0.9037433155080213
pfim_downsample,G3,88,28,0.08035714285714286,3,0.8999748622109818,3.1624338624338613,2.0,1.7471644020083446,0.9102374612921857,1.2857142857142858,0.14049586776859505,-0.643979057591623
random,G3,88,28,0.125,6,0.9320323891769394,1.9170146459295203,1.0,0.46331807997861657,0.5187344329640695,2.5357142857142856,0.7409326424870466,0.043478260869565216
adbm,G4,88,44,0.3181818181818182,1,0.7649932058002905,3.2455016077680727,2.0,0.7771352843094002,0.8961235930759744,13.022727272727273,-1.0,0.11586797403673525
bodymassratio,G4,88,44,0.1740702479338843,4,0.8490448140877027,6.369464886568579,4.0,0.5237281691577546,0.518402391893617,6.681818181818182,0.685025817555938,-0.0031861629494765588
lmatrix,G4,88,44,0.246900826446281,1,0.7747599437246531,2.853765580338805,2.0,1.058617596150388,0.883715658922721,9.886363636363637,-1.0,-0.12420749279538905
niche,G4,88,43,0.21200648999459168,4,0.8469557857145418,5.92812481831738,3.0,0.9225004178232958,0.6127210045463988,8.13953488372093,-0.06985294117647059,-0.33684672815107597
pfim_metaweb,G4,88,44,0.1368801652892562,3,0.8504460455213982,3.1108560831960643,3.0,1.4653071707061418,0.5932664067256673,5.045454545454546,-0.19746835443037974,-0.6612149532710281
pfim_downsample,G4,88,44,0.08677685950413223,3,0.9389832005869523,3.008498170811546,3.0,1.4677894768753053,0.6471596311968201,2.840909090909091,0.25757575757575757,-0.5773480662983426
random,G4,88,44,0.22107438016528927,3,0.9297682262242585,0.6177950850779232,1.0,0.2754623054167687,0.2682293350389462,8.75,0.5475783475783476,0.010830324909747292
adbm,G1,89,47,0.30783159800814847,1,0.7705589635507011,3.774787067587428,2.0,0.8043474143994002,0.9224654630200912,13.48936170212766,-1.0,0.10632308358596795
bodymassratio,G1,89,47,0.1702127659574468,5,0.8558908076614116,6.587201090959124,3.0,0.5886148072418395,0.5686559286751447,7.0212765957446805,0.7172696754942186,-0.011888111888111888
lmatrix,G1,89,47,0.23313716613852423,1,0.7879399516998782,3.0958655018293006,2.0,1.0853402319467567,0.9390147167956079,9.97872340425532,-1.0,-0.10138820029747149
niche,G1,89,47,0.27206880941602535,4,0.825793318387096,7.08536315730099,3.0,0.7717511570943796,0.40633379775685374,11.808510638297872,-0.04149869575527626,-0.4331306990881459
pfim_metaweb,G1,89,47,0.11815301041195111,4,0.8315850490246237,2.6510787329285788,3.0,1.7514742960613416,0.5464685034798675,4.574468085106383,-0.42614601018675724,-0.7494543867306853
pfim_downsample,G1,89,47,0.06835672249886826,4,0.9360434920703428,2.5724224754836986,3.0,1.820651177437355,0.6189068972159316,2.234042553191489,0.22613065326633167,-0.6593406593406593
random,G1,89,47,0.22181982797645994,3,0.9286967031353175,0.7493867581309156,1.0,0.3005014852539703,0.2590372606599823,9.446808510638299,0.5543996532293021,-0.007218212104386452
adbm,G2,89,20,0.33,1,0.8052773826084866,3.3008024691358013,2.0,0.8618787902339544,0.8187427930973513,5.65,-1.0,-0.04950495049504951
bodymassratio,G2,89,20,0.15,5,0.8996056911327626,5.792680555555556,3.0,0.7254762501100116,0.6578362547106201,2.05,0.791907514450867,-0.04819277108433735
lmatrix,G2,89,20,0.255,1,0.8047882087090086,3.1904761904761907,2.0,0.9304079519658486,1.0681089623717692,4.15,-1.0,0.12186379928315412
niche,G2,89,20,0.2575,4,0.8779033763496623,7.671904761904762,1.0,0.8435111620263025,0.4891021566870723,4.2,-0.06461538461538462,-0.4782608695652174
pfim_metaweb,G2,89,20,0.175,3,0.7922802242263642,3.4594696969696974,2.0,1.4846149779161804,0.5676567244564473,2.55,-0.0963855421686747,-1.0
pfim_downsample,G2,89,20,0.125,3,0.9012870660634121,3.6333333333333337,2.0,1.5050791201444318,0.6680687011630497,1.55,0.28421052631578947,-0.8723404255319149
random,G2,89,20,0.195,5,0.9014386907810071,0.9882751725923943,1.0,0.4624372714677766,0.46986049497323784,2.95,0.6428571428571429,0.01639344262295082
adbm,G3,89,28,0.30994897959183676,1,0.7817859831999717,3.3704034188034195,2.0,0.8842662915043425,0.8490880534861529,7.714285714285714,-1.0,-0.03369565217391304
bodymassratio,G3,89,28,0.16709183673469388,5,0.8803646008730505,6.87469983643075,1.0,0.6130361941100463,0.6400422671416909,3.7142857142857144,0.7026548672566372,0.018315018315018316
lmatrix,G3,89,28,0.23341836734693877,1,0.8040168919886592,3.1814102564102567,2.0,0.9937567981776116,1.0742571688599254,5.571428571428571,-1.0,0.06161745827984596
niche,G3,89,28,0.29081632653061223,4,0.8322810660904653,5.858125815870447,2.0,0.8681929459345799,0.39929146234179097,7.178571428571429,-0.19957537154989385,-0.6582914572864321
pfim_metaweb,G3,89,28,0.13010204081632654,3,0.790610335850184,3.112728937728937,2.0,1.6892443153121253,0.7096245515367301,2.6785714285714284,-0.21033210332103322,-0.9037433155080213
pfim_downsample,G3,89,28,0.08035714285714286,3,0.9332662062953381,3.402462121212121,2.0,1.7429720398728983,0.7989476388821449,1.2857142857142858,0.16129032258064516,-0.7358490566037735
random,G3,89,28,0.24872448979591838,4,0.9205603501757162,0.5934562287069882,1.0,0.37986685660014247,0.3350020325296719,6.0,0.5588235294117647,-0.06060606060606061
adbm,G4,89,44,0.31921487603305787,1,0.771665860685173,3.583293377129104,2.0,0.7815825749923311,0.8946681017734773,13.068181818181818,-1.0,0.10950694633614819
bodymassratio,G4,89,44,0.1725206611570248,5,0.8609433037252135,6.785355414625293,3.0,0.5533358515829786,0.4939910871506223,6.613636363636363,0.6666666666666666,-0.03664921465968586
lmatrix,G4,89,44,0.246900826446281,1,0.7930458210592813,3.070477995674731,2.0,1.039457831318141,0.9109458220701936,9.886363636363637,-1.0,-0.09222737819025523
niche,G4,89,44,0.07644628099173553,3,0.9198033166124219,4.483333333333333,2.0,0.8886385247343109,0.8909485897856593,2.3863636363636362,0.6094276094276094,0.005008347245409015
pfim_metaweb,G4,89,44,0.1368801652892562,3,0.8504460455213982,3.1108560831960643,3.0,1.4653071707061418,0.5932664067256673,5.045454545454546,-0.19746835443037974,-0.6612149532710281
pfim_downsample,G4,89,44,0.08677685950413223,4,0.9342223638972492,3.3038459225959222,3.0,1.4850766726755724,0.715078924651486,2.840909090909091,0.15555555555555556,-0.48484848484848486
random,G4,89,44,0.07386363636363637,7,0.9391415170223293,1.4889624187136372,1.0,0.4698125370913983,0.5635602098149702,2.272727272727273,0.8501440922190202,0.03951367781155015
adbm,G1,90,47,0.3110004526935265,1,0.7699970514285932,3.4801680498129035,2.0,0.7963692358352107,0.9169251332961734,13.638297872340425,-1.0,0.11577506558685982
bodymassratio,G1,90,47,0.1765504753282028,5,0.8610866504691032,6.678596241398699,1.0,0.6077369932156905,0.6533040356476103,7.319148936170213,0.7020470053070508,0.02740138512496236
lmatrix,G1,90,47,0.23358985966500678,1,0.8015278644974666,3.071528098418856,2.0,1.119836685325681,0.9178531125400655,10.0,-1.0,-0.14878080584170036
niche,G1,90,47,0.23313716613852423,6,0.8203250465132317,5.1818200449204666,3.0,0.992995174661979,0.5137807156692237,9.97872340425532,-0.1252217098261795,-0.4817658349328215
pfim_metaweb,G1,90,47,0.11815301041195111,4,0.8315850490246237,2.6510787329285788,3.0,1.7514742960613416,0.5464685034798675,4.574468085106383,-0.42614601018675724,-0.7494543867306853
pfim_downsample,G1,90,47,0.06835672249886826,4,0.9325256840068668,2.531247983810687,3.0,1.8618301899580783,0.6552713033728138,2.234042553191489,0.01098901098901099,-0.6727664155005382
random,G1,90,47,0.23132639203259395,3,0.9271241513898157,0.5968689771402784,1.0,0.32012298821920715,0.23924429412073983,9.893617021276595,0.46573426573426574,-0.03616721465476749
adbm,G2,90,20,0.3125,1,0.8033864883569901,3.571980920314254,2.0,0.9626279819218572,0.7819005186420019,5.3,-1.0,-0.19402985074626866
bodymassratio,G2,90,20,0.1575,5,0.8978196900072388,6.473247354497354,1.0,0.6029986992329289,0.7006495659158614,2.2,0.7386363636363636,0.07058823529411765
lmatrix,G2,90,20,0.2425,1,0.8230890770939002,3.07202380952381,2.0,0.9251785688517371,1.1119038975028865,3.9,-1.0,0.14886164623467601
niche,G2,90,20,0.1925,3,0.8751546880827247,4.76135083614938,2.0,0.9356533426254143,0.17423906318180177,2.9,0.5753424657534246,-0.5042735042735043
pfim_metaweb,G2,90,20,0.175,3,0.7922802242263642,3.4594696969696974,2.0,1.4846149779161804,0.5676567244564473,2.55,-0.0963855421686747,-1.0
pfim_downsample,G2,90,20,0.125,3,0.908533369033645,3.423107890499195,2.0,1.4711255984163247,0.7048702754856087,1.55,0.26582278481012656,-0.6576576576576577
random,G2,90,20,0.1925,6,0.9054858682256178,1.4682052898284073,1.0,0.5607338224911866,0.5670308623869209,2.9,0.52,0.13432835820895522
adbm,G3,90,28,0.3048469387755102,1,0.7990594941363576,3.62328375358803,2.0,0.9773216307811591,0.7649079454833156,7.571428571428571,-1.0,-0.2054176072234763
bodymassratio,G3,90,28,0.17219387755102042,5,0.8789612851268966,6.464460227272728,1.0,0.5867822141687726,0.6727960872463302,3.857142857142857,0.6828828828828829,0.0576271186440678
lmatrix,G3,90,28,0.23469387755102042,1,0.7990911149873723,3.019547759932376,2.0,0.9237164705159271,1.115502768181642,5.607142857142857,-1.0,0.13751507840772015
niche,G3,90,28,0.2372448979591837,4,0.8326099415659738,3.9285355106559585,3.0,0.9126680229637875,0.48859589632582173,5.678571428571429,0.17045454545454544,-0.30484330484330485
pfim_metaweb,G3,90,28,0.13010204081632654,3,0.790610335850184,3.112728937728937,2.0,1.6892443153121253,0.7096245515367301,2.6785714285714284,-0.21033210332103322,-0.9037433155080213
pfim_downsample,G3,90,28,0.08035714285714286,3,0.91978471994003,3.310714285714286,3.0,1.808884237767147,0.8347724199692329,1.2857142857142858,0.18181818181818182,-0.69
random,G3,90,28,0.21301020408163265,4,0.9155696969235878,0.8914419398656144,1.0,0.3938227109213902,0.3692632752469208,5.0,0.5514018691588785,-0.018072289156626505
adbm,G4,90,44,0.32231404958677684,1,0.7689726003148667,3.458659036265587,2.0,0.774712134199901,0.8880622570632227,13.204545454545455,-1.0,0.110990058559172
bodymassratio,G4,90,44,0.16322314049586778,5,0.8661422709942597,6.770974414863594,4.0,0.5331992940400175,0.5331992940400176,6.204545454545454,0.717948717948718,0.0
lmatrix,G4,90,44,0.25826446280991733,1,0.7829562860291899,3.022557495338153,2.0,1.0476257098348518,0.8464294363369427,10.386363636363637,-1.0,-0.14863725765664512
niche,G4,90,43,0.15900486749594375,4,0.8664453506147202,8.059504132231405,3.0,0.9348403813194248,0.48710704180521486,5.8604651162790695,0.35731807031888796,-0.33993399339933994
pfim_metaweb,G4,90,44,0.1368801652892562,3,0.8504460455213982,3.1108560831960643,3.0,1.4653071707061418,0.5932664067256673,5.045454545454546,-0.19746835443037974,-0.6612149532710281
pfim_downsample,G4,90,44,0.08677685950413223,5,0.9369706008817348,2.7915819018226555,3.0,1.5159073203712259,0.6545126878979634,2.840909090909091,0.27002967359050445,-0.5280172413793104
random,G4,90,44,0.20557851239669422,3,0.9335257132826315,0.6351698516490408,1.0,0.24309281141060474,0.30528966701577404,8.068181818181818,0.6441947565543071,0.03803131991051454
adbm,G1,91,47,0.30149388863739246,1,0.7702822198339435,3.581134706902389,2.0,0.8440705022614845,0.8972904434642851,13.191489361702128,-1.0,0.04691953518965139
bodymassratio,G1,91,47,0.1783612494341331,4,0.8531085720718041,6.2541082514251105,1.0,0.5799075234663319,0.5729308181990558,7.404255319148936,0.7263298762127802,-0.004107424960505529
lmatrix,G1,91,47,0.22634676324128564,1,0.7726836284355851,2.9686226166995393,2.0,1.0784516275862717,0.9720324739610209,9.659574468085106,-1.0,-0.07054148037754596
niche,G1,91,47,0.1072883657763694,4,0.8937591089398098,6.057545566837846,2.0,1.0798519875769994,0.5147446244621712,4.0638297872340425,0.43222003929273084,-0.44423791821561337
pfim_metaweb,G1,91,47,0.11815301041195111,4,0.8315850490246237,2.6510787329285788,3.0,1.7514742960613416,0.5464685034798675,4.574468085106383,-0.42614601018675724,-0.7494543867306853
pfim_downsample,G1,91,47,0.06835672249886826,3,0.9351420830221931,3.369988038277512,4.0,1.8194940124646504,0.6988218372048077,2.234042553191489,0.19753086419753085,-0.6101522842639594
random,G1,91,47,0.13263920325939338,4,0.9373880489043822,1.1243499666065493,1.0,0.37127368886373985,0.37127368886373985,5.25531914893617,0.71334431630972,0.02131782945736434
adbm,G2,91,20,0.29,1,0.8142238134268434,3.4120370370370368,2.0,1.0124699688198473,0.817543420947315,4.85,-1.0,-0.18446601941747573
bodymassratio,G2,91,20,0.1675,5,0.9027869645699804,6.580712962962964,1.0,0.5057964419450236,0.6798399891190283,2.4,0.7722772277227723,0.11702127659574468
lmatrix,G2,91,20,0.245,1,0.8229075217576421,3.2235294117647055,2.0,0.8528355793440611,1.1618417052663361,3.95,-1.0,0.24232081911262798
niche,G2,91,18,0.14506172839506173,4,0.9100556394203989,4.925,3.0,1.1079463297628256,0.4576723255852189,1.6666666666666667,0.30303030303030304,-0.4945054945054945
pfim_metaweb,G2,91,20,0.175,3,0.7922802242263642,3.4594696969696974,2.0,1.4846149779161804,0.5676567244564473,2.55,-0.0963855421686747,-1.0
pfim_downsample,G2,91,20,0.125,3,0.9271974519779851,3.514805169753086,3.0,1.4711255984163247,0.6017518285455349,1.55,0.22448979591836735,-0.8235294117647058
random,G2,91,20,0.145,6,0.9219339117023604,12.466100727702552,2.0,0.5582643213625735,0.5693641017116529,1.95,0.6875,0.06666666666666667
adbm,G3,91,28,0.29336734693877553,1,0.7650492961960702,3.546477881093265,2.0,0.9869895076315418,0.8178982222290044,7.25,-1.0,-0.14212678936605316
bodymassratio,G3,91,28,0.16198979591836735,5,0.8914632267784485,6.432604166666665,1.0,0.6044804237070189,0.6476153021292038,3.5714285714285716,0.8686679174484052,0.02512562814070352
lmatrix,G3,91,28,0.23214285714285715,1,0.7956876905578486,3.2878968253968246,2.0,0.8936427776142039,1.1554594609313633,5.535714285714286,-1.0,0.18433734939759036
niche,G3,91,28,0.22193877551020408,3,0.8571032307652504,5.030945986196033,1.0,0.8686311893310862,0.5423678066549203,5.25,-0.03550295857988166,-0.343701399688958
pfim_metaweb,G3,91,28,0.13010204081632654,3,0.790610335850184,3.112728937728937,2.0,1.6892443153121253,0.7096245515367301,2.6785714285714284,-0.21033210332103322,-0.9037433155080213
pfim_downsample,G3,91,28,0.08035714285714286,4,0.936276875274551,3.294243055555555,3.0,1.6700925010455165,0.7804187965076103,1.2857142857142858,0.40816326530612246,-0.6206896551724138
random,G3,91,28,0.19005102040816327,4,0.9219106296209887,0.9204495777155504,1.0,0.3996321463826412,0.41251567028644887,4.357142857142857,0.5734072022160664,-0.027692307692307693
adbm,G4,91,44,0.30785123966942146,1,0.7644200465179484,3.499602441331721,2.0,0.8558450048243127,0.8599817519037195,12.568181818181818,-1.0,0.0036175710594315244
bodymassratio,G4,91,44,0.1709710743801653,4,0.8597694156052154,6.359928507017688,4.0,0.5420465360220847,0.5547850821945464,6.545454545454546,0.7128116938950989,0.007647323436797121
lmatrix,G4,91,44,0.24070247933884298,1,0.7725584462836504,3.030797302536433,2.0,0.9800464004469234,0.9914044267559183,9.613636363636363,-1.0,0.007599211933577259
niche,G4,91,44,0.22417355371900827,3,0.836380694459997,5.962289255833264,3.0,0.9738000031834542,0.21265148346246235,8.886363636363637,0.08609271523178808,-0.6009345794392523
pfim_metaweb,G4,91,44,0.1368801652892562,3,0.8504460455213982,3.1108560831960643,3.0,1.4653071707061418,0.5932664067256673,5.045454545454546,-0.19746835443037974,-0.6612149532710281
pfim_downsample,G4,91,44,0.08677685950413223,4,0.9380456515793373,2.999907407106676,3.0,1.4535922548965468,0.6831339108065615,2.840909090909091,0.21649484536082475,-0.5486381322957199
random,G4,91,44,0.23295454545454544,3,0.9321322236328398,0.5332221276456195,1.0,0.20948286495126192,0.3334278557606786,9.272727272727273,0.5211267605633803,0.06675143038779402
adbm,G1,92,47,0.30647351742870077,1,0.7893240964850611,4.168182269119772,2.0,0.8029435131076491,0.9477739525426047,13.425531914893616,-1.0,0.1385707741639945
bodymassratio,G1,92,47,0.1815301041195111,5,0.8444095001651358,7.054748615482975,4.0,0.6460734325593063,0.6842366667316193,7.553191489361702,0.5686002084056965,0.026065624041705
lmatrix,G1,92,47,0.22770484382073336,2,0.7823439584943227,3.093590279116594,3.0,1.1902325429197274,0.8881367333022716,9.72340425531915,-0.9558998808104887,-0.22327213822894168
niche,G1,92,47,0.18198279764599365,3,0.841255989501406,6.505388630033552,2.0,1.0316501880351419,0.3974589929844362,7.574468085106383,0.10893133711925658,-0.6898656898656899
pfim_metaweb,G1,92,47,0.11815301041195111,4,0.8315850490246237,2.6510787329285788,3.0,1.7514742960613416,0.5464685034798675,4.574468085106383,-0.42614601018675724,-0.7494543867306853
pfim_downsample,G1,92,47,0.06835672249886826,3,0.9414998533268086,2.528125,3.0,1.8776003662573488,0.6016514812371707,2.234042553191489,0.0821917808219178,-0.6584845250800427
random,G1,92,47,0.18334087822544137,4,0.9289236926419462,0.8504298538664757,1.0,0.2858569813148863,0.3435371879631008,7.638297872340425,0.6198630136986302,0.027220630372492838
adbm,G2,92,20,0.3,1,0.8114876068457354,3.44485992402659,2.0,0.9897131724609358,0.7983901931917722,5.05,-1.0,-0.1933884297520661
bodymassratio,G2,92,20,0.185,4,0.8801933243081884,5.627619047619047,5.0,0.5756720026061706,0.7798744907297535,2.75,0.5815899581589958,0.16216216216216217
lmatrix,G2,92,20,0.225,1,0.8373925141602978,3.185978835978836,2.0,0.9739958758700294,1.16590061176638,3.55,-1.0,0.15163147792706333
niche,G2,92,19,0.24930747922437674,4,0.8501222014593247,6.065542649243145,2.0,1.0218061418366984,0.364584435624436,3.789473684210526,-0.08196721311475409,-0.7315436241610739
pfim_metaweb,G2,92,20,0.175,3,0.7922802242263642,3.4594696969696974,2.0,1.4846149779161804,0.5676567244564473,2.55,-0.0963855421686747,-1.0
pfim_downsample,G2,92,20,0.125,3,0.9010813280335306,3.4191389518770468,3.0,1.5106638484977042,0.6680687011630497,1.55,0.21739130434782608,-0.7241379310344828
random,G2,92,20,0.19,4,0.9259328839324587,0.8896994347305734,1.0,0.4485482243298897,0.35818791967301084,2.85,0.6162790697674418,-0.06349206349206349
adbm,G3,92,28,0.2857142857142857,1,0.8005627017293885,3.5437268613739192,2.0,0.9848387722908798,0.8395600699837452,7.035714285714286,-1.0,-0.12701053799223516
bodymassratio,G3,92,28,0.19642857142857142,4,0.8558234125098909,5.5461797260240076,4.0,0.5823650628444272,0.7314693733426938,4.535714285714286,0.6350574712643678,0.10050251256281408
lmatrix,G3,92,28,0.2002551020408163,1,0.8284388360632751,3.2540875790875803,2.0,1.0493192493740082,1.212835293058458,4.642857142857143,-1.0,0.11621021465581051
niche,G3,92,28,0.1798469387755102,3,0.8682117223628203,4.590987827715356,2.0,0.9290469339138959,0.8839331700366154,4.071428571428571,-0.2852664576802508,-0.07947019867549669
pfim_metaweb,G3,92,28,0.13010204081632654,3,0.790610335850184,3.112728937728937,2.0,1.6892443153121253,0.7096245515367301,2.6785714285714284,-0.21033210332103322,-0.9037433155080213
pfim_downsample,G3,92,28,0.08035714285714286,3,0.9323023978807301,3.294011544011544,3.0,1.8329903657251816,0.7419742815465047,1.2857142857142858,0.2708333333333333,-0.7934782608695652
random,G3,92,28,0.19770408163265307,4,0.9254976617814554,0.690443076965612,1.0,0.41567913961078856,0.33157357199497695,4.571428571428571,0.6470588235294118,-0.08163265306122448
adbm,G4,92,44,0.327995867768595,1,0.7789113949944496,4.130372070659937,2.0,0.7555686547234091,0.9002787571294597,13.454545454545455,-1.0,0.14904847895541048
bodymassratio,G4,92,44,0.1565082644628099,5,0.8592289550874637,7.067617058779016,3.0,0.6138729400735077,0.6740351599733713,5.909090909090909,0.6941896024464832,0.038897095027080254
lmatrix,G4,92,44,0.253099173553719,2,0.7839498097899242,3.368673883627435,2.0,1.1058227570687982,0.7870251455693356,10.159090909090908,-0.794818652849741,-0.2508183943881528
niche,G4,92,44,0.1503099173553719,4,0.8717429680568919,5.649501573495575,2.0,0.8473479648761169,0.6085058560129704,5.636363636363637,0.28677966101694913,-0.23949889462048637
pfim_metaweb,G4,92,44,0.1368801652892562,3,0.8504460455213982,3.1108560831960643,3.0,1.4653071707061418,0.5932664067256673,5.045454545454546,-0.19746835443037974,-0.6612149532710281
pfim_downsample,G4,92,44,0.08677685950413223,4,0.9349618160385981,3.02788013399769,2.0,1.5106365832568895,0.6545126878979634,2.840909090909091,0.256198347107438,-0.5553168635875403
random,G4,92,44,0.1652892561983471,4,0.930860955498435,0.8709384838762694,1.0,0.37901915948381015,0.353820510270917,6.295454545454546,0.609375,-0.011627906976744186
adbm,G1,93,47,0.3168854685377999,1,0.7733500746287183,3.672688722497162,2.0,0.7608251020092478,0.9340628829943705,13.914893617021276,-1.0,0.1712
bodymassratio,G1,93,47,0.15980081484834766,5,0.8539946404384147,7.23654608537753,4.0,0.6132143833067047,0.6231885910749716,6.531914893617022,0.694410936871733,0.006324110671936759
lmatrix,G1,93,47,0.25169760072430963,2,0.7801829546367716,2.9893068303905848,2.0,1.1139880434228828,0.8131628411325168,10.851063829787234,-0.9648760330578512,-0.2237410071942446
niche,G1,93,47,0.1670439112720688,5,0.8729617745385215,7.10537311839564,2.0,0.9844588727456607,0.2695139974761783,6.872340425531915,0.19123505976095617,-0.6226865671641791
pfim_metaweb,G1,93,47,0.11815301041195111,4,0.8315850490246237,2.6510787329285788,3.0,1.7514742960613416,0.5464685034798675,4.574468085106383,-0.42614601018675724,-0.7494543867306853
pfim_downsample,G1,93,47,0.06835672249886826,4,0.9413705794809407,2.8305504722550174,4.0,1.7317193975080012,0.6866607358201331,2.234042553191489,0.20437956204379562,-0.651270207852194
random,G1,93,47,0.1453146220009054,4,0.9352397277585732,0.7121039115543841,1.0,0.3603581211616774,0.3278533471196305,5.851063829787234,0.728414442700157,0.004452359750667854
adbm,G2,93,20,0.32,1,0.7971331398767799,3.252932098765431,2.0,0.9031537397539685,0.8149003006503311,5.45,-1.0,-0.09688013136288999
bodymassratio,G2,93,20,0.1475,3,0.8833163196832671,4.9366666666666665,4.0,0.7497662386375734,0.8966962517423835,2.0,0.52,0.1388888888888889
lmatrix,G2,93,20,0.265,1,0.8074760045133645,3.077843915343916,2.0,0.9948246284123825,0.9544535710192602,4.35,-1.0,-0.036020583190394515
niche,G2,93,20,0.0975,3,0.9191563746066471,3.944444444444444,2.0,1.1219924638011627,0.654513961313674,1.0,0.6153846153846154,-0.3898305084745763
pfim_metaweb,G2,93,20,0.175,3,0.7922802242263642,3.4594696969696974,2.0,1.4846149779161804,0.5676567244564473,2.55,-0.0963855421686747,-1.0
pfim_downsample,G2,93,20,0.125,3,0.8922730627884551,3.267857142857142,2.0,1.581471666385126,0.6805570473787206,1.55,0.05263157894736842,-0.9444444444444444
random,G2,93,20,0.11,8,0.9372480558754444,5.3873417390051985,3.0,0.788675832885724,0.6008548354430853,1.25,0.6404494382022472,-0.18181818181818182
adbm,G3,93,28,0.3125,1,0.7788247823915215,3.3451121185316235,2.0,0.8953731745440678,0.8274212049132752,7.785714285714286,-1.0,-0.06608410704533042
bodymassratio,G3,93,28,0.15816326530612246,3,0.8637136829239337,5.194073060358401,4.0,0.6280281788095265,0.8300722409719555,3.4642857142857144,0.5698529411764706,0.16317991631799164
lmatrix,G3,93,28,0.25510204081632654,1,0.7963855446974791,3.1175713175713184,2.0,0.9934004451601802,0.97197774703989,6.178571428571429,-1.0,-0.01714961561206387
niche,G3,93,27,0.2716049382716049,3,0.8295491154918531,6.353367800817653,2.0,0.7035013693891139,0.4902092914215912,6.37037037037037,-0.10638297872340426,-0.525
pfim_metaweb,G3,93,28,0.13010204081632654,3,0.790610335850184,3.112728937728937,2.0,1.6892443153121253,0.7096245515367301,2.6785714285714284,-0.21033210332103322,-0.9037433155080213
pfim_downsample,G3,93,28,0.08035714285714286,3,0.9121374728144935,2.76986531986532,2.0,1.7513467285239837,0.7989476388821449,1.2857142857142858,0.17525773195876287,-0.6751269035532995
random,G3,93,28,0.2385204081632653,3,0.9172158084982036,0.7307233199455219,1.0,0.3577222280637307,0.29118071273059204,5.714285714285714,0.5816993464052288,-0.11042944785276074
adbm,G4,93,44,0.33419421487603307,1,0.7652032344891145,3.6322847637850417,2.0,0.7516652012141121,0.8709756388374232,13.727272727272727,-1.0,0.12580374615599665
bodymassratio,G4,93,44,0.15960743801652894,5,0.8610009722557148,7.23631986952351,4.0,0.526998328341409,0.5393796442375957,6.045454545454546,0.6950980392156862,0.00760043431053203
lmatrix,G4,93,44,0.26291322314049587,2,0.7806440404959961,2.9874186495200994,2.0,1.0402386028020962,0.8277568625281941,10.590909090909092,-0.9642445213379469,-0.16180221025786343
niche,G4,93,42,0.08390022675736962,5,0.8992545844710658,4.935833333333333,3.0,1.1198710039915634,0.827336532621517,2.5476190476190474,0.49606299212598426,-0.1808972503617945
pfim_metaweb,G4,93,44,0.1368801652892562,3,0.8504460455213982,3.1108560831960643,3.0,1.4653071707061418,0.5932664067256673,5.045454545454546,-0.19746835443037974,-0.6612149532710281
pfim_downsample,G4,93,44,0.08677685950413223,5,0.9427666838294604,2.8531110727839812,5.0,1.4044756357524482,0.7060992668569405,2.840909090909091,0.2540192926045016,-0.4352392065344224
random,G4,93,44,0.08161157024793389,7,0.9337403875980033,15.86016108243621,4.0,0.5212262426063775,0.6104705770528573,2.6136363636363638,0.8246445497630331,0.01639344262295082
adbm,G1,94,47,0.2965142598460842,1,0.7792953145622687,4.24268671696693,2.0,0.7920599094995153,0.9808345255875199,12.957446808510639,-1.0,0.17507904906897764
bodymassratio,G1,94,47,0.1797193300135808,6,0.842156757373934,8.123493329257933,1.0,0.6548935154930642,0.5708770551125615,7.468085106382978,0.6192498230714791,-0.05418403334402052
lmatrix,G1,94,47,0.23087369850611136,2,0.779974524433416,3.2153734975825574,2.0,1.1853316481583982,0.8380435560411175,9.872340425531915,-0.8479809976247031,-0.24977031106444414
niche,G1,94,47,0.1530104119511091,4,0.8662489652730412,5.101920311678772,3.0,1.0816342372694974,0.30908618892351036,6.212765957446808,0.2671081677704194,-0.5583019881783987
pfim_metaweb,G1,94,47,0.11815301041195111,4,0.8315850490246237,2.6510787329285788,3.0,1.7514742960613416,0.5464685034798675,4.574468085106383,-0.42614601018675724,-0.7494543867306853
pfim_downsample,G1,94,47,0.06835672249886826,4,0.9462643554924576,2.779976873108186,4.0,1.7462528607899954,0.6616683293331593,2.234042553191489,0.13432835820895522,-0.6256921373200443
random,G1,94,47,0.1733816206428248,4,0.9325674546559422,0.5934021420156416,1.0,0.30273747210143914,0.30703248330719335,7.170212765957447,0.6325336454066706,0.0058309037900874635
adbm,G2,94,20,0.325,1,0.79553626764144,3.473611111111111,2.0,0.9128993582227658,0.7756814546517313,5.55,-1.0,-0.1473851030110935
bodymassratio,G2,94,20,0.1575,4,0.9062820135656835,6.023452380952379,5.0,0.5851413226332799,0.7230044328726175,2.2,0.7430167597765364,0.09941520467836257
lmatrix,G2,94,20,0.245,2,0.8262513651890575,3.2339572192513364,3.0,0.9220002140239012,1.0255509501286424,3.95,-0.5915492957746479,0.07796610169491526
niche,G2,94,20,0.0725,3,0.9499171907348369,3.2916666666666665,2.0,1.1293467111530078,0.9874359353983693,0.5,0.5833333333333334,-0.13636363636363635
pfim_metaweb,G2,94,20,0.175,3,0.7922802242263642,3.4594696969696974,2.0,1.4846149779161804,0.5676567244564473,2.55,-0.0963855421686747,-1.0
pfim_downsample,G2,94,20,0.125,3,0.9164779385177516,3.5922705314009664,2.0,1.5162280067394391,0.5730803195291031,1.55,0.35802469135802467,-0.7477477477477478
random,G2,94,20,0.08,6,0.9618347189351497,2.2422574367528494,2.0,0.47121064682815744,0.8458489973486931,0.65,0.9459459459459459,0.4666666666666667
adbm,G3,94,28,0.30612244897959184,1,0.7986186117601266,3.5990910947712407,2.0,0.9139184392385609,0.8233850636020568,7.607142857142857,-1.0,-0.08432432432432432
bodymassratio,G3,94,28,0.17091836734693877,4,0.8780903183209412,5.961811067019401,5.0,0.591991023256446,0.6737574932230924,3.8214285714285716,0.7889447236180904,0.050793650793650794
lmatrix,G3,94,28,0.22704081632653061,2,0.8169193382349206,3.1953725490196083,3.0,0.9923044096207593,1.0453755389527468,5.392857142857143,-0.7052631578947368,0.03685196752029981
niche,G3,94,28,0.18622448979591838,3,0.8678334736577017,3.942841322551407,2.0,1.1427938456290894,0.32745382884008517,4.25,0.028708133971291867,-0.7241379310344828
pfim_metaweb,G3,94,28,0.13010204081632654,3,0.790610335850184,3.112728937728937,2.0,1.6892443153121253,0.7096245515367301,2.6785714285714284,-0.21033210332103322,-0.9037433155080213
pfim_downsample,G3,94,28,0.08035714285714286,3,0.9372605305220533,2.744107744107744,3.0,1.721857123122088,0.7989476388821449,1.2857142857142858,0.28,-0.6310679611650486
random,G3,94,28,0.1760204081632653,4,0.9151010914967818,30.99764698887478,2.0,0.5464705600919525,0.4274930152743973,3.9642857142857144,0.610738255033557,-0.11036789297658862
adbm,G4,94,44,0.3140495867768595,1,0.7765436766516124,4.160355366453693,2.0,0.7534132321785282,0.9405010856361177,12.840909090909092,-1.0,0.1844082211197732
bodymassratio,G4,94,44,0.1709710743801653,6,0.8530959231584626,8.15932725037908,3.0,0.6091564747575909,0.5758655609236947,6.545454545454546,0.6656151419558359,-0.02112676056338028
lmatrix,G4,94,44,0.24741735537190082,2,0.782331811766695,3.183144551627115,2.0,1.1323660775768234,0.7937151332120234,9.909090909090908,-0.8611111111111112,-0.2546736132393503
niche,G4,94,44,0.20506198347107438,4,0.8427318823529553,6.8470648932451175,2.0,0.9209400891022378,0.47233175004697875,8.045454545454545,-0.008027038445289396,-0.49478308621636463
pfim_metaweb,G4,94,44,0.1368801652892562,3,0.8504460455213982,3.1108560831960643,3.0,1.4653071707061418,0.5932664067256673,5.045454545454546,-0.19746835443037974,-0.6612149532710281
pfim_downsample,G4,94,44,0.08677685950413223,4,0.9313361907487172,3.0883343006330866,3.0,1.5011026199324986,0.6665875605653302,2.840909090909091,0.18559556786703602,-0.570267131242741
random,G4,94,44,0.23553719008264462,3,0.9264747138782125,0.5592404338547956,1.0,0.2706005864008352,0.23551998111809083,9.386363636363637,0.5427302996670367,-0.01802451333813987
adbm,G1,95,47,0.30104119511090993,1,0.7806488328377406,3.581479220407828,2.0,0.7894990889294993,0.9609655880466362,13.170212765957446,-1.0,0.1586317722681359
bodymassratio,G1,95,47,0.1765504753282028,5,0.8451346315884877,6.492490180964834,4.0,0.6082562802668492,0.5578986406965222,7.319148936170213,0.6944444444444444,-0.03010683068954354
lmatrix,G1,95,47,0.22996831145314622,1,0.7932782087659078,2.9222086048871763,2.0,1.1611349960610324,0.8810280267633415,9.829787234042554,-1.0,-0.1971271001667308
niche,G1,95,47,0.16885468537799908,4,0.865409052499449,5.783005197857746,2.0,0.8005595991159027,0.5520054504459658,6.957446808510638,0.2984344422700587,-0.2262135922330097
pfim_metaweb,G1,95,47,0.11815301041195111,4,0.8315850490246237,2.6510787329285788,3.0,1.7514742960613416,0.5464685034798675,4.574468085106383,-0.42614601018675724,-0.7494543867306853
pfim_downsample,G1,95,47,0.06835672249886826,4,0.9383577067344113,2.9810092864125126,4.0,1.7879674917747341,0.6988218372048077,2.234042553191489,0.14285714285714285,-0.6770186335403726
random,G1,95,47,0.16478044363965597,4,0.9329244776808916,1.0336026776487968,1.0,0.3357014220770465,0.31909601994101006,6.76595744680851,0.6704075605434141,-0.014749262536873156
adbm,G2,95,20,0.32,1,0.8062838243976281,3.275460030165912,2.0,0.8623974958158643,0.8503941617057104,5.45,-1.0,-0.013651877133105802
bodymassratio,G2,95,20,0.1675,5,0.9032949970422831,6.6171296296296305,1.0,0.6069480034831044,0.6516623343849687,2.4,0.75,0.030927835051546393
lmatrix,G2,95,20,0.2475,1,0.8218746148451684,2.9154320987654327,2.0,0.9863774442745721,1.0331760923423297,4.0,-1.0,0.03873239436619718
niche,G2,95,18,0.12037037037037036,4,0.9017484682064284,4.344715447154471,3.0,1.2490163202242655,0.4814700774018516,1.2222222222222223,0.5909090909090909,-0.5757575757575758
pfim_metaweb,G2,95,20,0.175,3,0.7922802242263642,3.4594696969696974,2.0,1.4846149779161804,0.5676567244564473,2.55,-0.0963855421686747,-1.0
pfim_downsample,G2,95,20,0.125,3,0.910448159957197,3.6020833333333333,2.0,1.488199194363867,0.6680687011630497,1.55,0.2289156626506024,-0.7708333333333334
random,G2,95,20,0.0875,8,0.9493454844435254,9.202360876897135,1.0,0.6652329732509673,0.7150371986748114,0.8,0.8536585365853658,0.2413793103448276
adbm,G3,95,28,0.30357142857142855,1,0.779874822962469,3.3640575622789917,2.0,0.8882158159142058,0.8677809061857646,7.535714285714286,-1.0,-0.0196078431372549
bodymassratio,G3,95,28,0.1798469387755102,5,0.878243939126361,6.664361611735744,1.0,0.6102344364847233,0.6173729180447546,4.071428571428571,0.7114093959731543,0.004580152671755725
lmatrix,G3,95,28,0.22959183673469388,1,0.8031937005237226,2.9917171503709965,2.0,1.0296029839344625,1.0399957792464736,5.464285714285714,-1.0,0.007702182284980745
niche,G3,95,28,0.2066326530612245,3,0.8487057495257596,4.294520185878375,2.0,0.7517096712658577,0.8472037426472049,4.821428571428571,-0.060948081264108354,0.11977715877437325
pfim_metaweb,G3,95,28,0.13010204081632654,3,0.790610335850184,3.112728937728937,2.0,1.6892443153121253,0.7096245515367301,2.6785714285714284,-0.21033210332103322,-0.9037433155080213
pfim_downsample,G3,95,28,0.08035714285714286,4,0.9249138233176138,3.2389924242424235,3.0,1.6831829103362235,0.8606629658238704,1.2857142857142858,0.2,-0.6020408163265306
random,G3,95,28,0.20280612244897958,4,0.9212971283361148,0.596746735315505,1.0,0.4446092280521606,0.32170561015041144,4.714285714285714,0.5305164319248826,-0.11326860841423948
adbm,G4,95,44,0.31663223140495866,1,0.7720134572632895,3.6152632883935043,2.0,0.813315038406898,0.8640317895489287,12.954545454545455,-1.0,0.04756800214390996
bodymassratio,G4,95,44,0.17200413223140495,4,0.8553351646558532,6.379439992270875,4.0,0.505276281234828,0.5052762812348282,6.590909090909091,0.7407732864674869,0.0
lmatrix,G4,95,44,0.2453512396694215,1,0.7856651167556971,2.8815102659276204,2.0,1.0250158669697655,0.9173495062413085,9.818181818181818,-1.0,-0.07447413303013076
niche,G4,95,44,0.10898760330578512,4,0.903500838511789,5.726540900194684,2.0,1.065753166647053,0.3883835770233841,3.8181818181818183,0.5364806866952789,-0.43564356435643564
pfim_metaweb,G4,95,44,0.1368801652892562,3,0.8504460455213982,3.1108560831960643,3.0,1.4653071707061418,0.5932664067256673,5.045454545454546,-0.19746835443037974,-0.6612149532710281
pfim_downsample,G4,95,44,0.08677685950413223,4,0.9397849180131714,3.163028632878068,4.0,1.5798041835112762,0.6760922050469554,2.840909090909091,0.13131313131313133,-0.5774011299435028
random,G4,95,44,0.09659090909090909,6,0.9328508164063583,29.030844349758613,2.0,0.45705576887182675,0.4513866407112304,3.272727272727273,0.8232758620689655,-0.004329004329004329
adbm,G1,96,47,0.3105477591670439,1,0.7630286822349515,3.8737892856046323,2.0,0.7917651192797135,0.9277812379130383,13.617021276595745,-1.0,0.13175442630489767
bodymassratio,G1,96,47,0.17473970122227253,5,0.8516847006672026,7.280503206257597,3.0,0.6249713000004179,0.6326596177509562,7.23404255319149,0.6496791241978105,0.004865390853065196
lmatrix,G1,96,47,0.23675871435038479,2,0.7914252906735811,2.983420305254154,2.0,1.139136402300202,0.8667628185364347,10.148936170212766,-0.9597238204833142,-0.20139787729743722
niche,G1,96,47,0.2254413761883205,3,0.8418907674955759,6.28333842083842,2.0,0.9335971179389465,0.4563082167163111,9.617021276595745,-0.030408340573414423,-0.5789473684210527
pfim_metaweb,G1,96,47,0.11815301041195111,4,0.8315850490246237,2.6510787329285788,3.0,1.7514742960613416,0.5464685034798675,4.574468085106383,-0.42614601018675724,-0.7494543867306853
pfim_downsample,G1,96,47,0.06835672249886826,5,0.9467783413056814,2.7820543093270365,4.0,1.7353641742393486,0.6356941009385111,2.234042553191489,0.20187793427230047,-0.6308040770101925
random,G1,96,47,0.22272521502942508,3,0.929000146247689,0.6002589458512533,1.0,0.28786388548598496,0.24787112267696326,9.48936170212766,0.5338842975206611,-0.018069179143004648
adbm,G2,96,20,0.3,1,0.8028421642959368,3.581290849673201,2.0,0.9160683853019422,0.8802578038106736,5.05,-1.0,-0.037162162162162164
bodymassratio,G2,96,20,0.1775,5,0.893261025884491,6.475308641975308,1.0,0.6928661338731742,0.716570810159983,2.6,0.6039603960396039,0.01818181818181818
lmatrix,G2,96,20,0.23,1,0.8179851383856198,2.9295739348370913,2.0,0.9959623990834299,1.1359660486980443,3.65,-1.0,0.10830324909747292
niche,G2,96,18,0.08333333333333333,3,0.9378662138592027,3.166666666666667,2.0,1.1715583722580123,0.6567895774291853,0.5555555555555556,0.5,-0.5151515151515151
pfim_metaweb,G2,96,20,0.175,3,0.7922802242263642,3.4594696969696974,2.0,1.4846149779161804,0.5676567244564473,2.55,-0.0963855421686747,-1.0
pfim_downsample,G2,96,20,0.125,4,0.9174060637617316,3.442789330922242,2.0,1.465390194130093,0.6291180125256394,1.55,0.4358974358974359,-0.6851851851851852
random,G2,96,19,0.07202216066481995,8,0.9648287301541532,9.103703703703703,3.0,0.6979824404521128,0.6070482359872673,0.42105263157894735,0.9285714285714286,-0.06666666666666667
adbm,G3,96,28,0.2971938775510204,1,0.7943668600382637,3.7065348219032432,2.0,0.9198948211857229,0.8591651053998414,7.357142857142857,-1.0,-0.05741898806139852
bodymassratio,G3,96,28,0.19005102040816327,5,0.874499082312511,6.380145502645502,4.0,0.583265139225679,0.640956840863681,4.357142857142857,0.6024279210925645,0.04035874439461883
lmatrix,G3,96,28,0.22321428571428573,1,0.8098981319460467,2.926787011100737,2.0,1.0115774260475017,1.0918146634201518,5.285714285714286,-1.0,0.057234726688102894
niche,G3,96,28,0.20280612244897958,4,0.8482560787022685,5.3,3.0,1.0599179330563377,0.47941356751386244,4.714285714285714,0.2026431718061674,-0.4182344428364689
pfim_metaweb,G3,96,28,0.13010204081632654,3,0.790610335850184,3.112728937728937,2.0,1.6892443153121253,0.7096245515367301,2.6785714285714284,-0.21033210332103322,-0.9037433155080213
pfim_downsample,G3,96,28,0.08035714285714286,4,0.9323713433587018,2.9008049242424243,3.0,1.6918535815432985,0.8434909062982086,1.2857142857142858,0.325,-0.5086206896551724
random,G3,96,28,0.2423469387755102,4,0.9197460461931352,0.893522326401016,1.0,0.3167237641093827,0.39166445648774245,5.821428571428571,0.48068669527896996,0.07142857142857142
adbm,G4,96,44,0.31611570247933884,1,0.7747891970350395,3.8570137629118486,2.0,0.7509814306160704,0.934552827155488,12.931818181818182,-1.0,0.18289043626545404
bodymassratio,G4,96,44,0.17768595041322313,6,0.8543671192194547,7.452571276210357,4.0,0.5621364012124758,0.5688644183386398,6.840909090909091,0.6448040885860307,0.004251700680272109
lmatrix,G4,96,44,0.246900826446281,2,0.7860310054149274,2.961813310689817,3.0,1.1146521533423737,0.8265685186246658,9.886363636363637,-0.9580602883355177,-0.214577347648571
niche,G4,96,44,0.18698347107438015,4,0.8495153521532294,6.36053816457885,2.0,1.0409310062257946,0.4160136787213298,7.25,0.018121911037891267,-0.6311111111111111
pfim_metaweb,G4,96,44,0.1368801652892562,3,0.8504460455213982,3.1108560831960643,3.0,1.4653071707061418,0.5932664067256673,5.045454545454546,-0.19746835443037974,-0.6612149532710281
pfim_downsample,G4,96,44,0.08677685950413223,5,0.9312296185772337,2.819164936320423,3.0,1.4818506852434683,0.7195267301449849,2.840909090909091,0.05844155844155844,-0.5028768699654775
random,G4,96,44,0.24586776859504134,3,0.928563118453177,0.6286974779124808,1.0,0.26392690565424126,0.28492574167608353,9.840909090909092,0.5249764373232799,0.008987417615338526
adbm,G1,97,47,0.3114531462200091,1,0.7798157447353387,3.8152777268347147,2.0,0.7889191820221237,0.9227525670246709,13.659574468085106,-1.0,0.12880775812892184
bodymassratio,G1,97,47,0.17473970122227253,5,0.8552741071920809,7.072976587945129,1.0,0.54152918696155,0.5313149587656902,7.23404255319149,0.7020036429872496,-0.005946135012242042
lmatrix,G1,97,47,0.2381167949298325,1,0.7872205209670841,2.9573472148922484,2.0,1.1176795236413897,0.8807483019526989,10.212765957446809,-1.0,-0.17028714107365792
niche,G1,97,46,0.1110586011342155,4,0.8798371117923314,4.1267855575137204,2.0,1.044972924075886,0.4816508338811231,4.130434782608695,0.46248600223964165,-0.40436241610738255
pfim_metaweb,G1,97,47,0.11815301041195111,4,0.8315850490246237,2.6510787329285788,3.0,1.7514742960613416,0.5464685034798675,4.574468085106383,-0.42614601018675724,-0.7494543867306853
pfim_downsample,G1,97,47,0.06835672249886826,4,0.9367673802844037,2.6408976124885215,4.0,1.7341500998253012,0.7107748969902912,2.234042553191489,0.07335907335907337,-0.6323529411764706
random,G1,97,47,0.10638297872340426,5,0.9387427674121259,55.03226682975258,4.0,0.42528762645695595,0.37763566522797326,4.0212765957446805,0.7686746987951807,-0.04735376044568245
adbm,G2,97,20,0.33,1,0.7822796073260089,3.040897603485839,2.0,0.928032337334619,0.7231408410833424,5.65,-1.0,-0.219435736677116
bodymassratio,G2,97,20,0.1575,4,0.9186661248615343,5.994047619047619,5.0,0.5572833854670834,0.5760050655517137,2.2,0.8488372093023255,0.011764705882352941
lmatrix,G2,97,20,0.2575,1,0.7803372082226355,2.7190476190476187,2.0,0.7774013176524449,1.1256760474229732,4.2,-1.0,0.2557427258805513
niche,G2,97,20,0.1325,4,0.9122483775568663,4.84,2.0,1.0762466937090147,0.5088635594402967,1.7,0.47126436781609193,-0.5238095238095238
pfim_metaweb,G2,97,20,0.175,3,0.7922802242263642,3.4594696969696974,2.0,1.4846149779161804,0.5676567244564473,2.55,-0.0963855421686747,-1.0
pfim_downsample,G2,97,20,0.125,3,0.9058985413798762,3.50303270042194,2.0,1.4711255984163247,0.6805570473787205,1.55,0.1590909090909091,-0.7241379310344828
random,G2,97,20,0.1675,6,0.9138256705457561,11.665488531222799,2.0,0.5328874179845269,0.5416167034292233,2.4,0.5870967741935483,0.015625
adbm,G3,97,28,0.3163265306122449,1,0.7819010481623403,3.1960884353741488,2.0,0.8829871135670982,0.8110858484734302,7.892857142857143,-1.0,-0.0693175711982805
bodymassratio,G3,97,28,0.1760204081632653,4,0.8808071466319399,6.012620577331461,1.0,0.5602476367522938,0.5265774349819475,3.9642857142857144,0.7838765008576329,-0.019672131147540985
lmatrix,G3,97,28,0.2372448979591837,1,0.7947365297226514,2.8115079365079367,2.0,0.8922067803708025,1.1002981003783752,5.678571428571429,-1.0,0.14693634741225461
niche,G3,97,28,0.13903061224489796,4,0.9037146433519274,6.679190564142445,1.0,0.7410209360113275,0.5863590412447519,2.9285714285714284,0.32432432432432434,-0.1625615763546798
pfim_metaweb,G3,97,28,0.13010204081632654,3,0.790610335850184,3.112728937728937,2.0,1.6892443153121253,0.7096245515367301,2.6785714285714284,-0.21033210332103322,-0.9037433155080213
pfim_downsample,G3,97,28,0.08035714285714286,3,0.9359647011056476,3.584951680769409,2.0,1.721857123122088,0.7709874072096787,1.2857142857142858,0.3225806451612903,-0.7959183673469388
random,G3,97,28,0.21556122448979592,5,0.9155381490742242,1.0240578531791598,1.0,0.33587761107061503,0.4265526362021695,5.071428571428571,0.5358649789029536,0.07356948228882834
adbm,G4,97,44,0.3269628099173554,1,0.7679783088668973,3.3628221254485298,2.0,0.7591140536301776,0.8823323700089465,13.409090909090908,-1.0,0.12311901504787962
bodymassratio,G4,97,44,0.16477272727272727,4,0.867080548995593,6.658969138290251,1.0,0.5066818413953136,0.4861832932329218,6.2727272727272725,0.711556829035339,-0.011813045711350795
lmatrix,G4,97,44,0.256198347107438,1,0.7899547564021246,2.9044899751838775,2.0,1.053519091245576,0.844258220561545,10.295454545454545,-1.0,-0.15275235815852456
niche,G4,97,44,0.19369834710743802,3,0.8367384082186261,4.962784610403257,3.0,0.985420877041663,0.42755953088988713,7.545454545454546,0.11233480176211454,-0.4831693423096841
pfim_metaweb,G4,97,44,0.1368801652892562,3,0.8504460455213982,3.1108560831960643,3.0,1.4653071707061418,0.5932664067256673,5.045454545454546,-0.19746835443037974,-0.6612149532710281
pfim_downsample,G4,97,44,0.08677685950413223,4,0.9402777782091246,3.4740733881200225,4.0,1.5368095109931985,0.5984960673078183,2.840909090909091,0.3035143769968051,-0.5780487804878048
random,G4,97,44,0.1740702479338843,4,0.934877834960874,0.5703221020451975,1.0,0.3222144334353904,0.2911924405021485,6.681818181818182,0.6604850213980028,-0.0035460992907801418
adbm,G1,98,47,0.2906292440018108,1,0.7807659131820018,3.7010193760308723,2.0,0.8004019340163058,0.9907346501999986,12.680851063829786,-1.0,0.1742288912706919
bodymassratio,G1,98,47,0.1815301041195111,5,0.8437986589830448,6.642372013817269,4.0,0.6529702169554991,0.606495265945408,7.553191489361702,0.6534727408513816,-0.02863822326125073
lmatrix,G1,98,47,0.21367134449977365,1,0.7859572632937978,2.978213691154068,2.0,1.2379672181973367,0.9166280007507075,9.063829787234043,-1.0,-0.22299361288530964
niche,G1,98,47,0.06790402897238569,4,0.923231681762411,3.870025688214094,2.0,1.2544198189304903,0.5939274016696875,2.2127659574468086,0.7482993197278912,-0.4028985507246377
pfim_metaweb,G1,98,47,0.11815301041195111,4,0.8315850490246237,2.6510787329285788,3.0,1.7514742960613416,0.5464685034798675,4.574468085106383,-0.42614601018675724,-0.7494543867306853
pfim_downsample,G1,98,47,0.06835672249886826,4,0.9374216300738094,2.6941690962099116,3.0,1.7926730727270075,0.6958014886768988,2.234042553191489,0.14285714285714285,-0.6353711790393013
random,G1,98,47,0.06835672249886826,9,0.9393376839409694,92.75556233990588,1.0,0.5874823493838988,0.5618271720666659,2.234042553191489,0.8753117206982544,-0.0391644908616188
adbm,G2,98,20,0.305,1,0.8093947401692845,3.3357583774250434,2.0,0.9040285233165415,0.870552003105033,5.15,-1.0,-0.03541315345699832
bodymassratio,G2,98,20,0.185,4,0.8748820184547853,5.4682539682539675,1.0,0.614436800955963,0.6797883371366873,2.75,0.7863247863247863,0.04247104247104247
lmatrix,G2,98,20,0.2125,1,0.8214990404283921,2.904464285714285,2.0,1.060198625483949,1.1523850304576477,3.3,-1.0,0.0682261208576998
niche,G2,98,20,0.1825,4,0.8802161040242573,6.1268518518518515,3.0,1.0300134918076294,0.5641091023177477,2.7,-0.13095238095238096,-0.635036496350365
pfim_metaweb,G2,98,20,0.175,3,0.7922802242263642,3.4594696969696974,2.0,1.4846149779161804,0.5676567244564473,2.55,-0.0963855421686747,-1.0
pfim_downsample,G2,98,20,0.125,3,0.9012741772902986,3.4717763509898343,2.0,1.5106638484977042,0.6680687011630497,1.55,0.19480519480519481,-0.7094017094017094
random,G2,98,20,0.21,5,0.9049480928603335,0.7979406362499697,1.0,0.3506085616864872,0.4982365369339018,3.25,0.4845360824742268,0.0650887573964497
adbm,G3,98,28,0.30739795918367346,1,0.8057786890724787,3.3327890399074613,2.0,0.8673232224936533,0.8557172180086312,7.642857142857143,-1.0,-0.011098779134295227
bodymassratio,G3,98,28,0.18877551020408162,4,0.8730735960263976,5.757230499624403,1.0,0.5297726280356453,0.5145398310376085,4.321428571428571,0.7459379615952733,-0.008982035928143712
lmatrix,G3,98,28,0.21556122448979592,1,0.8109615182240454,2.8390022675736963,2.0,0.9760025744882065,1.1286487130426515,5.071428571428571,-1.0,0.10167310167310167
niche,G3,98,28,0.21428571428571427,4,0.8522288112601626,5.427978222815025,2.0,1.021376461713902,0.28688765527462345,5.035714285714286,0.08823529411764706,-0.7252252252252253
pfim_metaweb,G3,98,28,0.13010204081632654,3,0.790610335850184,3.112728937728937,2.0,1.6892443153121253,0.7096245515367301,2.6785714285714284,-0.21033210332103322,-0.9037433155080213
pfim_downsample,G3,98,28,0.08035714285714286,3,0.9118657865558333,2.7546296296296293,3.0,1.721857123122088,0.8606629658238704,1.2857142857142858,0.23529411764705882,-0.5876288659793815
random,G3,98,28,0.1989795918367347,4,0.9297478790523658,0.9043870520670148,1.0,0.3434437188813592,0.41285973635867346,4.607142857142857,0.6031331592689295,0.022082018927444796
adbm,G4,98,44,0.32076446280991733,1,0.773957666042694,3.662154854490048,2.0,0.756078179107381,0.9062361051114043,13.136363636363637,-1.0,0.14718435908026986
bodymassratio,G4,98,44,0.1683884297520661,5,0.8647889835827404,6.642940335291774,4.0,0.5168807441684183,0.48908604423049934,6.431818181818182,0.7340720221606648,-0.015632401705352912
lmatrix,G4,98,44,0.24380165289256198,1,0.7867332294471926,2.9548982875756344,2.0,1.0816032772720987,0.8745683267125337,9.75,-1.0,-0.14632009345794392
niche,G4,98,44,0.2365702479338843,4,0.826354460168976,5.733166818089393,3.0,0.892917066124766,0.5046750063044759,9.431818181818182,-0.06964994586791771,-0.4010965837199494
pfim_metaweb,G4,98,44,0.1368801652892562,3,0.8504460455213982,3.1108560831960643,3.0,1.4653071707061418,0.5932664067256673,5.045454545454546,-0.19746835443037974,-0.6612149532710281
pfim_downsample,G4,98,44,0.08677685950413223,3,0.9356937718793198,3.1335911838618205,3.0,1.5190609843991396,0.6784475611139439,2.840909090909091,0.22162162162162163,-0.5725
random,G4,98,44,0.2365702479338843,3,0.9232396724144895,0.6869664653602067,1.0,0.2947035892629008,0.27355163335307603,9.431818181818182,0.4771744353676117,-0.01310615989515072
adbm,G1,99,47,0.3055681303757356,1,0.7669710218991098,3.5215272761103975,2.0,0.830294764428309,0.9041862442874042,13.382978723404255,-1.0,0.06820731433699798
bodymassratio,G1,99,47,0.17790855590765053,4,0.856883258084661,6.4176830676973005,1.0,0.5578418844407333,0.59505876643985,7.382978723404255,0.723121179431859,0.021609771374882555
lmatrix,G1,99,47,0.2286102308736985,1,0.7905925405629396,3.060916802618483,2.0,1.101119931520504,0.9525837110227776,9.76595744680851,-1.0,-0.1047052740434333
niche,G1,99,47,0.2032593933906745,8,0.8448169592616545,6.711247272822097,3.0,0.9367200941370453,0.5732603084908515,8.574468085106384,0.012658227848101266,-0.3985780008364701
pfim_metaweb,G1,99,47,0.11815301041195111,4,0.8315850490246237,2.6510787329285788,3.0,1.7514742960613416,0.5464685034798675,4.574468085106383,-0.42614601018675724,-0.7494543867306853
pfim_downsample,G1,99,47,0.06835672249886826,4,0.9390142297083092,2.5955908289241623,3.0,1.7582723164829683,0.6866607358201331,2.234042553191489,0.19696969696969696,-0.5662393162393162
random,G1,99,47,0.17428700769578995,3,0.930152741952831,0.6716805068090224,1.0,0.29536396995868697,0.35966248417760277,7.212765957446808,0.6352433764633395,0.03541823662396383
adbm,G2,99,20,0.3175,1,0.7977018018633087,3.5126599040289506,2.0,0.8985388923469433,0.8274522093921811,5.4,-1.0,-0.07872696817420435
bodymassratio,G2,99,20,0.1725,4,0.8618099611582043,5.839285714285714,4.0,0.6747102065739,0.7838507532295474,2.5,0.7409326424870466,0.075
lmatrix,G2,99,20,0.235,1,0.8442443964059634,3.1666666666666674,2.0,0.9740381551084932,1.1175677221494615,3.75,-1.0,0.11819887429643527
niche,G2,99,19,0.0997229916897507,3,0.9242841916362267,2.9690476190476187,2.0,1.2426740051709346,0.823189287810847,0.9473684210526315,0.21212121212121213,-0.3150684931506849
pfim_metaweb,G2,99,20,0.175,3,0.7922802242263642,3.4594696969696974,2.0,1.4846149779161804,0.5676567244564473,2.55,-0.0963855421686747,-1.0
pfim_downsample,G2,99,20,0.125,3,0.9162641406844217,3.6031746031746033,3.0,1.53828339049529,0.6291180125256394,1.55,0.2127659574468085,-0.7606837606837606
random,G2,99,20,0.09,9,0.9649151483913793,6.510810810810812,4.0,0.8756321396137915,0.6647144906845764,0.85,0.92,-0.11538461538461539
adbm,G3,99,28,0.3048469387755102,1,0.7801763203267273,3.5671518238705753,2.0,0.9461359016909251,0.804426479514757,7.571428571428571,-1.0,-0.13926940639269406
bodymassratio,G3,99,28,0.1875,4,0.8385182469155094,5.83037037037037,1.0,0.6341264874742278,0.7577044715319807,4.285714285714286,0.8,0.0730593607305936
lmatrix,G3,99,28,0.20408163265306123,1,0.8341118539992436,3.1592032967032972,2.0,1.0280104841661664,1.2019659821401862,4.75,-1.0,0.12400290065264685
niche,G3,99,28,0.22576530612244897,4,0.852091636643707,5.082404512817407,3.0,0.6808233020807862,0.6628894880149923,5.357142857142857,0.12303664921465969,0.07480314960629922
pfim_metaweb,G3,99,28,0.13010204081632654,3,0.790610335850184,3.112728937728937,2.0,1.6892443153121253,0.7096245515367301,2.6785714285714284,-0.21033210332103322,-0.9037433155080213
pfim_downsample,G3,99,28,0.08035714285714286,3,0.9080612831568499,3.067883895131086,3.0,1.7638342073763937,0.8606629658238704,1.2857142857142858,0.2631578947368421,-0.726775956284153
random,G3,99,28,0.21683673469387754,4,0.9227711460633788,0.8668001386516345,1.0,0.3584179285532383,0.3667313214116281,5.107142857142857,0.5291902071563088,0.0045662100456621
adbm,G4,99,44,0.32489669421487605,1,0.7640904268445929,4.159568626179503,2.0,0.7834105558630384,0.8794912452683729,13.318181818181818,-1.0,0.09645507007419621
bodymassratio,G4,99,44,0.16477272727272727,5,0.8767456538531082,7.507293827399991,1.0,0.5445605509246118,0.6197979873435964,6.2727272727272725,0.7884899163797344,0.04243463351907415
lmatrix,G4,99,44,0.2453512396694215,2,0.7945831918361875,3.148093815092081,3.0,1.0727679869253288,0.8782305214492372,9.818181818181818,-0.9112850619699935,-0.14543508181679154
niche,G4,99,44,0.1637396694214876,3,0.8642372592396798,5.564613765402801,2.0,0.9577121202469168,0.47574394877600346,6.2272727272727275,0.17448405253283303,-0.41196198993851313
pfim_metaweb,G4,99,44,0.1368801652892562,3,0.8504460455213982,3.1108560831960643,3.0,1.4653071707061418,0.5932664067256673,5.045454545454546,-0.19746835443037974,-0.6612149532710281
pfim_downsample,G4,99,44,0.08677685950413223,4,0.9375044303647398,3.1084769892680835,3.0,1.5399203691904872,0.687788330088753,2.840909090909091,0.13972602739726028,-0.5507900677200903
random,G4,99,44,0.17200413223140495,4,0.9310598427152401,0.7100917118180179,1.0,0.33035826406090585,0.3021120013395214,6.590909090909091,0.636594663278272,-0.009478672985781991
adbm,G1,100,47,0.28564961521050247,1,0.7665974389691123,3.223535847859756,2.0,0.8822402796533142,0.9308020033030024,12.446808510638299,-1.0,0.040804918949133594
bodymassratio,G1,100,47,0.18288818469895882,4,0.8424786099212688,5.878079075367931,4.0,0.5582786099132593,0.6192456508110364,7.617021276595745,0.6986301369863014,0.03643966547192354
lmatrix,G1,100,47,0.21412403802625624,1,0.7727211863174781,2.7658523908523907,2.0,1.0960440920596206,1.0266781072173023,9.085106382978724,-1.0,-0.04518508760374127
niche,G1,100,47,0.19692168401991852,5,0.8490127495545562,5.890524501067941,2.0,0.9929368509271742,0.5656870496673749,8.27659574468085,-0.05461254612546126,-0.49637542922548644
pfim_metaweb,G1,100,47,0.11815301041195111,4,0.8315850490246237,2.6510787329285788,3.0,1.7514742960613416,0.5464685034798675,4.574468085106383,-0.42614601018675724,-0.7494543867306853
pfim_downsample,G1,100,47,0.06835672249886826,5,0.9390746398067673,2.849589266887245,3.0,1.7666372798272942,0.6422861410513618,2.234042553191489,0.1965065502183406,-0.638118214716526
random,G1,100,47,0.20597555454956995,3,0.9336516869629622,0.45890824970092015,1.0,0.27843194601399074,0.23506613215005906,8.702127659574469,0.5878504672897197,-0.01259748050389922
adbm,G2,100,20,0.31,1,0.7999873843255217,3.1259485612426783,2.0,0.9027405924459005,0.8316932580270952,5.25,-1.0,-0.07246376811594203
bodymassratio,G2,100,20,0.1875,4,0.8973004571967994,6.003032879818593,1.0,0.5986339224429361,0.5394387379923541,2.8,0.6311475409836066,-0.04433497536945813
lmatrix,G2,100,20,0.225,1,0.8233191255223596,2.8866666666666667,2.0,0.9469351402519893,1.143390760042011,3.55,-1.0,0.14495412844036698
niche,G2,100,20,0.17,3,0.8871814372323881,4.5625,2.0,1.0685824779167619,0.6973164472785922,2.45,0.12396694214876033,-0.33624454148471616
pfim_metaweb,G2,100,20,0.175,3,0.7922802242263642,3.4594696969696974,2.0,1.4846149779161804,0.5676567244564473,2.55,-0.0963855421686747,-1.0
pfim_downsample,G2,100,20,0.125,3,0.9068747822388218,3.4313271604938276,2.0,1.465390194130093,0.6680687011630496,1.55,0.18095238095238095,-0.7924528301886793
random,G2,100,20,0.14,5,0.9281512911164309,47.40479369569104,1.0,0.5976143046671968,0.48611217669908613,1.85,0.7528089887640449,-0.07462686567164178
adbm,G3,100,28,0.2895408163265306,1,0.7886674256024536,3.317126190476191,2.0,0.9152902432136725,0.909112785299727,7.142857142857143,-1.0,-0.005747126436781609
bodymassratio,G3,100,28,0.19642857142857142,4,0.8657016279742749,5.8768877131099355,1.0,0.524863881081478,0.6288639360110456,4.535714285714286,0.648766328011611,0.06758620689655172
lmatrix,G3,100,28,0.2002551020408163,1,0.8135509762885138,2.8192640692640683,2.0,1.0737335826358494,1.1530858340586716,4.642857142857143,-1.0,0.053304904051172705
niche,G3,100,28,0.2602040816326531,3,0.825794806637338,4.877272727272728,2.0,1.007822509106789,0.4140580049918815,6.321428571428571,-0.2766531713900135,-0.6306068601583114
pfim_metaweb,G3,100,28,0.13010204081632654,3,0.790610335850184,3.112728937728937,2.0,1.6892443153121253,0.7096245515367301,2.6785714285714284,-0.21033210332103322,-0.9037433155080213
pfim_downsample,G3,100,28,0.08035714285714286,3,0.9323638227126592,3.125,2.0,1.7004800419628143,0.7897375600849125,1.2857142857142858,0.3333333333333333,-0.5614973262032086
random,G3,100,28,0.22193877551020408,5,0.9144873953052611,0.7973595571565454,1.0,0.3402563472732434,0.3801929949988187,5.25,0.5010660980810234,0.03836317135549872
adbm,G4,100,44,0.2990702479338843,1,0.769576395537755,3.1635351473370052,2.0,0.818789434879899,0.9315786851644362,12.181818181818182,-1.0,0.09947218838814453
bodymassratio,G4,100,44,0.18181818181818182,4,0.8515477931568585,5.782649112402011,3.0,0.5445288127427022,0.5705974021574557,7.0227272727272725,0.6754530477759473,0.01579778830963665
lmatrix,G4,100,44,0.2231404958677686,1,0.7789893513068961,2.7872010342598554,2.0,1.1456604568601423,0.9192350848882116,8.840909090909092,-1.0,-0.14791634864906122
niche,G4,100,44,0.09504132231404959,4,0.9000179409143791,4.647222222222222,2.0,1.1592538640244208,0.5655867191895071,3.2045454545454546,0.4063157894736842,-0.4416961130742049
pfim_metaweb,G4,100,44,0.1368801652892562,3,0.8504460455213982,3.1108560831960643,3.0,1.4653071707061418,0.5932664067256673,5.045454545454546,-0.19746835443037974,-0.6612149532710281
pfim_downsample,G4,100,44,0.08677685950413223,3,0.9362251217941614,2.91099580362448,3.0,1.5347321024096505,0.6090642301167762,2.840909090909091,0.21179624664879357,-0.6181384248210023
random,G4,100,44,0.11208677685950413,6,0.92834636014144,100.69571925229499,1.0,0.46975600497838116,0.48379390152341323,3.9545454545454546,0.788961038961039,-0.02155887230514096
