id,model,richness,connectance,deficiency,complexity,distance,basal,top,generality,vulnerability,S1,S2,S4,S5
during_traits,pfim_basal,55,0.20099173553719007,0.9454545454545454,0.44593871513754496,2.0,42.0,1.0,20.954464018188638,3.2853106387777085,0.0,0.0,0.0,6.0
post_traits,pfim_basal,54,0.20541838134430726,0.9259259259259259,0.5205164625678407,2.0,33.0,7.0,17.790466514738156,6.478610724933789,0.0,0.0,10.0,1.0
pre_traits,pfim_basal,356,0.06888334806211337,0.9803370786516854,0.5572710207991637,2.0,309.0,18.0,83.95761540046027,7.468020124281506,0.0,0.0,213.0,612.0
