id,model,richness,connectance,deficiency,complexity,distance,basal,top,generality,vulnerability,S1,S2,S4,S5
during_traits,pfim_size,54,0.16666666666666666,0.7777777777777778,0.6483433925559826,2.0,41.0,0.0,17.18050672479583,4.291281200250415,0.0,0.0,0.0,1.0
post_traits,pfim_size,53,0.1512993948024208,0.7169811320754716,0.6889504648019329,2.0,38.0,7.0,13.404205089387974,6.42258804184867,0.0,0.0,0.0,0.0
pre_traits,pfim_size,355,0.0631303312834755,0.9126760563380282,0.6012829027256903,3.0,323.0,24.0,77.75363008455935,8.152146944275861,0.0,0.0,47.0,314.0
