id,model,richness,connectance,complexity,distance,basal,top,S1,S2,S4,S5
during_traits,pfim,54,0.14574759945130317,0.8896802952873869,2.0,42.0,0.0,22.0,57.0,0.0,1729.0
post_traits,pfim,53,0.12068351726593093,0.9212029159012465,2.0,38.0,7.0,34.0,40.0,31.0,521.0
pre_traits,pfim,356,0.05458591086983967,0.8088451846281582,2.0,328.0,22.0,35.0,169.0,8.0,49528.0
