id,model,richness,connectance,deficiency,complexity,distance,basal,top,generality,vulnerability,S1,S2,S4,S5
during_traits,pfim_metaweb,54,0.20713305898491083,0.9629629629629629,0.3750669865282428,2.0,42.0,0.0,21.128603588209536,2.907855814299862,0.0,0.0,0.0,0.0
post_traits,pfim_metaweb,53,0.21075115699537203,0.9622641509433962,0.4545950966510089,2.0,38.0,7.0,17.972988117917186,6.459149292213344,0.0,0.0,0.0,0.0
pre_traits,pfim_metaweb,355,0.06858163062884348,0.9859154929577465,0.49303045057612077,2.0,327.0,18.0,84.11547724157514,7.348542862323875,0.0,0.0,0.0,0.0
