id,model,richness,connectance,deficiency,complexity,distance,basal,top,generality,vulnerability,S1,S2,S4,S5
during_traits,pfim_basal,55,0.13983471074380166,0.7818181818181819,0.8893874148736532,2.0,43.0,1.0,15.018350167406597,2.6096170236456175,0.0,0.0,0.0,784.0
post_traits,pfim_basal,54,0.10905349794238683,0.7222222222222222,0.9250693211524161,2.0,39.0,8.0,10.333434773289882,3.765116283586845,108.0,111.0,43.0,688.0
pre_traits,pfim_basal,356,0.05385999242519884,0.9325842696629213,0.8136058535453918,2.0,328.0,26.0,71.71770171111511,5.923741263379727,8.0,17.0,0.0,32166.0
