id,model,richness,connectance,deficiency,complexity,distance,basal,top,generality,vulnerability,S1,S2,S4,S5
during_traits,pfim_minimum_downsample,55,0.0059504132231404955,0.9454545454545454,0.9658255971803771,2.0,47.0,44.0,1.291776632660178,0.9240519757416538,0.0,0.0,15.0,36.0
post_traits,pfim_minimum_downsample,54,0.0075445816186556925,0.9444444444444444,0.9542481403922344,2.0,43.0,44.0,1.2961265736950363,1.3249210516674728,0.0,0.0,36.0,28.0
pre_traits,pfim_minimum_downsample,356,0.011101817952278752,0.9297752808988764,0.9492865872990415,2.0,331.0,186.0,15.584227147374941,5.021696083558411,590.0,682.0,1282.0,25492.0
