id,model,richness,connectance,deficiency,complexity,distance,basal,top,generality,vulnerability,S1,S2,S4,S5
during_traits,pfim_maximal_downsample,55,0.003305785123966942,0.9636363636363636,0.929509784073622,2.0,53.0,47.0,1.020001980588293,0.4749623412326767,0.0,0.0,0.0,21.0
post_traits,pfim_maximal_downsample,54,0.0051440329218107,0.9629629629629629,0.8089711552136613,2.0,52.0,45.0,1.4329895741061258,0.6563669781935204,0.0,0.0,0.0,28.0
pre_traits,pfim_maximal_downsample,356,0.018913331650044187,0.9747191011235955,0.6675497109884275,2.0,330.0,215.0,26.852106633144437,9.222392967457514,29.0,23.0,138.0,4152.0
