id,model,richness,connectance,deficiency,complexity,distance,basal,top,generality,vulnerability,S1,S2,S4,S5
during_traits,pfim_maximal_downsample,29,0.039239001189060645,0.896551724137931,0.9056807635879858,3.0,4.0,20.0,1.2456821978060995,4.248732062384146,4.0,0.0,253.0,21.0
post_traits,pfim_maximal_downsample,25,0.0464,0.88,0.9120482103697739,2.0,9.0,15.0,1.9723082923316022,2.808914381037628,0.0,0.0,91.0,28.0
pre_traits,pfim_maximal_downsample,150,0.10484444444444445,0.9466666666666667,0.650307347088304,2.0,117.0,13.0,39.602199224856065,7.2841619737589065,0.0,0.0,146.0,3531.0
