id,model,richness,connectance,deficiency,complexity,distance,basal,top,generality,vulnerability,S1,S2,S4,S5
during_traits,pfim_maximal,55,0.009586776859504133,0.9636363636363636,0.8306480222861979,2.0,53.0,30.0,3.403998441128519,0.6340506304864004,0.0,0.0,0.0,6.0
post_traits,pfim_maximal,54,0.0102880658436214,0.9629629629629629,0.7296805766272001,2.0,52.0,26.0,3.814899621156087,0.5718776312789587,0.0,0.0,0.0,1.0
pre_traits,pfim_maximal,356,0.030307095063754577,0.9859550561797753,0.6425668452697242,2.0,327.0,180.0,38.89933557628753,11.671465075517316,0.0,0.0,108.0,5662.0
