id,model,richness,connectance,deficiency,complexity,distance,basal,top,generality,vulnerability,S1,S2,S4,S5
during_traits,pfim_trophic,11,0.1652892561983471,0.7272727272727273,0.7866711173659279,2.0,8.0,0.0,3.868285972318536,0.6030226891555273,0.0,0.0,0.0,0.0
post_traits,pfim_trophic,11,0.12396694214876033,0.7272727272727273,0.7963749520479976,2.0,8.0,3.0,2.8380531098880897,1.0269106361049412,0.0,0.0,0.0,0.0
pre_traits,pfim_trophic,35,0.08163265306122448,0.8285714285714286,0.7724353437027934,2.0,29.0,9.0,6.920314754584578,2.2115054380491603,0.0,0.0,0.0,10.0
