id,model,richness,connectance,deficiency,complexity,distance,basal,top,generality,vulnerability,S1,S2,S4,S5
during_traits,pfim,56,0.003826530612244898,0.9821428571428571,NaN,2.0,55.0,44.0,1.603567451474546,0.4140393356054125,0.0,0.0,0.0,0.0
post_traits,pfim,55,0.0049586776859504135,0.9818181818181818,NaN,2.0,54.0,40.0,2.0225995873897262,0.44946657497549464,0.0,0.0,0.0,0.0
pre_traits,pfim,357,0.0036799033338825726,0.9663865546218487,0.6828598576900451,3.0,334.0,331.0,5.037740360088901,5.023222125283563,0.0,0.0,0.0,3.0
