id,model,richness,connectance,deficiency,complexity,distance,basal,top,generality,vulnerability,S1,S2,S4,S5
during_traits,pfim_size_downsample,3,0.2222222222222222,0.3333333333333333,1.0,1.0,1.0,1.0,0.5773502691896258,0.5773502691896258,0.0,0.0,0.0,0.0
during_traits,pfim_size,3,0.2222222222222222,0.3333333333333333,1.0,1.0,1.0,1.0,0.5773502691896258,0.5773502691896258,0.0,0.0,0.0,0.0
post_traits,pfim_size_downsample,3,0.2222222222222222,0.3333333333333333,1.0,1.0,1.0,1.0,0.5773502691896258,0.5773502691896258,0.0,0.0,0.0,0.0
post_traits,pfim_size,3,0.2222222222222222,0.3333333333333333,1.0,1.0,1.0,1.0,0.5773502691896258,0.5773502691896258,0.0,0.0,0.0,0.0
pre_traits,pfim_size_downsample,25,0.6896,0.76,0.5150000183646148,1.0,1.0,1.0,9.470480452437457,5.214403129793476,0.0,0.0,0.0,0.0
pre_traits,pfim_size,25,0.704,0.88,0.5568343440130415,1.0,1.0,1.0,8.906926143924926,5.53022000767902,0.0,0.0,0.0,0.0
