id,model,richness,connectance,deficiency,complexity,distance,basal,top,generality,vulnerability,S1,S2,S4,S5
during_traits,pfim_size,54,0.029835390946502057,0.9629629629629629,0.8144659316087454,2.0,52.0,0.0,8.539401831966845,0.4920755681598856,0.0,0.0,0.0,528.0
post_traits,pfim_size,46,0.030245746691871456,0.9565217391304348,0.8694965608182826,2.0,44.0,0.0,7.22796501519408,0.49343516379516905,0.0,0.0,0.0,153.0
pre_traits,pfim_size,331,0.0741596005878004,0.9154078549848943,0.5851520563370263,2.0,302.0,0.0,80.98275207626631,6.022690471266116,0.0,0.0,1782.0,85324.0
