id,model,richness,connectance,deficiency,complexity,distance,basal,top,generality,vulnerability,S1,S2,S4,S5
during_traits,pfim_size,54,0.029835390946502057,0.9629629629629629,0.8144659316087454,2.0,52.0,0.0,8.539401831966845,0.4920755681598856,0.0,0.0,0.0,528.0
post_traits,pfim_size,53,0.022783908864364544,0.9622641509433962,0.8694965608182826,2.0,51.0,7.0,6.740687281113898,0.6609576550511252,0.0,0.0,0.0,153.0
pre_traits,pfim_size,355,0.06447133505256894,0.9211267605633803,0.585152056337026,2.0,326.0,24.0,78.43258815098118,8.479535510834886,0.0,0.0,1782.0,85324.0
