id,model,richness,connectance,deficiency,complexity,distance,basal,top,generality,vulnerability,S1,S2,S4,S5
during_traits,pfim_minimum,55,0.007933884297520661,0.9454545454545454,0.9586120964370392,2.0,42.0,44.0,1.3438975429922497,1.5487585992184834,0.0,0.0,55.0,36.0
post_traits,pfim_minimum,54,0.009945130315500686,0.9444444444444444,0.9120482103697739,2.0,38.0,44.0,1.4499572272541443,1.9783065272054043,0.0,0.0,91.0,28.0
pre_traits,pfim_minimum,356,0.022984787274334048,0.9831460674157303,0.6546673126774432,2.0,324.0,185.0,30.217946911665912,10.321744041745134,0.0,460.0,693.0,36056.0
