id,model,richness,connectance,deficiency,complexity,distance,basal,top,generality,vulnerability,S1,S2,S4,S5
during_traits,pfim_trophic_minimum,13,0.10059171597633136,0.6923076923076923,0.9304714750640146,3.0,1.0,6.0,1.031553471276484,2.42846369077981,5.0,0.0,36.0,6.0
post_traits,pfim_trophic_minimum,10,0.11,0.6,0.946879146962328,1.0,1.0,5.0,0.5676462121975466,1.852925614624973,3.0,0.0,15.0,1.0
pre_traits,pfim_trophic_minimum,24,0.08333333333333333,0.75,0.8952173362868885,3.0,1.0,6.0,2.874172848876245,3.5630958693126744,12.0,0.0,153.0,55.0
