id,model,richness,connectance,deficiency,complexity,distance,basal,top,generality,vulnerability,S1,S2,S4,S5
during_traits,pfim_maximal_downsample,34,0.03373702422145329,0.9117647058823529,0.8908016716092755,3.0,4.0,25.0,1.209366298901944,4.787182083383213,4.0,0.0,378.0,21.0
during_traits,pfim_maximal,45,0.024691358024691357,0.9333333333333333,0.8577442244705232,3.0,4.0,36.0,1.0492902844351992,5.804474066779797,4.0,0.0,741.0,21.0
post_traits,pfim_maximal_downsample,19,0.0664819944598338,0.8421052631578947,0.9209031517346148,2.0,8.0,9.0,2.2568932742737275,2.0774478269463734,1.0,0.0,36.0,28.0
post_traits,pfim_maximal,39,0.029585798816568046,0.9230769230769231,0.8703182353442789,2.0,7.0,29.0,1.5481476459314982,4.798785271396466,2.0,0.0,435.0,28.0
pre_traits,pfim_maximal_downsample,154,0.09938438185191432,0.9545454545454546,0.6757296403348062,2.0,122.0,13.0,39.106579344159194,7.547087844269679,0.0,0.0,147.0,3172.0
pre_traits,pfim_maximal,339,0.02478224171387301,0.9852507374631269,0.7590375677699192,2.0,104.0,195.0,28.70846315273225,14.74892830606972,64.0,0.0,21825.0,13944.0
