id,model,richness,connectance,deficiency,complexity,distance,basal,top,generality,vulnerability,S1,S2,S4,S5
during_traits,pfim_minimum_downsample,55,0.015206611570247934,0.9636363636363636,0.9401145515273318,2.0,53.0,11.0,4.920718241625709,0.4620259878708269,33.0,2.0,0.0,648.0
post_traits,pfim_minimum_downsample,54,0.01440329218106996,0.9629629629629629,0.9767929275346215,2.0,52.0,14.0,4.227790656652477,0.5015698625755192,0.0,0.0,0.0,91.0
pre_traits,pfim_minimum_downsample,356,0.014810314354248202,0.9269662921348315,0.9315103055354742,2.0,327.0,25.0,23.969380128230316,2.86236887255801,4813.0,684.0,1991.0,91712.0
