id,model,richness,connectance,deficiency,complexity,distance,basal,top,generality,vulnerability,S1,S2,S4,S5
during_traits,pfim_trophic_maximal,13,0.07692307692307693,0.7692307692307693,0.935986318556972,3.0,4.0,8.0,1.0,1.9578900207451218,1.0,0.0,21.0,3.0
post_traits,pfim_trophic_maximal,13,0.0650887573964497,0.7692307692307693,0.9345349839929921,2.0,4.0,9.0,0.6887372317211945,1.9513309067639728,1.0,0.0,21.0,1.0
pre_traits,pfim_trophic_maximal,37,0.03798392987582177,0.8648648648648649,0.90365165605179,3.0,15.0,21.0,2.554510819222641,2.976383520122845,4.0,0.0,141.0,57.0
