id,model,richness,connectance,deficiency,complexity,distance,basal,top,generality,vulnerability,S1,S2,S4,S5
during_traits,pfim_no_scav,56,0.01913265306122449,0.9642857142857143,0.9873072576240761,2.0,54.0,2.0,5.698028822981898,0.3745126703594155,0.0,0.0,0.0,595.0
post_traits,pfim_no_scav,55,0.015867768595041323,0.9636363636363636,0.9936177578276073,2.0,53.0,9.0,4.5989312182471656,0.4326723786023175,0.0,0.0,0.0,190.0
pre_traits,pfim_no_scav,356,0.03503345537179649,0.9887640449438202,0.7722912356665678,2.0,328.0,20.0,43.19131104262325,9.945020567483612,0.0,0.0,1188.0,78012.0
