id,model,richness,connectance,deficiency,complexity,distance,basal,top,generality,vulnerability,S1,S2,S4,S5
during_traits,pfim_trophic_minimum_downsample,3,0.2222222222222222,0.3333333333333333,1.0,1.0,1.0,1.0,0.5773502691896258,0.5773502691896258,0.0,0.0,0.0,0.0
during_traits,pfim_trophic_minimum,3,0.2222222222222222,0.3333333333333333,1.0,1.0,1.0,1.0,0.5773502691896258,0.5773502691896258,0.0,0.0,0.0,0.0
post_traits,pfim_trophic_minimum_downsample,3,0.2222222222222222,0.3333333333333333,1.0,1.0,1.0,1.0,0.5773502691896258,0.5773502691896258,0.0,0.0,0.0,0.0
post_traits,pfim_trophic_minimum,3,0.2222222222222222,0.3333333333333333,1.0,1.0,1.0,1.0,0.5773502691896258,0.5773502691896258,0.0,0.0,0.0,0.0
pre_traits,pfim_trophic_minimum_downsample,23,0.8090737240075614,0.7391304347826086,0.5019246962773036,1.0,0.0,0.0,8.521305546765934,1.1961730809233635,0.0,0.0,0.0,0.0
pre_traits,pfim_trophic_minimum,25,0.704,0.88,0.5568343440130415,1.0,1.0,1.0,8.906926143924926,5.53022000767902,0.0,0.0,0.0,0.0
