id,model,richness,connectance,deficiency,complexity,distance,basal,top,generality,vulnerability,S1,S2,S4,S5
during_traits,pfim_minimum_downsample,18,0.05555555555555555,0.8333333333333334,0.9658255971803769,2.0,10.0,7.0,2.14201664188625,1.4142135623730951,0.0,0.0,15.0,36.0
post_traits,pfim_minimum_downsample,20,0.055,0.85,0.9542481403922344,2.0,9.0,10.0,1.9708400559953587,2.023545611570262,0.0,0.0,36.0,28.0
pre_traits,pfim_minimum_downsample,171,0.04811736944700934,0.8538011695906432,0.9492865872990416,2.0,146.0,1.0,21.720430239368692,4.155864221836483,590.0,682.0,1282.0,25492.0
