id,model,richness,connectance,deficiency,complexity,distance,basal,top,generality,vulnerability,S1,S2,S4,S5
during_traits,pfim_no_scav,55,0.019834710743801654,0.9636363636363636,0.9873072576240761,2.0,53.0,1.0,5.748664022808955,0.34815531191139565,0.0,0.0,0.0,595.0
post_traits,pfim_no_scav,54,0.01646090534979424,0.9629629629629629,0.9936177578276073,2.0,52.0,8.0,4.640537813116983,0.4196434545311264,0.0,0.0,0.0,190.0
pre_traits,pfim_no_scav,355,0.03523110493949613,0.9887323943661972,0.7722912356665678,2.0,327.0,19.0,43.24717855642643,9.936910078338702,0.0,0.0,1188.0,78012.0
