id,model,richness,connectance,deficiency,complexity,distance,basal,top,generality,vulnerability,S1,S2,S4,S5
during_traits,pfim_no_scav,56,0.021045918367346938,0.9285714285714286,0.9185302065134298,3.0,1.0,44.0,1.1458564539186458,5.762282195788061,20.0,0.0,916.0,36.0
post_traits,pfim_no_scav,55,0.019834710743801654,0.9272727272727272,0.9224813250611008,1.0,8.0,44.0,1.3091236434365983,4.551242106700622,22.0,0.0,556.0,28.0
pre_traits,pfim_no_scav,356,0.024255144552455497,0.9831460674157303,0.7341394612657173,3.0,19.0,192.0,29.10556444983237,18.691304605587025,463.0,0.0,47358.0,26220.0
