id,model,richness,connectance,deficiency,complexity,distance,basal,top,generality,vulnerability,S1,S2,S4,S5
during_traits,pfim_trophic_maximal,13,0.05325443786982249,0.8461538461538461,0.8037424105974534,2.0,11.0,5.0,2.213015114597254,0.6304251719561151,0.0,0.0,0.0,0.0
post_traits,pfim_trophic_maximal,13,0.04142011834319527,0.8461538461538461,0.834630053001768,2.0,11.0,7.0,1.6641005886756874,0.6602252917735248,0.0,0.0,0.0,0.0
pre_traits,pfim_trophic_maximal,37,0.042366691015339665,0.8648648648648649,0.8666874205374346,2.0,32.0,14.0,4.494073508154567,1.4821257357919053,0.0,0.0,0.0,31.0
