id,model,richness,connectance,deficiency,complexity,distance,basal,top,generality,vulnerability,S1,S2,S4,S5
during_traits,pfim_maximal,9,0.13580246913580246,0.7777777777777778,0.9148187499685492,2.0,7.0,1.0,2.5385910352879693,0.6666666666666666,0.0,0.0,0.0,21.0
post_traits,pfim_maximal,10,0.15,0.8,0.8089711552136614,2.0,8.0,1.0,3.1710495984067415,0.7071067811865476,0.0,0.0,0.0,28.0
pre_traits,pfim_maximal,148,0.1252282688093499,0.972972972972973,0.6911930970103071,2.0,119.0,5.0,42.205911753522514,7.409697213548604,0.0,0.0,776.0,18994.0
