id,model,richness,connectance,deficiency,complexity,distance,basal,top,generality,vulnerability,S1,S2,S4,S5
during_traits,pfim_maximal_downsample,55,0.00859504132231405,0.9636363636363636,0.6429079128692391,2.0,53.0,30.0,3.3711990693198715,0.5393598899705938,0.0,0.0,0.0,0.0
post_traits,pfim_maximal_downsample,54,0.009602194787379973,0.9814814814814815,NaN,2.0,53.0,26.0,3.810317377662721,0.5043486642416058,0.0,0.0,0.0,0.0
pre_traits,pfim_maximal_downsample,356,0.0254623784875647,0.9747191011235955,0.6879141253675629,2.0,330.0,182.0,35.98933778120153,9.88518795833811,223.0,71.0,27.0,5850.0
