id,model,richness,connectance,deficiency,complexity,distance,basal,top,generality,vulnerability,S1,S2,S4,S5
during_traits,pfim_with_scav_downsample,32,0.0341796875,0.90625,0.9042575172998639,3.0,6.0,23.0,1.2790968335811872,4.23014813284434,2.0,0.0,276.0,21.0
during_traits,pfim_with_scav,45,0.024691358024691357,0.9333333333333333,0.8577442244705232,3.0,4.0,36.0,1.0492902844351992,5.804474066779797,4.0,0.0,741.0,21.0
post_traits,pfim_with_scav_downsample,28,0.04081632653061224,0.8928571428571429,0.918695717911958,2.0,8.0,18.0,1.736626907505759,3.3962319612169507,1.0,0.0,153.0,28.0
post_traits,pfim_with_scav,39,0.029585798816568046,0.9230769230769231,0.8703182353442789,2.0,7.0,29.0,1.5481476459314982,4.798785271396466,2.0,0.0,435.0,28.0
pre_traits,pfim_with_scav_downsample,152,0.10418109418282548,0.9473684210526315,0.7046449265347757,2.0,120.0,13.0,39.42222523025891,7.514616290889568,0.0,0.0,203.0,4510.0
pre_traits,pfim_with_scav,340,0.02551903114186851,0.9852941176470589,0.7739642716336039,2.0,104.0,196.0,29.112051441437885,14.98892528875291,64.0,0.0,22097.0,18994.0
