id,model,richness,connectance,deficiency,complexity,distance,basal,top,generality,vulnerability,S1,S2,S4,S5
during_traits,pfim_trophic,13,0.07692307692307693,0.8461538461538461,0.9709505944546688,2.0,11.0,2.0,2.516611478423583,0.5773502691896257,0.0,0.0,0.0,10.0
post_traits,pfim_trophic,13,0.05325443786982249,0.8461538461538461,0.9682379220145413,2.0,11.0,5.0,1.797434068545834,0.6304251719561151,0.0,0.0,0.0,3.0
pre_traits,pfim_trophic,30,0.06333333333333334,0.8333333333333334,0.8751965104595237,2.0,25.0,7.0,4.596475411322958,1.4467561813504937,0.0,0.0,0.0,49.0
