id,model,richness,connectance,deficiency,complexity,distance,basal,top,generality,vulnerability,S1,S2,S4,S5
during_traits,pfim_minimum_downsample,38,0.029085872576177285,0.8947368421052632,0.9133451018823496,3.0,5.0,27.0,1.371317647752849,4.254024953764919,10.0,0.0,337.0,37.0
post_traits,pfim_minimum_downsample,27,0.04526748971193416,0.8518518518518519,0.9527682434019713,2.0,7.0,16.0,1.867399123695705,2.4072539946735567,3.0,0.0,73.0,28.0
pre_traits,pfim_minimum_downsample,176,0.08503357438016529,0.9602272727272727,0.6993693681051731,3.0,139.0,13.0,38.87752163283674,8.378815277504659,16.0,0.0,731.0,19966.0
