id,model,richness,connectance,deficiency,complexity,distance,basal,top,generality,vulnerability,S1,S2,S4,S5
during_traits,pfim_trophic_downsample,35,0.031020408163265307,0.9142857142857143,0.887696432535423,3.0,5.0,26.0,1.1471557812932915,4.717747646615158,3.0,0.0,378.0,21.0
during_traits,pfim_trophic,45,0.024691358024691357,0.9333333333333333,0.8577442244705232,3.0,4.0,36.0,1.0492902844351992,5.804474066779797,4.0,0.0,741.0,21.0
post_traits,pfim_trophic_downsample,26,0.047337278106508875,0.8846153846153846,0.9046062758275017,2.0,7.0,16.0,1.903842268838305,3.3263516628004606,2.0,0.0,136.0,28.0
post_traits,pfim_trophic,39,0.029585798816568046,0.9230769230769231,0.8703182353442789,2.0,7.0,29.0,1.5481476459314982,4.798785271396466,2.0,0.0,435.0,28.0
pre_traits,pfim_trophic_downsample,145,0.11105826397146254,0.9517241379310345,0.6606157938558151,2.0,116.0,6.0,40.05806967840755,6.65908333065428,7.0,0.0,99.0,2488.0
pre_traits,pfim_trophic,339,0.02478224171387301,0.9852507374631269,0.7590375677699192,2.0,104.0,195.0,28.70846315273225,14.74892830606972,64.0,0.0,21825.0,13944.0
