id,model,richness,connectance,deficiency,complexity,distance,basal,top,generality,vulnerability,S1,S2,S4,S5
during_traits,pfim_with_scav_minimum_downsample,3,0.2222222222222222,0.3333333333333333,1.0,1.0,1.0,1.0,0.5773502691896258,0.5773502691896258,0.0,0.0,0.0,0.0
during_traits,pfim_with_scav_minimum,3,0.2222222222222222,0.3333333333333333,1.0,1.0,1.0,1.0,0.5773502691896258,0.5773502691896258,0.0,0.0,0.0,0.0
post_traits,pfim_with_scav_minimum_downsample,3,0.2222222222222222,0.3333333333333333,1.0,1.0,1.0,1.0,0.5773502691896258,0.5773502691896258,0.0,0.0,0.0,0.0
post_traits,pfim_with_scav_minimum,3,0.2222222222222222,0.3333333333333333,1.0,1.0,1.0,1.0,0.5773502691896258,0.5773502691896258,0.0,0.0,0.0,0.0
pre_traits,pfim_with_scav_minimum_downsample,25,0.6864,0.72,0.5117137906934804,1.0,1.0,1.0,9.581579549670641,5.185556864985669,0.0,0.0,0.0,0.0
pre_traits,pfim_with_scav_minimum,25,0.704,0.88,0.5568343440130415,1.0,1.0,1.0,8.906926143924926,5.53022000767902,0.0,0.0,0.0,0.0
