id,model,richness,connectance,deficiency,complexity,distance,basal,top,generality,vulnerability,S1,S2,S4,S5
during_traits,pfim_trophic_minimum,13,0.011834319526627219,0.9230769230769231,NaN,2.0,12.0,11.0,0.5547001962252291,0.3755338080994054,0.0,0.0,0.0,0.0
post_traits,pfim_trophic_minimum,13,0.011834319526627219,0.9230769230769231,NaN,2.0,12.0,11.0,0.5547001962252291,0.3755338080994054,0.0,0.0,0.0,0.0
pre_traits,pfim_trophic_minimum,30,0.0044444444444444444,0.9333333333333333,0.9475713327707453,2.0,28.0,27.0,0.5074162634049248,0.43417248545530474,0.0,0.0,0.0,0.0
