id,model,richness,connectance,deficiency,complexity,distance,basal,top,generality,vulnerability,S1,S2,S4,S5
during_traits,pfim_basal_minimum_downsample,3,0.2222222222222222,0.3333333333333333,1.0,1.0,1.0,1.0,0.5773502691896258,0.5773502691896258,0.0,0.0,0.0,0.0
during_traits,pfim_basal_minimum,3,0.2222222222222222,0.3333333333333333,1.0,1.0,1.0,1.0,0.5773502691896258,0.5773502691896258,0.0,0.0,0.0,0.0
post_traits,pfim_basal_minimum_downsample,3,0.2222222222222222,0.3333333333333333,1.0,1.0,1.0,1.0,0.5773502691896258,0.5773502691896258,0.0,0.0,0.0,0.0
post_traits,pfim_basal_minimum,3,0.2222222222222222,0.3333333333333333,1.0,1.0,1.0,1.0,0.5773502691896258,0.5773502691896258,0.0,0.0,0.0,0.0
pre_traits,pfim_basal_minimum_downsample,23,0.8128544423440454,0.782608695652174,0.5201624741486992,1.0,0.0,0.0,8.358092336764498,1.4281196349394558,0.0,0.0,0.0,0.0
pre_traits,pfim_basal_minimum,25,0.704,0.88,0.5568343440130415,1.0,1.0,1.0,8.906926143924926,5.53022000767902,0.0,0.0,0.0,0.0
