id,model,richness,connectance,deficiency,complexity,distance,basal,top,generality,vulnerability,S1,S2,S4,S5
during_traits,pfim_basal_maximal_downsample,35,0.03183673469387755,0.9142857142857143,0.8908016716092755,3.0,5.0,26.0,1.2071217242444348,4.720240700314716,3.0,0.0,378.0,21.0
during_traits,pfim_basal_maximal,45,0.024691358024691357,0.9333333333333333,0.8577442244705232,3.0,4.0,36.0,1.0492902844351992,5.804474066779797,4.0,0.0,741.0,21.0
post_traits,pfim_basal_maximal_downsample,24,0.050347222222222224,0.875,0.9272494326257306,2.0,7.0,14.0,1.8645238736369985,3.050005939647341,2.0,0.0,105.0,28.0
post_traits,pfim_basal_maximal,39,0.029585798816568046,0.9230769230769231,0.8703182353442789,2.0,7.0,29.0,1.5481476459314982,4.798785271396466,2.0,0.0,435.0,28.0
pre_traits,pfim_basal_maximal_downsample,150,0.10471111111111112,0.94,0.6301311662039014,2.0,122.0,7.0,39.575693622816885,7.164928252816559,0.0,0.0,116.0,3329.0
pre_traits,pfim_basal_maximal,339,0.02478224171387301,0.9852507374631269,0.7590375677699192,2.0,104.0,195.0,28.70846315273225,14.74892830606972,64.0,0.0,21825.0,13944.0
