id,model,richness,connectance,deficiency,complexity,distance,basal,top,generality,vulnerability,S1,S2,S4,S5
during_traits,pfim_trophic_minimum,13,0.10059171597633136,0.6923076923076923,0.9304714750640146,3.0,1.0,6.0,1.031553471276484,2.42846369077981,5.0,0.0,36.0,6.0
post_traits,pfim_trophic_minimum,13,0.0650887573964497,0.6923076923076923,0.9468791469623282,1.0,4.0,8.0,0.6887372317211944,1.6756169931378437,3.0,0.0,15.0,1.0
pre_traits,pfim_trophic_minimum,30,0.07,0.7666666666666667,0.8818760246055622,3.0,6.0,10.0,3.6136713588337237,3.325450449135451,25.0,11.0,153.0,135.0
