id,model,richness,connectance,deficiency,complexity,distance,basal,top,generality,vulnerability,S1,S2,S4,S5
during_traits,pfim_no_scav,54,0.2085048010973937,0.9444444444444444,0.44593871513754496,2.0,41.0,0.0,21.095635947861915,2.940832799422288,0.0,0.0,0.0,6.0
post_traits,pfim_no_scav,53,0.2114631541473834,0.9433962264150944,0.4506642808811964,2.0,37.0,7.0,17.951171475128383,6.48477059248477,0.0,0.0,0.0,1.0
pre_traits,pfim_no_scav,354,0.06767691276453126,0.9858757062146892,0.5653091397194768,2.0,323.0,18.0,83.36989430207936,7.193080639361805,0.0,0.0,108.0,612.0
