id,model,richness,connectance,deficiency,complexity,distance,basal,top,generality,vulnerability,S1,S2,S4,S5
during_traits,pfim_maximal_downsample,9,0.12345679012345678,0.7777777777777778,0.929509784073622,2.0,7.0,1.0,2.420973174388992,0.6009252125773316,0.0,0.0,0.0,21.0
post_traits,pfim_maximal_downsample,10,0.15,0.8,0.8089711552136614,2.0,8.0,1.0,3.1710495984067415,0.7071067811865476,0.0,0.0,0.0,28.0
pre_traits,pfim_maximal_downsample,146,0.11245074122724714,0.9383561643835616,0.6675497109884276,2.0,120.0,5.0,40.06490541855114,6.937908707379478,29.0,23.0,138.0,4152.0
