id,model,richness,connectance,deficiency,complexity,distance,basal,top,generality,vulnerability,S1,S2,S4,S5
during_traits,pfim_with_scav,56,0.021045918367346938,0.9285714285714286,0.9185302065134298,3.0,1.0,44.0,1.1458564539186458,5.762282195788061,20.0,0.0,916.0,36.0
post_traits,pfim_with_scav,48,0.026041666666666668,0.9166666666666666,0.9224813250611008,1.0,1.0,37.0,1.3288933165640162,4.857545129059643,22.0,0.0,556.0,28.0
pre_traits,pfim_with_scav,338,0.026907321172227862,0.9822485207100592,0.7341394612657173,3.0,1.0,174.0,29.802463922107005,19.074348553553193,463.0,0.0,47358.0,26220.0
