id,model,richness,connectance,deficiency,complexity,distance,basal,top,generality,vulnerability,S1,S2,S4,S5
during_traits,pfim_size_maximal_downsample,28,0.03826530612244898,0.8928571428571429,0.9171913758113835,3.0,6.0,19.0,1.3032316365146674,3.760699023168052,2.0,0.0,190.0,21.0
during_traits,pfim_size_maximal,45,0.024691358024691357,0.9333333333333333,0.8577442244705232,3.0,4.0,36.0,1.0492902844351992,5.804474066779797,4.0,0.0,741.0,21.0
post_traits,pfim_size_maximal_downsample,23,0.04914933837429111,0.8695652173913043,0.9441940609862279,2.0,8.0,13.0,1.8166990000869698,2.7019243618053035,1.0,0.0,78.0,28.0
post_traits,pfim_size_maximal,39,0.029585798816568046,0.9230769230769231,0.8703182353442789,2.0,7.0,29.0,1.5481476459314982,4.798785271396466,2.0,0.0,435.0,28.0
pre_traits,pfim_size_maximal_downsample,146,0.11099643460311504,0.9383561643835616,0.6347556645430721,2.0,118.0,6.0,40.05839148529594,6.8136959520631,2.0,0.0,70.0,1817.0
pre_traits,pfim_size_maximal,339,0.02478224171387301,0.9852507374631269,0.7590375677699192,2.0,104.0,195.0,28.70846315273225,14.74892830606972,64.0,0.0,21825.0,13944.0
