id,model,richness,connectance,deficiency,complexity,distance,basal,top,generality,vulnerability,S1,S2,S4,S5
during_traits,pfim_trophic_maximal,12,0.09027777777777778,0.75,0.935986318556972,3.0,3.0,7.0,0.996204919895622,2.0207259421636907,1.0,0.0,21.0,3.0
post_traits,pfim_trophic_maximal,11,0.09090909090909091,0.7272727272727273,0.9345349839929921,2.0,2.0,7.0,0.6324555320336759,2.0976176963403033,1.0,0.0,21.0,1.0
pre_traits,pfim_trophic_maximal,31,0.054110301768990635,0.8387096774193549,0.90365165605179,3.0,9.0,15.0,2.712773448879621,3.18734055051327,4.0,0.0,141.0,57.0
