id,model,richness,connectance,deficiency,complexity,distance,basal,top,generality,vulnerability,S1,S2,S4,S5
during_traits,pfim_basal,56,0.021045918367346938,0.9285714285714286,0.9185302065134298,3.0,1.0,44.0,1.1458564539186458,5.762282195788061,20.0,0.0,916.0,36.0
post_traits,pfim_basal,48,0.026041666666666668,0.9166666666666666,0.9224813250611008,1.0,1.0,37.0,1.3288933165640162,4.857545129059643,22.0,0.0,556.0,28.0
pre_traits,pfim_basal,339,0.0280105463753361,0.9793510324483776,0.7355718856860118,3.0,1.0,167.0,30.660130779510098,19.209737989307555,603.0,460.0,47358.0,36056.0
