id,model,richness,connectance,deficiency,complexity,distance,basal,top,generality,vulnerability,S1,S2,S4,S5
during_traits,pfim_maximal,55,0.0036363636363636364,0.9636363636363636,0.9148187499685495,2.0,53.0,47.0,1.078407605204527,0.5235208439728776,0.0,0.0,0.0,21.0
post_traits,pfim_maximal,54,0.0051440329218107,0.9629629629629629,0.8089711552136613,2.0,52.0,45.0,1.4329895741061258,0.6563669781935204,0.0,0.0,0.0,28.0
pre_traits,pfim_maximal,356,0.02164341623532382,0.9887640449438202,0.6911930970103072,2.0,327.0,213.0,28.658259920779827,10.31531486877184,0.0,0.0,776.0,18994.0
