id,model,richness,connectance,deficiency,complexity,distance,basal,top,generality,vulnerability,S1,S2,S4,S5
during_traits,pfim_minimum,23,0.045368620037807186,0.8695652173913043,0.9586120964370392,2.0,10.0,12.0,1.9418421635504497,2.285890732884612,0.0,0.0,55.0,36.0
post_traits,pfim_minimum,25,0.0464,0.88,0.9120482103697741,2.0,9.0,15.0,1.972308292331602,2.808914381037628,0.0,0.0,91.0,28.0
pre_traits,pfim_minimum,175,0.09511836734693878,0.9657142857142857,0.6546673126774436,2.0,143.0,4.0,41.48854116041016,8.69933089173387,0.0,460.0,693.0,36056.0
