"","Df","Sum Sq","Mean Sq","F value","Pr(>F)"
"combo",12,35295.3372834042,2941.27810695035,1765134.70791027,0
"Residuals",319211,531.907463827093,0.00166631934308997,NA,NA
