"","Df","Sum Sq","Mean Sq","F value","Pr(>F)"
"combo",12,35295.3372834452,2941.27810695376,1765134.70791254,0
"Residuals",319211,531.907463827025,0.00166631934308976,NA,NA
