Variable,LD1,LD2,LD3,LD4,LD5
connectance,40.70664952664627,24.143755903006017,2.1404456254029185,5.234144577843599,23.64363610254423
trophic_level,0.005716751242945752,-9.157300148506205e-4,0.002301881936565729,-0.03039776631368237,-0.009170034686739803
generality,-1.8879193093679776,6.6892927381148235,6.242901608297755,0.9900439829220623,6.87691734010782
vulnerability,7.866283087815406,0.9922317862891691,2.5945499926890325,1.241632860133103,4.424210867394707
S1,-2.233408010473584,-3.1985189375312544,-0.22001236413055222,2.239087016511031,8.636161510019045
S2,-3.5865497837703533,1.4763673657117267,-1.6934544622542245,-6.459176732389445,2.898633993547857
S4,0.04452851824818276,-0.6075187265878077,2.2827132143985196,0.9064732609191412,0.36293813483486925
S5,2.5723148489667764,2.5794213334746012,-3.109672038000823,4.455957790500603,-3.541451826928057
