Variable,LD1,LD2,LD3,LD4,LD5
connectance,0.7628976412814515,0.3365943143338125,-0.44158763461864464,-0.09578768034508146,0.16228679746312694
trophic_level,-0.06876387487660504,-0.1701124648017138,-0.06212257392750675,0.019914627257422785,-0.02713776662095732
generality,-0.6911368885159308,0.6096566774424205,0.3559135957944495,0.10747494769766618,0.012739532218277866
vulnerability,0.8568711827652824,-0.26192019135940126,0.35741283398271545,-0.07489255185721454,-0.00968788447900633
S1,-0.4192145198543767,-0.5599603013804736,-0.5106090313253501,0.3193042753819532,0.36674403027841124
S2,0.3792651545243271,0.6239453811138873,-0.49599516688264794,-0.2831844075785696,0.09798524545086211
S4,0.8150365851234725,0.09648474300610549,-0.12045702933084336,0.016567513395760403,0.012082967783860223
S5,0.1544401031734048,0.747825710910053,-0.5030685204037648,0.26196085308653383,-0.015770178091014293
